ISO-10303-21;
HEADER;
FILE_DESCRIPTION(('STEP AP214'),'1');
FILE_NAME('G_05_07_IK.stp','2024-10-15T09:02:46',(' '),(' '),'Spatial InterOp 3D',' ',' ');
FILE_SCHEMA(('AUTOMOTIVE_DESIGN { 1 0 10303 214 1 1 1 1 }'));
ENDSEC;
DATA;
#1=MECHANICAL_DESIGN_GEOMETRIC_PRESENTATION_REPRESENTATION(' ',(#10,#11,#12,#13,#14,#15,#16,#17,#18,#19,#20,#21,#22,#23,#24,#25,#26,#27,#28,#29,#30,#31,#32,#33,#34,#35,#36,#37,#38,#39,#40,#41,#42,#43,#44,#45,#46,#47,#48,#49,#50,#51,#52,#53,#54,#55,#56,#57,#58,#59,#60,#61,#62,#63,#64,#65,#66,#67,#68,#69,#70,#71,#72,#73,#74,#75,#76,#77,#78,#79,#80,#81,#82,#83,#84,#85,#86,#87,#88,#89,#90,#91,#92,#93,#94,#95,#96,#97,#98,#99,#100,#101,#102,#103,#104,#105,#106,#107,#108,#109,#110,#111,#112,#113,#114,#115,#116),#6);
#2=PRODUCT_DEFINITION_CONTEXT('',#117,'design');
#3=APPLICATION_PROTOCOL_DEFINITION('INTERNATIONAL STANDARD','automotive_design',1994,#117);
#4=PRODUCT_CATEGORY_RELATIONSHIP('NONE','NONE',#118,#119);
#5=SHAPE_DEFINITION_REPRESENTATION(#120,#121);
#6= (GEOMETRIC_REPRESENTATION_CONTEXT(3)GLOBAL_UNCERTAINTY_ASSIGNED_CONTEXT((#124))GLOBAL_UNIT_ASSIGNED_CONTEXT((#126,#127,#128))REPRESENTATION_CONTEXT('NONE','WORKSPACE'));
#10=STYLED_ITEM('',(#130),#131);
#11=STYLED_ITEM('',(#132),#133);
#12=STYLED_ITEM('',(#134),#135);
#13=STYLED_ITEM('',(#136),#137);
#14=STYLED_ITEM('',(#138),#139);
#15=STYLED_ITEM('',(#140),#141);
#16=STYLED_ITEM('',(#142),#143);
#17=STYLED_ITEM('',(#144),#145);
#18=STYLED_ITEM('',(#146),#147);
#19=STYLED_ITEM('',(#148),#149);
#20=STYLED_ITEM('',(#150),#151);
#21=STYLED_ITEM('',(#152),#153);
#22=STYLED_ITEM('',(#154),#155);
#23=STYLED_ITEM('',(#156),#157);
#24=STYLED_ITEM('',(#158),#159);
#25=STYLED_ITEM('',(#160),#161);
#26=STYLED_ITEM('',(#162),#163);
#27=STYLED_ITEM('',(#164),#165);
#28=STYLED_ITEM('',(#166),#167);
#29=STYLED_ITEM('',(#168),#169);
#30=STYLED_ITEM('',(#170),#171);
#31=STYLED_ITEM('',(#172),#173);
#32=STYLED_ITEM('',(#174),#175);
#33=STYLED_ITEM('',(#176),#177);
#34=STYLED_ITEM('',(#178),#179);
#35=STYLED_ITEM('',(#180),#181);
#36=STYLED_ITEM('',(#182),#183);
#37=STYLED_ITEM('',(#184),#185);
#38=STYLED_ITEM('',(#186),#187);
#39=STYLED_ITEM('',(#188),#189);
#40=STYLED_ITEM('',(#190),#191);
#41=STYLED_ITEM('',(#192),#193);
#42=STYLED_ITEM('',(#194),#195);
#43=STYLED_ITEM('',(#196),#197);
#44=STYLED_ITEM('',(#198),#199);
#45=STYLED_ITEM('',(#200),#201);
#46=STYLED_ITEM('',(#202),#203);
#47=STYLED_ITEM('',(#204),#205);
#48=STYLED_ITEM('',(#206),#207);
#49=STYLED_ITEM('',(#208),#209);
#50=STYLED_ITEM('',(#210),#211);
#51=STYLED_ITEM('',(#212),#213);
#52=STYLED_ITEM('',(#214),#215);
#53=STYLED_ITEM('',(#216),#217);
#54=STYLED_ITEM('',(#218),#219);
#55=STYLED_ITEM('',(#220),#221);
#56=STYLED_ITEM('',(#222),#223);
#57=STYLED_ITEM('',(#224),#225);
#58=STYLED_ITEM('',(#226),#227);
#59=STYLED_ITEM('',(#228),#229);
#60=STYLED_ITEM('',(#230),#231);
#61=STYLED_ITEM('',(#232),#233);
#62=STYLED_ITEM('',(#234),#235);
#63=STYLED_ITEM('',(#236),#237);
#64=STYLED_ITEM('',(#238),#239);
#65=STYLED_ITEM('',(#240),#241);
#66=STYLED_ITEM('',(#242),#243);
#67=STYLED_ITEM('',(#244),#245);
#68=STYLED_ITEM('',(#246),#247);
#69=STYLED_ITEM('',(#248),#249);
#70=STYLED_ITEM('',(#250),#251);
#71=STYLED_ITEM('',(#252),#253);
#72=STYLED_ITEM('',(#254),#255);
#73=STYLED_ITEM('',(#256),#257);
#74=STYLED_ITEM('',(#258),#259);
#75=STYLED_ITEM('',(#260),#261);
#76=STYLED_ITEM('',(#262),#263);
#77=STYLED_ITEM('',(#264),#265);
#78=STYLED_ITEM('',(#266),#267);
#79=STYLED_ITEM('',(#268),#269);
#80=STYLED_ITEM('',(#270),#271);
#81=STYLED_ITEM('',(#272),#273);
#82=STYLED_ITEM('',(#274),#275);
#83=STYLED_ITEM('',(#276),#277);
#84=STYLED_ITEM('',(#278),#279);
#85=STYLED_ITEM('',(#280),#281);
#86=STYLED_ITEM('',(#282),#283);
#87=STYLED_ITEM('',(#284),#285);
#88=STYLED_ITEM('',(#286),#287);
#89=STYLED_ITEM('',(#288),#289);
#90=STYLED_ITEM('',(#290),#291);
#91=STYLED_ITEM('',(#292),#293);
#92=STYLED_ITEM('',(#294),#295);
#93=STYLED_ITEM('',(#296),#297);
#94=STYLED_ITEM('',(#298),#299);
#95=STYLED_ITEM('',(#300),#301);
#96=STYLED_ITEM('',(#302),#303);
#97=STYLED_ITEM('',(#304),#305);
#98=STYLED_ITEM('',(#306),#307);
#99=STYLED_ITEM('',(#308),#309);
#100=STYLED_ITEM('',(#310),#311);
#101=STYLED_ITEM('',(#312),#313);
#102=STYLED_ITEM('',(#314),#315);
#103=STYLED_ITEM('',(#316),#317);
#104=STYLED_ITEM('',(#318),#319);
#105=STYLED_ITEM('',(#320),#321);
#106=STYLED_ITEM('',(#322),#323);
#107=STYLED_ITEM('',(#324),#325);
#108=STYLED_ITEM('',(#326),#327);
#109=STYLED_ITEM('',(#328),#329);
#110=STYLED_ITEM('',(#330),#331);
#111=STYLED_ITEM('',(#332),#333);
#112=STYLED_ITEM('',(#334),#335);
#113=STYLED_ITEM('',(#336),#337);
#114=STYLED_ITEM('',(#338),#339);
#115=STYLED_ITEM('',(#340),#341);
#116=STYLED_ITEM('',(#342),#343);
#117=APPLICATION_CONTEXT(' ');
#118=PRODUCT_CATEGORY('part','NONE');
#119=PRODUCT_RELATED_PRODUCT_CATEGORY('detail',' ',(#344));
#120=PRODUCT_DEFINITION_SHAPE('NONE','NONE',#345);
#121=ADVANCED_BREP_SHAPE_REPRESENTATION('1',(#343,#346),#6);
#124=UNCERTAINTY_MEASURE_WITH_UNIT(LENGTH_MEASURE(1.0E-06),#126,'','');
#126= (CONVERSION_BASED_UNIT('MILLIMETRE',#349)LENGTH_UNIT()NAMED_UNIT(#352));
#127= (NAMED_UNIT(#354)PLANE_ANGLE_UNIT()SI_UNIT($,.RADIAN.));
#128= (NAMED_UNIT(#354)SOLID_ANGLE_UNIT()SI_UNIT($,.STERADIAN.));
#130=PRESENTATION_STYLE_ASSIGNMENT((#360));
#131=ADVANCED_FACE('',(#361),#362,.T.);
#132=PRESENTATION_STYLE_ASSIGNMENT((#363));
#133=ADVANCED_FACE('',(#364),#365,.T.);
#134=PRESENTATION_STYLE_ASSIGNMENT((#366));
#135=ADVANCED_FACE('',(#367),#368,.T.);
#136=PRESENTATION_STYLE_ASSIGNMENT((#369));
#137=ADVANCED_FACE('',(#370),#371,.T.);
#138=PRESENTATION_STYLE_ASSIGNMENT((#372));
#139=ADVANCED_FACE('',(#373),#374,.T.);
#140=PRESENTATION_STYLE_ASSIGNMENT((#375));
#141=ADVANCED_FACE('',(#376),#377,.T.);
#142=PRESENTATION_STYLE_ASSIGNMENT((#378));
#143=ADVANCED_FACE('',(#379),#380,.T.);
#144=PRESENTATION_STYLE_ASSIGNMENT((#381));
#145=ADVANCED_FACE('',(#382),#383,.T.);
#146=PRESENTATION_STYLE_ASSIGNMENT((#384));
#147=ADVANCED_FACE('',(#385),#386,.T.);
#148=PRESENTATION_STYLE_ASSIGNMENT((#387));
#149=ADVANCED_FACE('',(#388),#389,.T.);
#150=PRESENTATION_STYLE_ASSIGNMENT((#390));
#151=ADVANCED_FACE('',(#391),#392,.T.);
#152=PRESENTATION_STYLE_ASSIGNMENT((#393));
#153=ADVANCED_FACE('',(#394),#395,.T.);
#154=PRESENTATION_STYLE_ASSIGNMENT((#396));
#155=ADVANCED_FACE('',(#397),#398,.T.);
#156=PRESENTATION_STYLE_ASSIGNMENT((#399));
#157=ADVANCED_FACE('',(#400),#401,.T.);
#158=PRESENTATION_STYLE_ASSIGNMENT((#402));
#159=ADVANCED_FACE('',(#403),#404,.F.);
#160=PRESENTATION_STYLE_ASSIGNMENT((#405));
#161=ADVANCED_FACE('',(#406),#407,.T.);
#162=PRESENTATION_STYLE_ASSIGNMENT((#408));
#163=ADVANCED_FACE('',(#409),#410,.F.);
#164=PRESENTATION_STYLE_ASSIGNMENT((#411));
#165=ADVANCED_FACE('',(#412),#413,.T.);
#166=PRESENTATION_STYLE_ASSIGNMENT((#414));
#167=ADVANCED_FACE('',(#415),#416,.T.);
#168=PRESENTATION_STYLE_ASSIGNMENT((#417));
#169=ADVANCED_FACE('',(#418),#419,.T.);
#170=PRESENTATION_STYLE_ASSIGNMENT((#420));
#171=ADVANCED_FACE('',(#421),#422,.F.);
#172=PRESENTATION_STYLE_ASSIGNMENT((#423));
#173=ADVANCED_FACE('',(#424),#425,.T.);
#174=PRESENTATION_STYLE_ASSIGNMENT((#426));
#175=ADVANCED_FACE('',(#427),#428,.F.);
#176=PRESENTATION_STYLE_ASSIGNMENT((#429));
#177=ADVANCED_FACE('',(#430),#431,.T.);
#178=PRESENTATION_STYLE_ASSIGNMENT((#432));
#179=ADVANCED_FACE('',(#433),#434,.F.);
#180=PRESENTATION_STYLE_ASSIGNMENT((#435));
#181=ADVANCED_FACE('',(#436),#437,.F.);
#182=PRESENTATION_STYLE_ASSIGNMENT((#438));
#183=ADVANCED_FACE('',(#439),#440,.T.);
#184=PRESENTATION_STYLE_ASSIGNMENT((#441));
#185=ADVANCED_FACE('',(#442),#443,.T.);
#186=PRESENTATION_STYLE_ASSIGNMENT((#444));
#187=ADVANCED_FACE('',(#445),#446,.F.);
#188=PRESENTATION_STYLE_ASSIGNMENT((#447));
#189=ADVANCED_FACE('',(#448),#449,.F.);
#190=PRESENTATION_STYLE_ASSIGNMENT((#450));
#191=ADVANCED_FACE('',(#451),#452,.T.);
#192=PRESENTATION_STYLE_ASSIGNMENT((#453));
#193=ADVANCED_FACE('',(#454),#455,.T.);
#194=PRESENTATION_STYLE_ASSIGNMENT((#456));
#195=ADVANCED_FACE('',(#457),#458,.T.);
#196=PRESENTATION_STYLE_ASSIGNMENT((#459));
#197=ADVANCED_FACE('',(#460),#461,.T.);
#198=PRESENTATION_STYLE_ASSIGNMENT((#462));
#199=ADVANCED_FACE('',(#463),#464,.T.);
#200=PRESENTATION_STYLE_ASSIGNMENT((#465));
#201=ADVANCED_FACE('',(#466),#467,.F.);
#202=PRESENTATION_STYLE_ASSIGNMENT((#468));
#203=ADVANCED_FACE('',(#469),#470,.T.);
#204=PRESENTATION_STYLE_ASSIGNMENT((#471));
#205=ADVANCED_FACE('',(#472),#473,.T.);
#206=PRESENTATION_STYLE_ASSIGNMENT((#474));
#207=ADVANCED_FACE('',(#475),#476,.T.);
#208=PRESENTATION_STYLE_ASSIGNMENT((#477));
#209=ADVANCED_FACE('',(#478),#479,.F.);
#210=PRESENTATION_STYLE_ASSIGNMENT((#480));
#211=ADVANCED_FACE('',(#481),#482,.T.);
#212=PRESENTATION_STYLE_ASSIGNMENT((#483));
#213=ADVANCED_FACE('',(#484),#485,.T.);
#214=PRESENTATION_STYLE_ASSIGNMENT((#486));
#215=ADVANCED_FACE('',(#487),#488,.T.);
#216=PRESENTATION_STYLE_ASSIGNMENT((#489));
#217=ADVANCED_FACE('',(#490),#491,.F.);
#218=PRESENTATION_STYLE_ASSIGNMENT((#492));
#219=ADVANCED_FACE('',(#493),#494,.F.);
#220=PRESENTATION_STYLE_ASSIGNMENT((#495));
#221=ADVANCED_FACE('',(#496),#497,.T.);
#222=PRESENTATION_STYLE_ASSIGNMENT((#498));
#223=ADVANCED_FACE('',(#499),#500,.T.);
#224=PRESENTATION_STYLE_ASSIGNMENT((#501));
#225=ADVANCED_FACE('',(#502),#503,.T.);
#226=PRESENTATION_STYLE_ASSIGNMENT((#504));
#227=ADVANCED_FACE('',(#505),#506,.T.);
#228=PRESENTATION_STYLE_ASSIGNMENT((#507));
#229=ADVANCED_FACE('',(#508),#509,.F.);
#230=PRESENTATION_STYLE_ASSIGNMENT((#510));
#231=ADVANCED_FACE('',(#511),#512,.F.);
#232=PRESENTATION_STYLE_ASSIGNMENT((#513));
#233=ADVANCED_FACE('',(#514),#515,.T.);
#234=PRESENTATION_STYLE_ASSIGNMENT((#516));
#235=ADVANCED_FACE('',(#517),#518,.T.);
#236=PRESENTATION_STYLE_ASSIGNMENT((#519));
#237=ADVANCED_FACE('',(#520,#521),#522,.T.);
#238=PRESENTATION_STYLE_ASSIGNMENT((#523));
#239=ADVANCED_FACE('',(#524),#525,.F.);
#240=PRESENTATION_STYLE_ASSIGNMENT((#526));
#241=ADVANCED_FACE('',(#527),#528,.F.);
#242=PRESENTATION_STYLE_ASSIGNMENT((#529));
#243=ADVANCED_FACE('',(#530),#531,.T.);
#244=PRESENTATION_STYLE_ASSIGNMENT((#532));
#245=ADVANCED_FACE('',(#533),#534,.T.);
#246=PRESENTATION_STYLE_ASSIGNMENT((#535));
#247=ADVANCED_FACE('',(#536),#537,.T.);
#248=PRESENTATION_STYLE_ASSIGNMENT((#538));
#249=ADVANCED_FACE('',(#539),#540,.T.);
#250=PRESENTATION_STYLE_ASSIGNMENT((#541));
#251=ADVANCED_FACE('',(#542),#543,.F.);
#252=PRESENTATION_STYLE_ASSIGNMENT((#544));
#253=ADVANCED_FACE('',(#545),#546,.F.);
#254=PRESENTATION_STYLE_ASSIGNMENT((#547));
#255=ADVANCED_FACE('',(#548),#549,.T.);
#256=PRESENTATION_STYLE_ASSIGNMENT((#550));
#257=ADVANCED_FACE('',(#551),#552,.T.);
#258=PRESENTATION_STYLE_ASSIGNMENT((#553));
#259=ADVANCED_FACE('',(#554),#555,.T.);
#260=PRESENTATION_STYLE_ASSIGNMENT((#556));
#261=ADVANCED_FACE('',(#557,#558),#559,.F.);
#262=PRESENTATION_STYLE_ASSIGNMENT((#560));
#263=ADVANCED_FACE('',(#561),#562,.F.);
#264=PRESENTATION_STYLE_ASSIGNMENT((#563));
#265=ADVANCED_FACE('',(#564),#565,.T.);
#266=PRESENTATION_STYLE_ASSIGNMENT((#566));
#267=ADVANCED_FACE('',(#567),#568,.T.);
#268=PRESENTATION_STYLE_ASSIGNMENT((#569));
#269=ADVANCED_FACE('',(#570),#571,.T.);
#270=PRESENTATION_STYLE_ASSIGNMENT((#572));
#271=ADVANCED_FACE('',(#573),#574,.F.);
#272=PRESENTATION_STYLE_ASSIGNMENT((#575));
#273=ADVANCED_FACE('',(#576),#577,.T.);
#274=PRESENTATION_STYLE_ASSIGNMENT((#578));
#275=ADVANCED_FACE('',(#579),#580,.T.);
#276=PRESENTATION_STYLE_ASSIGNMENT((#581));
#277=ADVANCED_FACE('',(#582),#583,.T.);
#278=PRESENTATION_STYLE_ASSIGNMENT((#584));
#279=ADVANCED_FACE('',(#585),#586,.T.);
#280=PRESENTATION_STYLE_ASSIGNMENT((#587));
#281=ADVANCED_FACE('',(#588),#589,.T.);
#282=PRESENTATION_STYLE_ASSIGNMENT((#590));
#283=ADVANCED_FACE('',(#591),#592,.F.);
#284=PRESENTATION_STYLE_ASSIGNMENT((#593));
#285=ADVANCED_FACE('',(#594),#595,.F.);
#286=PRESENTATION_STYLE_ASSIGNMENT((#596));
#287=ADVANCED_FACE('',(#597),#598,.T.);
#288=PRESENTATION_STYLE_ASSIGNMENT((#599));
#289=ADVANCED_FACE('',(#600),#601,.T.);
#290=PRESENTATION_STYLE_ASSIGNMENT((#602));
#291=ADVANCED_FACE('',(#603),#604,.F.);
#292=PRESENTATION_STYLE_ASSIGNMENT((#605));
#293=ADVANCED_FACE('',(#606),#607,.F.);
#294=PRESENTATION_STYLE_ASSIGNMENT((#608));
#295=ADVANCED_FACE('',(#609),#610,.T.);
#296=PRESENTATION_STYLE_ASSIGNMENT((#611));
#297=ADVANCED_FACE('',(#612),#613,.F.);
#298=PRESENTATION_STYLE_ASSIGNMENT((#614));
#299=ADVANCED_FACE('',(#615),#616,.T.);
#300=PRESENTATION_STYLE_ASSIGNMENT((#617));
#301=ADVANCED_FACE('',(#618),#619,.F.);
#302=PRESENTATION_STYLE_ASSIGNMENT((#620));
#303=ADVANCED_FACE('',(#621),#622,.T.);
#304=PRESENTATION_STYLE_ASSIGNMENT((#623));
#305=ADVANCED_FACE('',(#624),#625,.T.);
#306=PRESENTATION_STYLE_ASSIGNMENT((#626));
#307=ADVANCED_FACE('',(#627),#628,.T.);
#308=PRESENTATION_STYLE_ASSIGNMENT((#629));
#309=ADVANCED_FACE('',(#630),#631,.F.);
#310=PRESENTATION_STYLE_ASSIGNMENT((#632));
#311=ADVANCED_FACE('',(#633),#634,.T.);
#312=PRESENTATION_STYLE_ASSIGNMENT((#635));
#313=ADVANCED_FACE('',(#636),#637,.F.);
#314=PRESENTATION_STYLE_ASSIGNMENT((#638));
#315=ADVANCED_FACE('',(#639),#640,.T.);
#316=PRESENTATION_STYLE_ASSIGNMENT((#641));
#317=ADVANCED_FACE('',(#642),#643,.T.);
#318=PRESENTATION_STYLE_ASSIGNMENT((#644));
#319=ADVANCED_FACE('',(#645),#646,.T.);
#320=PRESENTATION_STYLE_ASSIGNMENT((#647));
#321=ADVANCED_FACE('',(#648),#649,.T.);
#322=PRESENTATION_STYLE_ASSIGNMENT((#650));
#323=ADVANCED_FACE('',(#651),#652,.T.);
#324=PRESENTATION_STYLE_ASSIGNMENT((#653));
#325=ADVANCED_FACE('',(#654),#655,.T.);
#326=PRESENTATION_STYLE_ASSIGNMENT((#656));
#327=ADVANCED_FACE('',(#657),#658,.T.);
#328=PRESENTATION_STYLE_ASSIGNMENT((#659));
#329=ADVANCED_FACE('',(#660),#661,.T.);
#330=PRESENTATION_STYLE_ASSIGNMENT((#662));
#331=ADVANCED_FACE('',(#663),#664,.T.);
#332=PRESENTATION_STYLE_ASSIGNMENT((#665));
#333=ADVANCED_FACE('',(#666),#667,.T.);
#334=PRESENTATION_STYLE_ASSIGNMENT((#668));
#335=ADVANCED_FACE('',(#669),#670,.T.);
#336=PRESENTATION_STYLE_ASSIGNMENT((#671));
#337=ADVANCED_FACE('',(#672),#673,.T.);
#338=PRESENTATION_STYLE_ASSIGNMENT((#674));
#339=ADVANCED_FACE('',(#675),#676,.T.);
#340=PRESENTATION_STYLE_ASSIGNMENT((#677));
#341=ADVANCED_FACE('',(#678),#679,.T.);
#342=PRESENTATION_STYLE_ASSIGNMENT((#680));
#343=MANIFOLD_SOLID_BREP('1',#681);
#344=PRODUCT('1','','PART--DESC',(#682));
#345=PRODUCT_DEFINITION('','NONE',#683,#2);
#346=AXIS2_PLACEMENT_3D('',#684,#685,#686);
#349=LENGTH_MEASURE_WITH_UNIT(LENGTH_MEASURE(1.0),#687);
#352=DIMENSIONAL_EXPONENTS(1.0,0.0,0.0,0.0,0.0,0.0,0.0);
#354=DIMENSIONAL_EXPONENTS(0.0,0.0,0.0,0.0,0.0,0.0,0.0);
#360=SURFACE_STYLE_USAGE(.BOTH.,#688);
#361=FACE_OUTER_BOUND('',#689,.T.);
#362=TOROIDAL_SURFACE('',#690,13.5,0.5);
#363=SURFACE_STYLE_USAGE(.BOTH.,#691);
#364=FACE_OUTER_BOUND('',#692,.T.);
#365=TOROIDAL_SURFACE('',#693,13.5,0.5);
#366=SURFACE_STYLE_USAGE(.BOTH.,#694);
#367=FACE_OUTER_BOUND('',#695,.T.);
#368=CONICAL_SURFACE('',#696,1.0,0.785398163397446);
#369=SURFACE_STYLE_USAGE(.BOTH.,#697);
#370=FACE_OUTER_BOUND('',#698,.T.);
#371=CONICAL_SURFACE('',#699,1.0,0.785398163397446);
#372=SURFACE_STYLE_USAGE(.BOTH.,#700);
#373=FACE_OUTER_BOUND('',#701,.T.);
#374=CYLINDRICAL_SURFACE('',#702,14.0);
#375=SURFACE_STYLE_USAGE(.BOTH.,#703);
#376=FACE_OUTER_BOUND('',#704,.T.);
#377=CYLINDRICAL_SURFACE('',#705,14.0);
#378=SURFACE_STYLE_USAGE(.BOTH.,#706);
#379=FACE_OUTER_BOUND('',#707,.T.);
#380=TOROIDAL_SURFACE('',#708,13.5,0.5);
#381=SURFACE_STYLE_USAGE(.BOTH.,#709);
#382=FACE_OUTER_BOUND('',#710,.T.);
#383=TOROIDAL_SURFACE('',#711,13.5,0.5);
#384=SURFACE_STYLE_USAGE(.BOTH.,#712);
#385=FACE_OUTER_BOUND('',#713,.T.);
#386=CONICAL_SURFACE('',#714,1.0,0.785398163397446);
#387=SURFACE_STYLE_USAGE(.BOTH.,#715);
#388=FACE_OUTER_BOUND('',#716,.T.);
#389=CONICAL_SURFACE('',#717,1.0,0.785398163397446);
#390=SURFACE_STYLE_USAGE(.BOTH.,#718);
#391=FACE_OUTER_BOUND('',#719,.T.);
#392=CYLINDRICAL_SURFACE('',#720,14.0);
#393=SURFACE_STYLE_USAGE(.BOTH.,#721);
#394=FACE_OUTER_BOUND('',#722,.T.);
#395=CYLINDRICAL_SURFACE('',#723,14.0);
#396=SURFACE_STYLE_USAGE(.BOTH.,#724);
#397=FACE_OUTER_BOUND('',#725,.T.);
#398=TOROIDAL_SURFACE('',#726,17.1472786157451,0.5);
#399=SURFACE_STYLE_USAGE(.BOTH.,#727);
#400=FACE_OUTER_BOUND('',#728,.T.);
#401=TOROIDAL_SURFACE('',#729,17.1472786157451,0.5);
#402=SURFACE_STYLE_USAGE(.BOTH.,#730);
#403=FACE_OUTER_BOUND('',#731,.T.);
#404=CONICAL_SURFACE('',#732,16.1999999999999,0.872664625997165);
#405=SURFACE_STYLE_USAGE(.BOTH.,#733);
#406=FACE_OUTER_BOUND('',#734,.T.);
#407=CONICAL_SURFACE('',#735,17.2725782333348,0.544954745406458);
#408=SURFACE_STYLE_USAGE(.BOTH.,#736);
#409=FACE_OUTER_BOUND('',#737,.T.);
#410=CONICAL_SURFACE('',#738,16.1999999999999,0.872664625997165);
#411=SURFACE_STYLE_USAGE(.BOTH.,#739);
#412=FACE_OUTER_BOUND('',#740,.T.);
#413=CONICAL_SURFACE('',#741,17.2725782333348,0.544954745406458);
#414=SURFACE_STYLE_USAGE(.BOTH.,#742);
#415=FACE_OUTER_BOUND('',#743,.T.);
#416=TOROIDAL_SURFACE('',#744,17.1472786157451,0.5);
#417=SURFACE_STYLE_USAGE(.BOTH.,#745);
#418=FACE_OUTER_BOUND('',#746,.T.);
#419=TOROIDAL_SURFACE('',#747,17.1472786157451,0.5);
#420=SURFACE_STYLE_USAGE(.BOTH.,#748);
#421=FACE_OUTER_BOUND('',#749,.T.);
#422=CONICAL_SURFACE('',#750,16.1999999999999,0.872664625997165);
#423=SURFACE_STYLE_USAGE(.BOTH.,#751);
#424=FACE_OUTER_BOUND('',#752,.T.);
#425=CONICAL_SURFACE('',#753,17.2725782333348,0.544954745406458);
#426=SURFACE_STYLE_USAGE(.BOTH.,#754);
#427=FACE_OUTER_BOUND('',#755,.T.);
#428=CONICAL_SURFACE('',#756,16.1999999999999,0.872664625997165);
#429=SURFACE_STYLE_USAGE(.BOTH.,#757);
#430=FACE_OUTER_BOUND('',#758,.T.);
#431=CONICAL_SURFACE('',#759,17.2725782333348,0.544954745406458);
#432=SURFACE_STYLE_USAGE(.BOTH.,#760);
#433=FACE_OUTER_BOUND('',#761,.T.);
#434=TOROIDAL_SURFACE('',#762,16.0,2.0);
#435=SURFACE_STYLE_USAGE(.BOTH.,#763);
#436=FACE_OUTER_BOUND('',#764,.T.);
#437=TOROIDAL_SURFACE('',#765,16.0,2.0);
#438=SURFACE_STYLE_USAGE(.BOTH.,#766);
#439=FACE_OUTER_BOUND('',#767,.T.);
#440=CONICAL_SURFACE('',#768,14.0,0.580756353567672);
#441=SURFACE_STYLE_USAGE(.BOTH.,#769);
#442=FACE_OUTER_BOUND('',#770,.T.);
#443=CONICAL_SURFACE('',#771,14.0,0.580756353567672);
#444=SURFACE_STYLE_USAGE(.BOTH.,#772);
#445=FACE_OUTER_BOUND('',#773,.T.);
#446=TOROIDAL_SURFACE('',#774,16.0,2.0);
#447=SURFACE_STYLE_USAGE(.BOTH.,#775);
#448=FACE_OUTER_BOUND('',#776,.T.);
#449=TOROIDAL_SURFACE('',#777,16.0,2.0);
#450=SURFACE_STYLE_USAGE(.BOTH.,#778);
#451=FACE_OUTER_BOUND('',#779,.T.);
#452=CONICAL_SURFACE('',#780,14.0,0.580756353567672);
#453=SURFACE_STYLE_USAGE(.BOTH.,#781);
#454=FACE_OUTER_BOUND('',#782,.T.);
#455=CONICAL_SURFACE('',#783,14.0,0.580756353567672);
#456=SURFACE_STYLE_USAGE(.BOTH.,#784);
#457=FACE_OUTER_BOUND('',#785,.T.);
#458=TOROIDAL_SURFACE('',#786,15.8,0.3);
#459=SURFACE_STYLE_USAGE(.BOTH.,#787);
#460=FACE_OUTER_BOUND('',#788,.T.);
#461=CYLINDRICAL_SURFACE('',#789,16.1);
#462=SURFACE_STYLE_USAGE(.BOTH.,#790);
#463=FACE_OUTER_BOUND('',#791,.T.);
#464=TOROIDAL_SURFACE('',#792,16.4999999999999,0.3);
#465=SURFACE_STYLE_USAGE(.BOTH.,#793);
#466=FACE_OUTER_BOUND('',#794,.T.);
#467=CYLINDRICAL_SURFACE('',#795,16.2);
#468=SURFACE_STYLE_USAGE(.BOTH.,#796);
#469=FACE_OUTER_BOUND('',#797,.T.);
#470=TOROIDAL_SURFACE('',#798,15.8,0.3);
#471=SURFACE_STYLE_USAGE(.BOTH.,#799);
#472=FACE_OUTER_BOUND('',#800,.T.);
#473=CYLINDRICAL_SURFACE('',#801,16.1);
#474=SURFACE_STYLE_USAGE(.BOTH.,#802);
#475=FACE_OUTER_BOUND('',#803,.T.);
#476=TOROIDAL_SURFACE('',#804,16.4999999999999,0.3);
#477=SURFACE_STYLE_USAGE(.BOTH.,#805);
#478=FACE_OUTER_BOUND('',#806,.T.);
#479=CYLINDRICAL_SURFACE('',#807,16.2);
#480=SURFACE_STYLE_USAGE(.BOTH.,#808);
#481=FACE_OUTER_BOUND('',#809,.T.);
#482=TOROIDAL_SURFACE('',#810,15.8,0.3);
#483=SURFACE_STYLE_USAGE(.BOTH.,#811);
#484=FACE_OUTER_BOUND('',#812,.T.);
#485=CYLINDRICAL_SURFACE('',#813,16.1);
#486=SURFACE_STYLE_USAGE(.BOTH.,#814);
#487=FACE_OUTER_BOUND('',#815,.T.);
#488=TOROIDAL_SURFACE('',#816,16.4999999999999,0.3);
#489=SURFACE_STYLE_USAGE(.BOTH.,#817);
#490=FACE_OUTER_BOUND('',#818,.T.);
#491=CYLINDRICAL_SURFACE('',#819,16.2);
#492=SURFACE_STYLE_USAGE(.BOTH.,#820);
#493=FACE_OUTER_BOUND('',#821,.T.);
#494=CYLINDRICAL_SURFACE('',#822,13.5);
#495=SURFACE_STYLE_USAGE(.BOTH.,#823);
#496=FACE_OUTER_BOUND('',#824,.T.);
#497=CYLINDRICAL_SURFACE('',#825,18.0);
#498=SURFACE_STYLE_USAGE(.BOTH.,#826);
#499=FACE_OUTER_BOUND('',#827,.T.);
#500=TOROIDAL_SURFACE('',#828,15.8,0.3);
#501=SURFACE_STYLE_USAGE(.BOTH.,#829);
#502=FACE_OUTER_BOUND('',#830,.T.);
#503=CYLINDRICAL_SURFACE('',#831,16.1);
#504=SURFACE_STYLE_USAGE(.BOTH.,#832);
#505=FACE_OUTER_BOUND('',#833,.T.);
#506=TOROIDAL_SURFACE('',#834,16.4999999999999,0.3);
#507=SURFACE_STYLE_USAGE(.BOTH.,#835);
#508=FACE_OUTER_BOUND('',#836,.T.);
#509=CYLINDRICAL_SURFACE('',#837,16.2);
#510=SURFACE_STYLE_USAGE(.BOTH.,#838);
#511=FACE_OUTER_BOUND('',#839,.T.);
#512=CYLINDRICAL_SURFACE('',#840,13.5);
#513=SURFACE_STYLE_USAGE(.BOTH.,#841);
#514=FACE_OUTER_BOUND('',#842,.T.);
#515=CYLINDRICAL_SURFACE('',#843,18.0);
#516=SURFACE_STYLE_USAGE(.BOTH.,#844);
#517=FACE_OUTER_BOUND('',#845,.T.);
#518=CYLINDRICAL_SURFACE('',#846,18.0);
#519=SURFACE_STYLE_USAGE(.BOTH.,#847);
#520=FACE_OUTER_BOUND('',#848,.T.);
#521=FACE_BOUND('',#849,.T.);
#522=PLANE('',#850);
#523=SURFACE_STYLE_USAGE(.BOTH.,#851);
#524=FACE_OUTER_BOUND('',#852,.T.);
#525=CYLINDRICAL_SURFACE('',#853,13.5);
#526=SURFACE_STYLE_USAGE(.BOTH.,#854);
#527=FACE_OUTER_BOUND('',#855,.T.);
#528=CYLINDRICAL_SURFACE('',#856,16.2);
#529=SURFACE_STYLE_USAGE(.BOTH.,#857);
#530=FACE_OUTER_BOUND('',#858,.T.);
#531=TOROIDAL_SURFACE('',#859,16.4999999999999,0.3);
#532=SURFACE_STYLE_USAGE(.BOTH.,#860);
#533=FACE_OUTER_BOUND('',#861,.T.);
#534=CYLINDRICAL_SURFACE('',#862,16.1);
#535=SURFACE_STYLE_USAGE(.BOTH.,#863);
#536=FACE_OUTER_BOUND('',#864,.T.);
#537=TOROIDAL_SURFACE('',#865,15.8,0.3);
#538=SURFACE_STYLE_USAGE(.BOTH.,#866);
#539=FACE_OUTER_BOUND('',#867,.T.);
#540=CYLINDRICAL_SURFACE('',#868,18.0);
#541=SURFACE_STYLE_USAGE(.BOTH.,#869);
#542=FACE_OUTER_BOUND('',#870,.T.);
#543=CYLINDRICAL_SURFACE('',#871,13.5);
#544=SURFACE_STYLE_USAGE(.BOTH.,#872);
#545=FACE_OUTER_BOUND('',#873,.T.);
#546=CYLINDRICAL_SURFACE('',#874,16.2);
#547=SURFACE_STYLE_USAGE(.BOTH.,#875);
#548=FACE_OUTER_BOUND('',#876,.T.);
#549=TOROIDAL_SURFACE('',#877,16.4999999999999,0.3);
#550=SURFACE_STYLE_USAGE(.BOTH.,#878);
#551=FACE_OUTER_BOUND('',#879,.T.);
#552=CYLINDRICAL_SURFACE('',#880,16.1);
#553=SURFACE_STYLE_USAGE(.BOTH.,#881);
#554=FACE_OUTER_BOUND('',#882,.T.);
#555=TOROIDAL_SURFACE('',#883,15.8,0.3);
#556=SURFACE_STYLE_USAGE(.BOTH.,#884);
#557=FACE_OUTER_BOUND('',#885,.T.);
#558=FACE_BOUND('',#886,.T.);
#559=PLANE('',#887);
#560=SURFACE_STYLE_USAGE(.BOTH.,#888);
#561=FACE_OUTER_BOUND('',#889,.T.);
#562=CYLINDRICAL_SURFACE('',#890,16.2);
#563=SURFACE_STYLE_USAGE(.BOTH.,#891);
#564=FACE_OUTER_BOUND('',#892,.T.);
#565=TOROIDAL_SURFACE('',#893,16.4999999999999,0.3);
#566=SURFACE_STYLE_USAGE(.BOTH.,#894);
#567=FACE_OUTER_BOUND('',#895,.T.);
#568=CYLINDRICAL_SURFACE('',#896,16.1);
#569=SURFACE_STYLE_USAGE(.BOTH.,#897);
#570=FACE_OUTER_BOUND('',#898,.T.);
#571=TOROIDAL_SURFACE('',#899,15.8,0.3);
#572=SURFACE_STYLE_USAGE(.BOTH.,#900);
#573=FACE_OUTER_BOUND('',#901,.T.);
#574=CYLINDRICAL_SURFACE('',#902,16.2);
#575=SURFACE_STYLE_USAGE(.BOTH.,#903);
#576=FACE_OUTER_BOUND('',#904,.T.);
#577=TOROIDAL_SURFACE('',#905,16.4999999999999,0.3);
#578=SURFACE_STYLE_USAGE(.BOTH.,#906);
#579=FACE_OUTER_BOUND('',#907,.T.);
#580=CYLINDRICAL_SURFACE('',#908,16.1);
#581=SURFACE_STYLE_USAGE(.BOTH.,#909);
#582=FACE_OUTER_BOUND('',#910,.T.);
#583=TOROIDAL_SURFACE('',#911,15.8,0.3);
#584=SURFACE_STYLE_USAGE(.BOTH.,#912);
#585=FACE_OUTER_BOUND('',#913,.T.);
#586=CONICAL_SURFACE('',#914,14.0,0.580756353567672);
#587=SURFACE_STYLE_USAGE(.BOTH.,#915);
#588=FACE_OUTER_BOUND('',#916,.T.);
#589=CONICAL_SURFACE('',#917,14.0,0.580756353567672);
#590=SURFACE_STYLE_USAGE(.BOTH.,#918);
#591=FACE_OUTER_BOUND('',#919,.T.);
#592=TOROIDAL_SURFACE('',#920,16.0,2.0);
#593=SURFACE_STYLE_USAGE(.BOTH.,#921);
#594=FACE_OUTER_BOUND('',#922,.T.);
#595=TOROIDAL_SURFACE('',#923,16.0,2.0);
#596=SURFACE_STYLE_USAGE(.BOTH.,#924);
#597=FACE_OUTER_BOUND('',#925,.T.);
#598=CONICAL_SURFACE('',#926,14.0,0.580756353567672);
#599=SURFACE_STYLE_USAGE(.BOTH.,#927);
#600=FACE_OUTER_BOUND('',#928,.T.);
#601=CONICAL_SURFACE('',#929,14.0,0.580756353567672);
#602=SURFACE_STYLE_USAGE(.BOTH.,#930);
#603=FACE_OUTER_BOUND('',#931,.T.);
#604=TOROIDAL_SURFACE('',#932,16.0,2.0);
#605=SURFACE_STYLE_USAGE(.BOTH.,#933);
#606=FACE_OUTER_BOUND('',#934,.T.);
#607=TOROIDAL_SURFACE('',#935,16.0,2.0);
#608=SURFACE_STYLE_USAGE(.BOTH.,#936);
#609=FACE_OUTER_BOUND('',#937,.T.);
#610=CONICAL_SURFACE('',#938,17.2725782333348,0.544954745406458);
#611=SURFACE_STYLE_USAGE(.BOTH.,#939);
#612=FACE_OUTER_BOUND('',#940,.T.);
#613=CONICAL_SURFACE('',#941,16.1999999999999,0.872664625997165);
#614=SURFACE_STYLE_USAGE(.BOTH.,#942);
#615=FACE_OUTER_BOUND('',#943,.T.);
#616=CONICAL_SURFACE('',#944,17.2725782333348,0.544954745406458);
#617=SURFACE_STYLE_USAGE(.BOTH.,#945);
#618=FACE_OUTER_BOUND('',#946,.T.);
#619=CONICAL_SURFACE('',#947,16.1999999999999,0.872664625997165);
#620=SURFACE_STYLE_USAGE(.BOTH.,#948);
#621=FACE_OUTER_BOUND('',#949,.T.);
#622=TOROIDAL_SURFACE('',#950,17.1472786157451,0.5);
#623=SURFACE_STYLE_USAGE(.BOTH.,#951);
#624=FACE_OUTER_BOUND('',#952,.T.);
#625=TOROIDAL_SURFACE('',#953,17.1472786157451,0.5);
#626=SURFACE_STYLE_USAGE(.BOTH.,#954);
#627=FACE_OUTER_BOUND('',#955,.T.);
#628=CONICAL_SURFACE('',#956,17.2725782333348,0.544954745406458);
#629=SURFACE_STYLE_USAGE(.BOTH.,#957);
#630=FACE_OUTER_BOUND('',#958,.T.);
#631=CONICAL_SURFACE('',#959,16.1999999999999,0.872664625997165);
#632=SURFACE_STYLE_USAGE(.BOTH.,#960);
#633=FACE_OUTER_BOUND('',#961,.T.);
#634=CONICAL_SURFACE('',#962,17.2725782333348,0.544954745406458);
#635=SURFACE_STYLE_USAGE(.BOTH.,#963);
#636=FACE_OUTER_BOUND('',#964,.T.);
#637=CONICAL_SURFACE('',#965,16.1999999999999,0.872664625997165);
#638=SURFACE_STYLE_USAGE(.BOTH.,#966);
#639=FACE_OUTER_BOUND('',#967,.T.);
#640=TOROIDAL_SURFACE('',#968,17.1472786157451,0.5);
#641=SURFACE_STYLE_USAGE(.BOTH.,#969);
#642=FACE_OUTER_BOUND('',#970,.T.);
#643=TOROIDAL_SURFACE('',#971,17.1472786157451,0.5);
#644=SURFACE_STYLE_USAGE(.BOTH.,#972);
#645=FACE_OUTER_BOUND('',#973,.T.);
#646=CYLINDRICAL_SURFACE('',#974,14.0);
#647=SURFACE_STYLE_USAGE(.BOTH.,#975);
#648=FACE_OUTER_BOUND('',#976,.T.);
#649=CYLINDRICAL_SURFACE('',#977,14.0);
#650=SURFACE_STYLE_USAGE(.BOTH.,#978);
#651=FACE_OUTER_BOUND('',#979,.T.);
#652=CONICAL_SURFACE('',#980,1.0,0.785398163397446);
#653=SURFACE_STYLE_USAGE(.BOTH.,#981);
#654=FACE_OUTER_BOUND('',#982,.T.);
#655=CONICAL_SURFACE('',#983,1.0,0.785398163397446);
#656=SURFACE_STYLE_USAGE(.BOTH.,#984);
#657=FACE_OUTER_BOUND('',#985,.T.);
#658=TOROIDAL_SURFACE('',#986,13.5,0.5);
#659=SURFACE_STYLE_USAGE(.BOTH.,#987);
#660=FACE_OUTER_BOUND('',#988,.T.);
#661=TOROIDAL_SURFACE('',#989,13.5,0.5);
#662=SURFACE_STYLE_USAGE(.BOTH.,#990);
#663=FACE_OUTER_BOUND('',#991,.T.);
#664=CYLINDRICAL_SURFACE('',#992,14.0);
#665=SURFACE_STYLE_USAGE(.BOTH.,#993);
#666=FACE_OUTER_BOUND('',#994,.T.);
#667=CYLINDRICAL_SURFACE('',#995,14.0);
#668=SURFACE_STYLE_USAGE(.BOTH.,#996);
#669=FACE_OUTER_BOUND('',#997,.T.);
#670=CONICAL_SURFACE('',#998,1.0,0.785398163397446);
#671=SURFACE_STYLE_USAGE(.BOTH.,#999);
#672=FACE_OUTER_BOUND('',#1000,.T.);
#673=CONICAL_SURFACE('',#1001,1.0,0.785398163397446);
#674=SURFACE_STYLE_USAGE(.BOTH.,#1002);
#675=FACE_OUTER_BOUND('',#1003,.T.);
#676=TOROIDAL_SURFACE('',#1004,13.5,0.5);
#677=SURFACE_STYLE_USAGE(.BOTH.,#1005);
#678=FACE_OUTER_BOUND('',#1006,.T.);
#679=TOROIDAL_SURFACE('',#1007,13.5,0.5);
#680=SURFACE_STYLE_USAGE(.BOTH.,#1008);
#681=CLOSED_SHELL('',(#131,#133,#135,#137,#139,#141,#143,#145,#147,#149,#151,#153,#155,#157,#159,#161,#163,#165,#167,#169,#171,#173,#175,#177,#179,#181,#183,#185,#187,#189,#191,#193,#195,#197,#199,#201,#203,#205,#207,#209,#211,#213,#215,#217,#219,#221,#223,#225,#227,#229,#231,#233,#235,#237,#239,#241,#243,#245,#247,#249,#251,#253,#255,#257,#259,#261,#263,#265,#267,#269,#271,#273,#275,#277,#279,#281,#283,#285,#287,#289,#291,#293,#295,#297,#299,#301,#303,#305,#307,#309,#311,#313,#315,#317,#319,#321,#323,#325,#327,#329,#331,#333,#335,#337,#339,#341));
#682=PRODUCT_CONTEXT('',#117,'mechanical');
#683=PRODUCT_DEFINITION_FORMATION_WITH_SPECIFIED_SOURCE(' ','NONE',#344,.NOT_KNOWN.);
#684=CARTESIAN_POINT('',(0.0,0.0,0.0));
#685=DIRECTION('',(0.0,0.0,1.0));
#686=DIRECTION('',(1.0,0.0,0.0));
#687= (NAMED_UNIT(#352)LENGTH_UNIT()SI_UNIT(.MILLI.,.METRE.));
#688=SURFACE_SIDE_STYLE('',(#1010));
#689=EDGE_LOOP('',(#1011,#1012,#1013,#1014,#1015,#1016));
#690=AXIS2_PLACEMENT_3D('',#1017,#1018,#1019);
#691=SURFACE_SIDE_STYLE('',(#1020));
#692=EDGE_LOOP('',(#1021,#1022,#1023,#1024,#1025,#1026));
#693=AXIS2_PLACEMENT_3D('',#1027,#1028,#1029);
#694=SURFACE_SIDE_STYLE('',(#1030));
#695=EDGE_LOOP('',(#1031,#1032,#1033,#1034));
#696=AXIS2_PLACEMENT_3D('',#1035,#1036,#1037);
#697=SURFACE_SIDE_STYLE('',(#1038));
#698=EDGE_LOOP('',(#1039,#1040,#1041,#1042));
#699=AXIS2_PLACEMENT_3D('',#1043,#1044,#1045);
#700=SURFACE_SIDE_STYLE('',(#1046));
#701=EDGE_LOOP('',(#1047,#1048,#1049,#1050,#1051,#1052));
#702=AXIS2_PLACEMENT_3D('',#1053,#1054,#1055);
#703=SURFACE_SIDE_STYLE('',(#1056));
#704=EDGE_LOOP('',(#1057,#1058,#1059,#1060,#1061));
#705=AXIS2_PLACEMENT_3D('',#1062,#1063,#1064);
#706=SURFACE_SIDE_STYLE('',(#1065));
#707=EDGE_LOOP('',(#1066,#1067,#1068,#1069,#1070,#1071));
#708=AXIS2_PLACEMENT_3D('',#1072,#1073,#1074);
#709=SURFACE_SIDE_STYLE('',(#1075));
#710=EDGE_LOOP('',(#1076,#1077,#1078,#1079,#1080,#1081));
#711=AXIS2_PLACEMENT_3D('',#1082,#1083,#1084);
#712=SURFACE_SIDE_STYLE('',(#1085));
#713=EDGE_LOOP('',(#1086,#1087,#1088,#1089));
#714=AXIS2_PLACEMENT_3D('',#1090,#1091,#1092);
#715=SURFACE_SIDE_STYLE('',(#1093));
#716=EDGE_LOOP('',(#1094,#1095,#1096,#1097));
#717=AXIS2_PLACEMENT_3D('',#1098,#1099,#1100);
#718=SURFACE_SIDE_STYLE('',(#1101));
#719=EDGE_LOOP('',(#1102,#1103,#1104,#1105));
#720=AXIS2_PLACEMENT_3D('',#1106,#1107,#1108);
#721=SURFACE_SIDE_STYLE('',(#1109));
#722=EDGE_LOOP('',(#1110,#1111,#1112,#1113,#1114));
#723=AXIS2_PLACEMENT_3D('',#1115,#1116,#1117);
#724=SURFACE_SIDE_STYLE('',(#1118));
#725=EDGE_LOOP('',(#1119,#1120,#1121,#1122,#1123,#1124));
#726=AXIS2_PLACEMENT_3D('',#1125,#1126,#1127);
#727=SURFACE_SIDE_STYLE('',(#1128));
#728=EDGE_LOOP('',(#1129,#1130,#1131,#1132,#1133,#1134));
#729=AXIS2_PLACEMENT_3D('',#1135,#1136,#1137);
#730=SURFACE_SIDE_STYLE('',(#1138));
#731=EDGE_LOOP('',(#1139,#1140,#1141,#1142,#1143));
#732=AXIS2_PLACEMENT_3D('',#1144,#1145,#1146);
#733=SURFACE_SIDE_STYLE('',(#1147));
#734=EDGE_LOOP('',(#1148,#1149,#1150,#1151));
#735=AXIS2_PLACEMENT_3D('',#1152,#1153,#1154);
#736=SURFACE_SIDE_STYLE('',(#1155));
#737=EDGE_LOOP('',(#1156,#1157,#1158,#1159,#1160,#1161));
#738=AXIS2_PLACEMENT_3D('',#1162,#1163,#1164);
#739=SURFACE_SIDE_STYLE('',(#1165));
#740=EDGE_LOOP('',(#1166,#1167,#1168,#1169));
#741=AXIS2_PLACEMENT_3D('',#1170,#1171,#1172);
#742=SURFACE_SIDE_STYLE('',(#1173));
#743=EDGE_LOOP('',(#1174,#1175,#1176,#1177,#1178,#1179));
#744=AXIS2_PLACEMENT_3D('',#1180,#1181,#1182);
#745=SURFACE_SIDE_STYLE('',(#1183));
#746=EDGE_LOOP('',(#1184,#1185,#1186,#1187,#1188,#1189));
#747=AXIS2_PLACEMENT_3D('',#1190,#1191,#1192);
#748=SURFACE_SIDE_STYLE('',(#1193));
#749=EDGE_LOOP('',(#1194,#1195,#1196,#1197,#1198));
#750=AXIS2_PLACEMENT_3D('',#1199,#1200,#1201);
#751=SURFACE_SIDE_STYLE('',(#1202));
#752=EDGE_LOOP('',(#1203,#1204,#1205,#1206,#1207));
#753=AXIS2_PLACEMENT_3D('',#1208,#1209,#1210);
#754=SURFACE_SIDE_STYLE('',(#1211));
#755=EDGE_LOOP('',(#1212,#1213,#1214,#1215));
#756=AXIS2_PLACEMENT_3D('',#1216,#1217,#1218);
#757=SURFACE_SIDE_STYLE('',(#1219));
#758=EDGE_LOOP('',(#1220,#1221,#1222,#1223,#1224));
#759=AXIS2_PLACEMENT_3D('',#1225,#1226,#1227);
#760=SURFACE_SIDE_STYLE('',(#1228));
#761=EDGE_LOOP('',(#1229,#1230,#1231,#1232,#1233,#1234));
#762=AXIS2_PLACEMENT_3D('',#1235,#1236,#1237);
#763=SURFACE_SIDE_STYLE('',(#1238));
#764=EDGE_LOOP('',(#1239,#1240,#1241,#1242,#1243,#1244));
#765=AXIS2_PLACEMENT_3D('',#1245,#1246,#1247);
#766=SURFACE_SIDE_STYLE('',(#1248));
#767=EDGE_LOOP('',(#1249,#1250,#1251,#1252,#1253));
#768=AXIS2_PLACEMENT_3D('',#1254,#1255,#1256);
#769=SURFACE_SIDE_STYLE('',(#1257));
#770=EDGE_LOOP('',(#1258,#1259,#1260,#1261,#1262));
#771=AXIS2_PLACEMENT_3D('',#1263,#1264,#1265);
#772=SURFACE_SIDE_STYLE('',(#1266));
#773=EDGE_LOOP('',(#1267,#1268,#1269,#1270,#1271,#1272));
#774=AXIS2_PLACEMENT_3D('',#1273,#1274,#1275);
#775=SURFACE_SIDE_STYLE('',(#1276));
#776=EDGE_LOOP('',(#1277,#1278,#1279,#1280,#1281,#1282));
#777=AXIS2_PLACEMENT_3D('',#1283,#1284,#1285);
#778=SURFACE_SIDE_STYLE('',(#1286));
#779=EDGE_LOOP('',(#1287,#1288,#1289,#1290));
#780=AXIS2_PLACEMENT_3D('',#1291,#1292,#1293);
#781=SURFACE_SIDE_STYLE('',(#1294));
#782=EDGE_LOOP('',(#1295,#1296,#1297,#1298,#1299,#1300));
#783=AXIS2_PLACEMENT_3D('',#1301,#1302,#1303);
#784=SURFACE_SIDE_STYLE('',(#1304));
#785=EDGE_LOOP('',(#1305,#1306,#1307,#1308,#1309,#1310));
#786=AXIS2_PLACEMENT_3D('',#1311,#1312,#1313);
#787=SURFACE_SIDE_STYLE('',(#1314));
#788=EDGE_LOOP('',(#1315,#1316,#1317,#1318));
#789=AXIS2_PLACEMENT_3D('',#1319,#1320,#1321);
#790=SURFACE_SIDE_STYLE('',(#1322));
#791=EDGE_LOOP('',(#1323,#1324,#1325,#1326,#1327,#1328));
#792=AXIS2_PLACEMENT_3D('',#1329,#1330,#1331);
#793=SURFACE_SIDE_STYLE('',(#1332));
#794=EDGE_LOOP('',(#1333,#1334,#1335,#1336));
#795=AXIS2_PLACEMENT_3D('',#1337,#1338,#1339);
#796=SURFACE_SIDE_STYLE('',(#1340));
#797=EDGE_LOOP('',(#1341,#1342,#1343,#1344));
#798=AXIS2_PLACEMENT_3D('',#1345,#1346,#1347);
#799=SURFACE_SIDE_STYLE('',(#1348));
#800=EDGE_LOOP('',(#1349,#1350,#1351,#1352));
#801=AXIS2_PLACEMENT_3D('',#1353,#1354,#1355);
#802=SURFACE_SIDE_STYLE('',(#1356));
#803=EDGE_LOOP('',(#1357,#1358,#1359,#1360));
#804=AXIS2_PLACEMENT_3D('',#1361,#1362,#1363);
#805=SURFACE_SIDE_STYLE('',(#1364));
#806=EDGE_LOOP('',(#1365,#1366,#1367,#1368));
#807=AXIS2_PLACEMENT_3D('',#1369,#1370,#1371);
#808=SURFACE_SIDE_STYLE('',(#1372));
#809=EDGE_LOOP('',(#1373,#1374,#1375,#1376));
#810=AXIS2_PLACEMENT_3D('',#1377,#1378,#1379);
#811=SURFACE_SIDE_STYLE('',(#1380));
#812=EDGE_LOOP('',(#1381,#1382,#1383,#1384));
#813=AXIS2_PLACEMENT_3D('',#1385,#1386,#1387);
#814=SURFACE_SIDE_STYLE('',(#1388));
#815=EDGE_LOOP('',(#1389,#1390,#1391,#1392));
#816=AXIS2_PLACEMENT_3D('',#1393,#1394,#1395);
#817=SURFACE_SIDE_STYLE('',(#1396));
#818=EDGE_LOOP('',(#1397,#1398,#1399,#1400));
#819=AXIS2_PLACEMENT_3D('',#1401,#1402,#1403);
#820=SURFACE_SIDE_STYLE('',(#1404));
#821=EDGE_LOOP('',(#1405,#1406,#1407,#1408));
#822=AXIS2_PLACEMENT_3D('',#1409,#1410,#1411);
#823=SURFACE_SIDE_STYLE('',(#1412));
#824=EDGE_LOOP('',(#1413,#1414,#1415,#1416));
#825=AXIS2_PLACEMENT_3D('',#1417,#1418,#1419);
#826=SURFACE_SIDE_STYLE('',(#1420));
#827=EDGE_LOOP('',(#1421,#1422,#1423,#1424,#1425,#1426));
#828=AXIS2_PLACEMENT_3D('',#1427,#1428,#1429);
#829=SURFACE_SIDE_STYLE('',(#1430));
#830=EDGE_LOOP('',(#1431,#1432,#1433,#1434));
#831=AXIS2_PLACEMENT_3D('',#1435,#1436,#1437);
#832=SURFACE_SIDE_STYLE('',(#1438));
#833=EDGE_LOOP('',(#1439,#1440,#1441,#1442,#1443,#1444));
#834=AXIS2_PLACEMENT_3D('',#1445,#1446,#1447);
#835=SURFACE_SIDE_STYLE('',(#1448));
#836=EDGE_LOOP('',(#1449,#1450,#1451,#1452));
#837=AXIS2_PLACEMENT_3D('',#1453,#1454,#1455);
#838=SURFACE_SIDE_STYLE('',(#1456));
#839=EDGE_LOOP('',(#1457,#1458,#1459,#1460));
#840=AXIS2_PLACEMENT_3D('',#1461,#1462,#1463);
#841=SURFACE_SIDE_STYLE('',(#1464));
#842=EDGE_LOOP('',(#1465,#1466,#1467,#1468));
#843=AXIS2_PLACEMENT_3D('',#1469,#1470,#1471);
#844=SURFACE_SIDE_STYLE('',(#1472));
#845=EDGE_LOOP('',(#1473,#1474,#1475,#1476));
#846=AXIS2_PLACEMENT_3D('',#1477,#1478,#1479);
#847=SURFACE_SIDE_STYLE('',(#1480));
#848=EDGE_LOOP('',(#1481,#1482,#1483,#1484));
#849=EDGE_LOOP('',(#1485,#1486,#1487,#1488));
#850=AXIS2_PLACEMENT_3D('',#1489,#1490,#1491);
#851=SURFACE_SIDE_STYLE('',(#1492));
#852=EDGE_LOOP('',(#1493,#1494,#1495,#1496));
#853=AXIS2_PLACEMENT_3D('',#1497,#1498,#1499);
#854=SURFACE_SIDE_STYLE('',(#1500));
#855=EDGE_LOOP('',(#1501,#1502,#1503,#1504,#1505));
#856=AXIS2_PLACEMENT_3D('',#1506,#1507,#1508);
#857=SURFACE_SIDE_STYLE('',(#1509));
#858=EDGE_LOOP('',(#1510,#1511,#1512,#1513));
#859=AXIS2_PLACEMENT_3D('',#1514,#1515,#1516);
#860=SURFACE_SIDE_STYLE('',(#1517));
#861=EDGE_LOOP('',(#1518,#1519,#1520,#1521,#1522));
#862=AXIS2_PLACEMENT_3D('',#1523,#1524,#1525);
#863=SURFACE_SIDE_STYLE('',(#1526));
#864=EDGE_LOOP('',(#1527,#1528,#1529,#1530));
#865=AXIS2_PLACEMENT_3D('',#1531,#1532,#1533);
#866=SURFACE_SIDE_STYLE('',(#1534));
#867=EDGE_LOOP('',(#1535,#1536,#1537,#1538));
#868=AXIS2_PLACEMENT_3D('',#1539,#1540,#1541);
#869=SURFACE_SIDE_STYLE('',(#1542));
#870=EDGE_LOOP('',(#1543,#1544,#1545,#1546));
#871=AXIS2_PLACEMENT_3D('',#1547,#1548,#1549);
#872=SURFACE_SIDE_STYLE('',(#1550));
#873=EDGE_LOOP('',(#1551,#1552,#1553,#1554,#1555));
#874=AXIS2_PLACEMENT_3D('',#1556,#1557,#1558);
#875=SURFACE_SIDE_STYLE('',(#1559));
#876=EDGE_LOOP('',(#1560,#1561,#1562,#1563,#1564,#1565));
#877=AXIS2_PLACEMENT_3D('',#1566,#1567,#1568);
#878=SURFACE_SIDE_STYLE('',(#1569));
#879=EDGE_LOOP('',(#1570,#1571,#1572,#1573,#1574));
#880=AXIS2_PLACEMENT_3D('',#1575,#1576,#1577);
#881=SURFACE_SIDE_STYLE('',(#1578));
#882=EDGE_LOOP('',(#1579,#1580,#1581,#1582,#1583,#1584));
#883=AXIS2_PLACEMENT_3D('',#1585,#1586,#1587);
#884=SURFACE_SIDE_STYLE('',(#1588));
#885=EDGE_LOOP('',(#1589,#1590,#1591,#1592));
#886=EDGE_LOOP('',(#1593,#1594,#1595,#1596));
#887=AXIS2_PLACEMENT_3D('',#1597,#1598,#1599);
#888=SURFACE_SIDE_STYLE('',(#1600));
#889=EDGE_LOOP('',(#1601,#1602,#1603,#1604,#1605));
#890=AXIS2_PLACEMENT_3D('',#1606,#1607,#1608);
#891=SURFACE_SIDE_STYLE('',(#1609));
#892=EDGE_LOOP('',(#1610,#1611,#1612,#1613,#1614,#1615));
#893=AXIS2_PLACEMENT_3D('',#1616,#1617,#1618);
#894=SURFACE_SIDE_STYLE('',(#1619));
#895=EDGE_LOOP('',(#1620,#1621,#1622,#1623,#1624));
#896=AXIS2_PLACEMENT_3D('',#1625,#1626,#1627);
#897=SURFACE_SIDE_STYLE('',(#1628));
#898=EDGE_LOOP('',(#1629,#1630,#1631,#1632,#1633,#1634));
#899=AXIS2_PLACEMENT_3D('',#1635,#1636,#1637);
#900=SURFACE_SIDE_STYLE('',(#1638));
#901=EDGE_LOOP('',(#1639,#1640,#1641,#1642,#1643));
#902=AXIS2_PLACEMENT_3D('',#1644,#1645,#1646);
#903=SURFACE_SIDE_STYLE('',(#1647));
#904=EDGE_LOOP('',(#1648,#1649,#1650,#1651));
#905=AXIS2_PLACEMENT_3D('',#1652,#1653,#1654);
#906=SURFACE_SIDE_STYLE('',(#1655));
#907=EDGE_LOOP('',(#1656,#1657,#1658,#1659,#1660));
#908=AXIS2_PLACEMENT_3D('',#1661,#1662,#1663);
#909=SURFACE_SIDE_STYLE('',(#1664));
#910=EDGE_LOOP('',(#1665,#1666,#1667,#1668));
#911=AXIS2_PLACEMENT_3D('',#1669,#1670,#1671);
#912=SURFACE_SIDE_STYLE('',(#1672));
#913=EDGE_LOOP('',(#1673,#1674,#1675,#1676));
#914=AXIS2_PLACEMENT_3D('',#1677,#1678,#1679);
#915=SURFACE_SIDE_STYLE('',(#1680));
#916=EDGE_LOOP('',(#1681,#1682,#1683,#1684,#1685,#1686));
#917=AXIS2_PLACEMENT_3D('',#1687,#1688,#1689);
#918=SURFACE_SIDE_STYLE('',(#1690));
#919=EDGE_LOOP('',(#1691,#1692,#1693,#1694));
#920=AXIS2_PLACEMENT_3D('',#1695,#1696,#1697);
#921=SURFACE_SIDE_STYLE('',(#1698));
#922=EDGE_LOOP('',(#1699,#1700,#1701,#1702));
#923=AXIS2_PLACEMENT_3D('',#1703,#1704,#1705);
#924=SURFACE_SIDE_STYLE('',(#1706));
#925=EDGE_LOOP('',(#1707,#1708,#1709,#1710,#1711));
#926=AXIS2_PLACEMENT_3D('',#1712,#1713,#1714);
#927=SURFACE_SIDE_STYLE('',(#1715));
#928=EDGE_LOOP('',(#1716,#1717,#1718,#1719,#1720));
#929=AXIS2_PLACEMENT_3D('',#1721,#1722,#1723);
#930=SURFACE_SIDE_STYLE('',(#1724));
#931=EDGE_LOOP('',(#1725,#1726,#1727,#1728));
#932=AXIS2_PLACEMENT_3D('',#1729,#1730,#1731);
#933=SURFACE_SIDE_STYLE('',(#1732));
#934=EDGE_LOOP('',(#1733,#1734,#1735,#1736));
#935=AXIS2_PLACEMENT_3D('',#1737,#1738,#1739);
#936=SURFACE_SIDE_STYLE('',(#1740));
#937=EDGE_LOOP('',(#1741,#1742,#1743,#1744));
#938=AXIS2_PLACEMENT_3D('',#1745,#1746,#1747);
#939=SURFACE_SIDE_STYLE('',(#1748));
#940=EDGE_LOOP('',(#1749,#1750,#1751,#1752,#1753,#1754));
#941=AXIS2_PLACEMENT_3D('',#1755,#1756,#1757);
#942=SURFACE_SIDE_STYLE('',(#1758));
#943=EDGE_LOOP('',(#1759,#1760,#1761,#1762));
#944=AXIS2_PLACEMENT_3D('',#1763,#1764,#1765);
#945=SURFACE_SIDE_STYLE('',(#1766));
#946=EDGE_LOOP('',(#1767,#1768,#1769,#1770,#1771));
#947=AXIS2_PLACEMENT_3D('',#1772,#1773,#1774);
#948=SURFACE_SIDE_STYLE('',(#1775));
#949=EDGE_LOOP('',(#1776,#1777,#1778,#1779));
#950=AXIS2_PLACEMENT_3D('',#1780,#1781,#1782);
#951=SURFACE_SIDE_STYLE('',(#1783));
#952=EDGE_LOOP('',(#1784,#1785,#1786,#1787));
#953=AXIS2_PLACEMENT_3D('',#1788,#1789,#1790);
#954=SURFACE_SIDE_STYLE('',(#1791));
#955=EDGE_LOOP('',(#1792,#1793,#1794,#1795,#1796));
#956=AXIS2_PLACEMENT_3D('',#1797,#1798,#1799);
#957=SURFACE_SIDE_STYLE('',(#1800));
#958=EDGE_LOOP('',(#1801,#1802,#1803,#1804));
#959=AXIS2_PLACEMENT_3D('',#1805,#1806,#1807);
#960=SURFACE_SIDE_STYLE('',(#1808));
#961=EDGE_LOOP('',(#1809,#1810,#1811,#1812,#1813));
#962=AXIS2_PLACEMENT_3D('',#1814,#1815,#1816);
#963=SURFACE_SIDE_STYLE('',(#1817));
#964=EDGE_LOOP('',(#1818,#1819,#1820,#1821,#1822));
#965=AXIS2_PLACEMENT_3D('',#1823,#1824,#1825);
#966=SURFACE_SIDE_STYLE('',(#1826));
#967=EDGE_LOOP('',(#1827,#1828,#1829,#1830));
#968=AXIS2_PLACEMENT_3D('',#1831,#1832,#1833);
#969=SURFACE_SIDE_STYLE('',(#1834));
#970=EDGE_LOOP('',(#1835,#1836,#1837,#1838));
#971=AXIS2_PLACEMENT_3D('',#1839,#1840,#1841);
#972=SURFACE_SIDE_STYLE('',(#1842));
#973=EDGE_LOOP('',(#1843,#1844,#1845,#1846,#1847));
#974=AXIS2_PLACEMENT_3D('',#1848,#1849,#1850);
#975=SURFACE_SIDE_STYLE('',(#1851));
#976=EDGE_LOOP('',(#1852,#1853,#1854,#1855,#1856,#1857));
#977=AXIS2_PLACEMENT_3D('',#1858,#1859,#1860);
#978=SURFACE_SIDE_STYLE('',(#1861));
#979=EDGE_LOOP('',(#1862,#1863,#1864,#1865,#1866));
#980=AXIS2_PLACEMENT_3D('',#1867,#1868,#1869);
#981=SURFACE_SIDE_STYLE('',(#1870));
#982=EDGE_LOOP('',(#1871,#1872,#1873,#1874,#1875));
#983=AXIS2_PLACEMENT_3D('',#1876,#1877,#1878);
#984=SURFACE_SIDE_STYLE('',(#1879));
#985=EDGE_LOOP('',(#1880,#1881,#1882,#1883));
#986=AXIS2_PLACEMENT_3D('',#1884,#1885,#1886);
#987=SURFACE_SIDE_STYLE('',(#1887));
#988=EDGE_LOOP('',(#1888,#1889,#1890,#1891));
#989=AXIS2_PLACEMENT_3D('',#1892,#1893,#1894);
#990=SURFACE_SIDE_STYLE('',(#1895));
#991=EDGE_LOOP('',(#1896,#1897,#1898,#1899,#1900));
#992=AXIS2_PLACEMENT_3D('',#1901,#1902,#1903);
#993=SURFACE_SIDE_STYLE('',(#1904));
#994=EDGE_LOOP('',(#1905,#1906,#1907,#1908));
#995=AXIS2_PLACEMENT_3D('',#1909,#1910,#1911);
#996=SURFACE_SIDE_STYLE('',(#1912));
#997=EDGE_LOOP('',(#1913,#1914,#1915,#1916,#1917));
#998=AXIS2_PLACEMENT_3D('',#1918,#1919,#1920);
#999=SURFACE_SIDE_STYLE('',(#1921));
#1000=EDGE_LOOP('',(#1922,#1923,#1924,#1925,#1926));
#1001=AXIS2_PLACEMENT_3D('',#1927,#1928,#1929);
#1002=SURFACE_SIDE_STYLE('',(#1930));
#1003=EDGE_LOOP('',(#1931,#1932,#1933,#1934));
#1004=AXIS2_PLACEMENT_3D('',#1935,#1936,#1937);
#1005=SURFACE_SIDE_STYLE('',(#1938));
#1006=EDGE_LOOP('',(#1939,#1940,#1941,#1942));
#1007=AXIS2_PLACEMENT_3D('',#1943,#1944,#1945);
#1008=SURFACE_SIDE_STYLE('',(#1946));
#1010=SURFACE_STYLE_FILL_AREA(#1947);
#1011=ORIENTED_EDGE('',*,*,#1948,.F.);
#1012=ORIENTED_EDGE('',*,*,#1949,.T.);
#1013=ORIENTED_EDGE('',*,*,#1950,.T.);
#1014=ORIENTED_EDGE('',*,*,#1951,.F.);
#1015=ORIENTED_EDGE('',*,*,#1952,.F.);
#1016=ORIENTED_EDGE('',*,*,#1953,.F.);
#1017=CARTESIAN_POINT('',(4.88498130835069E-15,6.21724893790088E-15,-19.7928932188135));
#1018=DIRECTION('',(-2.65362051553334E-17,1.62644281910769E-15,-1.0));
#1019=DIRECTION('',(-0.929783692538971,0.36810635024215,6.23376860834581E-16));
#1020=SURFACE_STYLE_FILL_AREA(#1954);
#1021=ORIENTED_EDGE('',*,*,#1955,.F.);
#1022=ORIENTED_EDGE('',*,*,#1956,.T.);
#1023=ORIENTED_EDGE('',*,*,#1957,.T.);
#1024=ORIENTED_EDGE('',*,*,#1958,.F.);
#1025=ORIENTED_EDGE('',*,*,#1959,.F.);
#1026=ORIENTED_EDGE('',*,*,#1960,.F.);
#1027=CARTESIAN_POINT('',(1.33226762955019E-15,-5.32907051820075E-15,-19.7928932188134));
#1028=DIRECTION('',(3.71428289423922E-17,3.57817420203693E-15,-1.0));
#1029=DIRECTION('',(0.96858437827672,-0.248685146637872,-8.53862812250797E-16));
#1030=SURFACE_STYLE_FILL_AREA(#1961);
#1031=ORIENTED_EDGE('',*,*,#1962,.F.);
#1032=ORIENTED_EDGE('',*,*,#1963,.T.);
#1033=ORIENTED_EDGE('',*,*,#1964,.F.);
#1034=ORIENTED_EDGE('',*,*,#1950,.F.);
#1035=CARTESIAN_POINT('',(-3.81916720471057E-14,2.66453525910039E-14,-33.0000000000001));
#1036=DIRECTION('',(8.85859603629298E-31,-1.77635683940025E-15,1.0));
#1037=DIRECTION('',(-1.0,-4.98694622600935E-16,0.0));
#1038=SURFACE_STYLE_FILL_AREA(#1965);
#1039=ORIENTED_EDGE('',*,*,#1966,.F.);
#1040=ORIENTED_EDGE('',*,*,#1967,.T.);
#1041=ORIENTED_EDGE('',*,*,#1968,.F.);
#1042=ORIENTED_EDGE('',*,*,#1957,.F.);
#1043=CARTESIAN_POINT('',(-2.39808173319035E-14,4.44089209850064E-14,-33.0));
#1044=DIRECTION('',(4.50777660126292E-31,-3.5527136788005E-15,1.0));
#1045=DIRECTION('',(1.0,1.26882631385732E-16,0.0));
#1046=SURFACE_STYLE_FILL_AREA(#1969);
#1047=ORIENTED_EDGE('',*,*,#1970,.F.);
#1048=ORIENTED_EDGE('',*,*,#1971,.F.);
#1049=ORIENTED_EDGE('',*,*,#1972,.F.);
#1050=ORIENTED_EDGE('',*,*,#1973,.T.);
#1051=ORIENTED_EDGE('',*,*,#1974,.T.);
#1052=ORIENTED_EDGE('',*,*,#1953,.T.);
#1053=CARTESIAN_POINT('',(0.0,0.0,10.25));
#1054=DIRECTION('',(0.0,0.0,-1.0));
#1055=DIRECTION('',(-1.0,0.0,0.0));
#1056=SURFACE_STYLE_FILL_AREA(#1975);
#1057=ORIENTED_EDGE('',*,*,#1976,.F.);
#1058=ORIENTED_EDGE('',*,*,#1959,.T.);
#1059=ORIENTED_EDGE('',*,*,#1973,.F.);
#1060=ORIENTED_EDGE('',*,*,#1977,.F.);
#1061=ORIENTED_EDGE('',*,*,#1978,.F.);
#1062=CARTESIAN_POINT('',(0.0,0.0,10.25));
#1063=DIRECTION('',(0.0,0.0,1.0));
#1064=DIRECTION('',(1.0,0.0,0.0));
#1065=SURFACE_STYLE_FILL_AREA(#1979);
#1066=ORIENTED_EDGE('',*,*,#1980,.F.);
#1067=ORIENTED_EDGE('',*,*,#1981,.F.);
#1068=ORIENTED_EDGE('',*,*,#1982,.F.);
#1069=ORIENTED_EDGE('',*,*,#1983,.T.);
#1070=ORIENTED_EDGE('',*,*,#1984,.T.);
#1071=ORIENTED_EDGE('',*,*,#1985,.T.);
#1072=CARTESIAN_POINT('',(-2.22044604925031E-15,8.88178419700125E-16,19.7928932188135));
#1073=DIRECTION('',(0.0,0.0,1.0));
#1074=DIRECTION('',(-0.940875795210975,-0.338751735030415,0.0));
#1075=SURFACE_STYLE_FILL_AREA(#1986);
#1076=ORIENTED_EDGE('',*,*,#1987,.F.);
#1077=ORIENTED_EDGE('',*,*,#1988,.F.);
#1078=ORIENTED_EDGE('',*,*,#1989,.F.);
#1079=ORIENTED_EDGE('',*,*,#1990,.T.);
#1080=ORIENTED_EDGE('',*,*,#1991,.T.);
#1081=ORIENTED_EDGE('',*,*,#1992,.T.);
#1082=CARTESIAN_POINT('',(-8.88178419700125E-16,1.77635683940025E-15,19.7928932188135));
#1083=DIRECTION('',(0.0,-0.0,1.0));
#1084=DIRECTION('',(0.96858437827672,0.248685146637871,0.0));
#1085=SURFACE_STYLE_FILL_AREA(#1993);
#1086=ORIENTED_EDGE('',*,*,#1994,.F.);
#1087=ORIENTED_EDGE('',*,*,#1995,.F.);
#1088=ORIENTED_EDGE('',*,*,#1996,.T.);
#1089=ORIENTED_EDGE('',*,*,#1982,.T.);
#1090=CARTESIAN_POINT('',(-3.81916720471057E-14,2.66453525910039E-14,33.0000000000001));
#1091=DIRECTION('',(8.85859603629298E-31,-1.77635683940025E-15,-1.0));
#1092=DIRECTION('',(-1.0,-4.98694622600935E-16,0.0));
#1093=SURFACE_STYLE_FILL_AREA(#1997);
#1094=ORIENTED_EDGE('',*,*,#1998,.F.);
#1095=ORIENTED_EDGE('',*,*,#1999,.F.);
#1096=ORIENTED_EDGE('',*,*,#2000,.T.);
#1097=ORIENTED_EDGE('',*,*,#1989,.T.);
#1098=CARTESIAN_POINT('',(-2.39808173319035E-14,4.44089209850064E-14,33.0));
#1099=DIRECTION('',(4.50777660126292E-31,-3.5527136788005E-15,-1.0));
#1100=DIRECTION('',(1.0,1.26882631385732E-16,0.0));
#1101=SURFACE_STYLE_FILL_AREA(#2001);
#1102=ORIENTED_EDGE('',*,*,#2002,.F.);
#1103=ORIENTED_EDGE('',*,*,#1984,.F.);
#1104=ORIENTED_EDGE('',*,*,#2003,.F.);
#1105=ORIENTED_EDGE('',*,*,#2004,.T.);
#1106=CARTESIAN_POINT('',(0.0,0.0,10.25));
#1107=DIRECTION('',(0.0,0.0,-1.0));
#1108=DIRECTION('',(-1.0,0.0,0.0));
#1109=SURFACE_STYLE_FILL_AREA(#2005);
#1110=ORIENTED_EDGE('',*,*,#2006,.F.);
#1111=ORIENTED_EDGE('',*,*,#2007,.T.);
#1112=ORIENTED_EDGE('',*,*,#2003,.T.);
#1113=ORIENTED_EDGE('',*,*,#2008,.F.);
#1114=ORIENTED_EDGE('',*,*,#1992,.F.);
#1115=CARTESIAN_POINT('',(0.0,0.0,10.25));
#1116=DIRECTION('',(0.0,0.0,1.0));
#1117=DIRECTION('',(1.0,0.0,0.0));
#1118=SURFACE_STYLE_FILL_AREA(#2009);
#1119=ORIENTED_EDGE('',*,*,#2010,.F.);
#1120=ORIENTED_EDGE('',*,*,#2011,.F.);
#1121=ORIENTED_EDGE('',*,*,#2012,.F.);
#1122=ORIENTED_EDGE('',*,*,#2013,.T.);
#1123=ORIENTED_EDGE('',*,*,#2014,.T.);
#1124=ORIENTED_EDGE('',*,*,#2015,.T.);
#1125=CARTESIAN_POINT('',(4.88498130835069E-15,-1.77635683940025E-15,-14.9421574924277));
#1126=DIRECTION('',(0.0,-0.0,-1.0));
#1127=DIRECTION('',(0.940810392783422,-0.338933333903148,0.0));
#1128=SURFACE_STYLE_FILL_AREA(#2016);
#1129=ORIENTED_EDGE('',*,*,#2017,.F.);
#1130=ORIENTED_EDGE('',*,*,#2018,.F.);
#1131=ORIENTED_EDGE('',*,*,#2019,.F.);
#1132=ORIENTED_EDGE('',*,*,#2020,.T.);
#1133=ORIENTED_EDGE('',*,*,#2021,.T.);
#1134=ORIENTED_EDGE('',*,*,#2022,.T.);
#1135=CARTESIAN_POINT('',(8.88178419700125E-16,0.0,-14.9421574924277));
#1136=DIRECTION('',(0.0,0.0,-1.0));
#1137=DIRECTION('',(-0.968600376439782,0.248622828317739,0.0));
#1138=SURFACE_STYLE_FILL_AREA(#2023);
#1139=ORIENTED_EDGE('',*,*,#2024,.F.);
#1140=ORIENTED_EDGE('',*,*,#2018,.T.);
#1141=ORIENTED_EDGE('',*,*,#2025,.T.);
#1142=ORIENTED_EDGE('',*,*,#2026,.T.);
#1143=ORIENTED_EDGE('',*,*,#2027,.F.);
#1144=CARTESIAN_POINT('',(0.0,0.0,-14.7999999999999));
#1145=DIRECTION('',(-0.0,0.0,-1.0));
#1146=DIRECTION('',(-1.0,0.0,0.0));
#1147=SURFACE_STYLE_FILL_AREA(#2028);
#1148=ORIENTED_EDGE('',*,*,#2029,.F.);
#1149=ORIENTED_EDGE('',*,*,#2021,.F.);
#1150=ORIENTED_EDGE('',*,*,#2030,.F.);
#1151=ORIENTED_EDGE('',*,*,#2031,.T.);
#1152=CARTESIAN_POINT('',(0.0,0.0,-15.7));
#1153=DIRECTION('',(0.0,0.0,1.0));
#1154=DIRECTION('',(-1.0,0.0,0.0));
#1155=SURFACE_STYLE_FILL_AREA(#2032);
#1156=ORIENTED_EDGE('',*,*,#2033,.F.);
#1157=ORIENTED_EDGE('',*,*,#2011,.T.);
#1158=ORIENTED_EDGE('',*,*,#2034,.T.);
#1159=ORIENTED_EDGE('',*,*,#2035,.T.);
#1160=ORIENTED_EDGE('',*,*,#2036,.T.);
#1161=ORIENTED_EDGE('',*,*,#2037,.T.);
#1162=CARTESIAN_POINT('',(0.0,0.0,-14.7999999999999));
#1163=DIRECTION('',(0.0,-0.0,-1.0));
#1164=DIRECTION('',(1.0,0.0,0.0));
#1165=SURFACE_STYLE_FILL_AREA(#2038);
#1166=ORIENTED_EDGE('',*,*,#2039,.F.);
#1167=ORIENTED_EDGE('',*,*,#2014,.F.);
#1168=ORIENTED_EDGE('',*,*,#2040,.F.);
#1169=ORIENTED_EDGE('',*,*,#2041,.F.);
#1170=CARTESIAN_POINT('',(0.0,0.0,-15.7));
#1171=DIRECTION('',(-0.0,0.0,1.0));
#1172=DIRECTION('',(1.0,0.0,0.0));
#1173=SURFACE_STYLE_FILL_AREA(#2042);
#1174=ORIENTED_EDGE('',*,*,#2043,.F.);
#1175=ORIENTED_EDGE('',*,*,#2044,.F.);
#1176=ORIENTED_EDGE('',*,*,#2045,.F.);
#1177=ORIENTED_EDGE('',*,*,#2046,.T.);
#1178=ORIENTED_EDGE('',*,*,#2047,.T.);
#1179=ORIENTED_EDGE('',*,*,#2048,.T.);
#1180=CARTESIAN_POINT('',(-8.88178419700125E-16,1.77635683940025E-15,14.9421574924277));
#1181=DIRECTION('',(0.0,-0.0,-1.0));
#1182=DIRECTION('',(0.940810392783422,-0.338933333903149,0.0));
#1183=SURFACE_STYLE_FILL_AREA(#2049);
#1184=ORIENTED_EDGE('',*,*,#2050,.F.);
#1185=ORIENTED_EDGE('',*,*,#2051,.F.);
#1186=ORIENTED_EDGE('',*,*,#2052,.F.);
#1187=ORIENTED_EDGE('',*,*,#2053,.T.);
#1188=ORIENTED_EDGE('',*,*,#2054,.T.);
#1189=ORIENTED_EDGE('',*,*,#2055,.T.);
#1190=CARTESIAN_POINT('',(-6.21724893790088E-15,0.0,14.9421574924277));
#1191=DIRECTION('',(0.0,0.0,-1.0));
#1192=DIRECTION('',(-0.968600376439783,0.248622828317738,0.0));
#1193=SURFACE_STYLE_FILL_AREA(#2056);
#1194=ORIENTED_EDGE('',*,*,#2057,.F.);
#1195=ORIENTED_EDGE('',*,*,#2054,.F.);
#1196=ORIENTED_EDGE('',*,*,#2058,.T.);
#1197=ORIENTED_EDGE('',*,*,#2059,.T.);
#1198=ORIENTED_EDGE('',*,*,#2060,.T.);
#1199=CARTESIAN_POINT('',(0.0,0.0,14.7999999999999));
#1200=DIRECTION('',(0.0,-0.0,1.0));
#1201=DIRECTION('',(-1.0,0.0,0.0));
#1202=SURFACE_STYLE_FILL_AREA(#2061);
#1203=ORIENTED_EDGE('',*,*,#2062,.F.);
#1204=ORIENTED_EDGE('',*,*,#2051,.T.);
#1205=ORIENTED_EDGE('',*,*,#2063,.T.);
#1206=ORIENTED_EDGE('',*,*,#2064,.F.);
#1207=ORIENTED_EDGE('',*,*,#2065,.F.);
#1208=CARTESIAN_POINT('',(0.0,0.0,15.7));
#1209=DIRECTION('',(-0.0,0.0,-1.0));
#1210=DIRECTION('',(-1.0,0.0,0.0));
#1211=SURFACE_STYLE_FILL_AREA(#2066);
#1212=ORIENTED_EDGE('',*,*,#2067,.F.);
#1213=ORIENTED_EDGE('',*,*,#2047,.F.);
#1214=ORIENTED_EDGE('',*,*,#2068,.T.);
#1215=ORIENTED_EDGE('',*,*,#2069,.F.);
#1216=CARTESIAN_POINT('',(0.0,0.0,14.7999999999999));
#1217=DIRECTION('',(-0.0,-0.0,1.0));
#1218=DIRECTION('',(1.0,0.0,0.0));
#1219=SURFACE_STYLE_FILL_AREA(#2070);
#1220=ORIENTED_EDGE('',*,*,#2071,.F.);
#1221=ORIENTED_EDGE('',*,*,#2044,.T.);
#1222=ORIENTED_EDGE('',*,*,#2072,.T.);
#1223=ORIENTED_EDGE('',*,*,#2073,.F.);
#1224=ORIENTED_EDGE('',*,*,#2074,.T.);
#1225=CARTESIAN_POINT('',(0.0,0.0,15.7));
#1226=DIRECTION('',(0.0,-0.0,-1.0));
#1227=DIRECTION('',(1.0,0.0,0.0));
#1228=SURFACE_STYLE_FILL_AREA(#2075);
#1229=ORIENTED_EDGE('',*,*,#2076,.F.);
#1230=ORIENTED_EDGE('',*,*,#2077,.F.);
#1231=ORIENTED_EDGE('',*,*,#2078,.F.);
#1232=ORIENTED_EDGE('',*,*,#2079,.F.);
#1233=ORIENTED_EDGE('',*,*,#2080,.T.);
#1234=ORIENTED_EDGE('',*,*,#1978,.T.);
#1235=CARTESIAN_POINT('',(-8.88178419700125E-16,0.0,-18.5976493731437));
#1236=DIRECTION('',(0.0,-0.0,1.0));
#1237=DIRECTION('',(0.940336105677874,0.340246981409932,0.0));
#1238=SURFACE_STYLE_FILL_AREA(#2081);
#1239=ORIENTED_EDGE('',*,*,#2082,.F.);
#1240=ORIENTED_EDGE('',*,*,#1971,.T.);
#1241=ORIENTED_EDGE('',*,*,#2083,.T.);
#1242=ORIENTED_EDGE('',*,*,#2079,.T.);
#1243=ORIENTED_EDGE('',*,*,#2084,.F.);
#1244=ORIENTED_EDGE('',*,*,#2085,.F.);
#1245=CARTESIAN_POINT('',(1.77635683940025E-15,0.0,-18.5976493731437));
#1246=DIRECTION('',(0.0,0.0,-1.0));
#1247=DIRECTION('',(-0.968716017446361,0.248171870974254,0.0));
#1248=SURFACE_STYLE_FILL_AREA(#2086);
#1249=ORIENTED_EDGE('',*,*,#2087,.F.);
#1250=ORIENTED_EDGE('',*,*,#2084,.T.);
#1251=ORIENTED_EDGE('',*,*,#2088,.F.);
#1252=ORIENTED_EDGE('',*,*,#2089,.T.);
#1253=ORIENTED_EDGE('',*,*,#2090,.T.);
#1254=CARTESIAN_POINT('',(0.0,0.0,-18.0));
#1255=DIRECTION('',(0.0,0.0,1.0));
#1256=DIRECTION('',(-1.0,0.0,0.0));
#1257=SURFACE_STYLE_FILL_AREA(#2091);
#1258=ORIENTED_EDGE('',*,*,#2092,.F.);
#1259=ORIENTED_EDGE('',*,*,#2077,.T.);
#1260=ORIENTED_EDGE('',*,*,#2093,.T.);
#1261=ORIENTED_EDGE('',*,*,#2094,.F.);
#1262=ORIENTED_EDGE('',*,*,#2095,.F.);
#1263=CARTESIAN_POINT('',(0.0,0.0,-18.0));
#1264=DIRECTION('',(-0.0,0.0,1.0));
#1265=DIRECTION('',(1.0,0.0,0.0));
#1266=SURFACE_STYLE_FILL_AREA(#2096);
#1267=ORIENTED_EDGE('',*,*,#2097,.F.);
#1268=ORIENTED_EDGE('',*,*,#2098,.T.);
#1269=ORIENTED_EDGE('',*,*,#2099,.T.);
#1270=ORIENTED_EDGE('',*,*,#2100,.T.);
#1271=ORIENTED_EDGE('',*,*,#2007,.F.);
#1272=ORIENTED_EDGE('',*,*,#2101,.F.);
#1273=CARTESIAN_POINT('',(3.10862446895044E-15,3.5527136788005E-15,18.5976493731437));
#1274=DIRECTION('',(0.0,-0.0,-1.0));
#1275=DIRECTION('',(0.930561823277299,-0.366134801758627,0.0));
#1276=SURFACE_STYLE_FILL_AREA(#2102);
#1277=ORIENTED_EDGE('',*,*,#2103,.F.);
#1278=ORIENTED_EDGE('',*,*,#2104,.F.);
#1279=ORIENTED_EDGE('',*,*,#2004,.F.);
#1280=ORIENTED_EDGE('',*,*,#2100,.F.);
#1281=ORIENTED_EDGE('',*,*,#2105,.T.);
#1282=ORIENTED_EDGE('',*,*,#2106,.T.);
#1283=CARTESIAN_POINT('',(1.77635683940025E-15,-1.77635683940025E-15,18.5976493731437));
#1284=DIRECTION('',(0.0,0.0,1.0));
#1285=DIRECTION('',(-0.968716017446361,-0.248171870974253,0.0));
#1286=SURFACE_STYLE_FILL_AREA(#2107);
#1287=ORIENTED_EDGE('',*,*,#2108,.F.);
#1288=ORIENTED_EDGE('',*,*,#2105,.F.);
#1289=ORIENTED_EDGE('',*,*,#2109,.F.);
#1290=ORIENTED_EDGE('',*,*,#2110,.F.);
#1291=CARTESIAN_POINT('',(0.0,0.0,18.0));
#1292=DIRECTION('',(-0.0,0.0,-1.0));
#1293=DIRECTION('',(-1.0,0.0,0.0));
#1294=SURFACE_STYLE_FILL_AREA(#2111);
#1295=ORIENTED_EDGE('',*,*,#2112,.F.);
#1296=ORIENTED_EDGE('',*,*,#2098,.F.);
#1297=ORIENTED_EDGE('',*,*,#2113,.F.);
#1298=ORIENTED_EDGE('',*,*,#2114,.F.);
#1299=ORIENTED_EDGE('',*,*,#2115,.T.);
#1300=ORIENTED_EDGE('',*,*,#2116,.T.);
#1301=CARTESIAN_POINT('',(0.0,0.0,18.0));
#1302=DIRECTION('',(0.0,-0.0,-1.0));
#1303=DIRECTION('',(1.0,0.0,0.0));
#1304=SURFACE_STYLE_FILL_AREA(#2117);
#1305=ORIENTED_EDGE('',*,*,#2118,.F.);
#1306=ORIENTED_EDGE('',*,*,#2119,.T.);
#1307=ORIENTED_EDGE('',*,*,#2120,.T.);
#1308=ORIENTED_EDGE('',*,*,#2121,.T.);
#1309=ORIENTED_EDGE('',*,*,#2122,.F.);
#1310=ORIENTED_EDGE('',*,*,#2090,.F.);
#1311=CARTESIAN_POINT('',(-3.99680288865056E-15,1.77635683940025E-15,-14.7103525940285));
#1312=DIRECTION('',(-0.0,0.0,1.0));
#1313=DIRECTION('',(-0.968668578748041,-0.248356969997319,-0.0));
#1314=SURFACE_STYLE_FILL_AREA(#2123);
#1315=ORIENTED_EDGE('',*,*,#2124,.F.);
#1316=ORIENTED_EDGE('',*,*,#2125,.T.);
#1317=ORIENTED_EDGE('',*,*,#2126,.T.);
#1318=ORIENTED_EDGE('',*,*,#2120,.F.);
#1319=CARTESIAN_POINT('',(0.0,0.0,10.25));
#1320=DIRECTION('',(0.0,0.0,-1.0));
#1321=DIRECTION('',(-1.0,0.0,0.0));
#1322=SURFACE_STYLE_FILL_AREA(#2127);
#1323=ORIENTED_EDGE('',*,*,#2128,.F.);
#1324=ORIENTED_EDGE('',*,*,#2129,.T.);
#1325=ORIENTED_EDGE('',*,*,#2027,.T.);
#1326=ORIENTED_EDGE('',*,*,#2130,.T.);
#1327=ORIENTED_EDGE('',*,*,#2131,.F.);
#1328=ORIENTED_EDGE('',*,*,#2132,.F.);
#1329=CARTESIAN_POINT('',(-1.33226762955019E-15,1.77635683940025E-15,-14.6601077025534));
#1330=DIRECTION('',(-0.0,0.0,1.0));
#1331=DIRECTION('',(-0.968594993889107,-0.248643797053054,-0.0));
#1332=SURFACE_STYLE_FILL_AREA(#2133);
#1333=ORIENTED_EDGE('',*,*,#2134,.F.);
#1334=ORIENTED_EDGE('',*,*,#2131,.T.);
#1335=ORIENTED_EDGE('',*,*,#2135,.T.);
#1336=ORIENTED_EDGE('',*,*,#2136,.F.);
#1337=CARTESIAN_POINT('',(0.0,0.0,10.25));
#1338=DIRECTION('',(0.0,0.0,-1.0));
#1339=DIRECTION('',(-1.0,0.0,0.0));
#1340=SURFACE_STYLE_FILL_AREA(#2137);
#1341=ORIENTED_EDGE('',*,*,#2138,.F.);
#1342=ORIENTED_EDGE('',*,*,#2139,.F.);
#1343=ORIENTED_EDGE('',*,*,#2140,.F.);
#1344=ORIENTED_EDGE('',*,*,#2141,.T.);
#1345=CARTESIAN_POINT('',(3.99680288865056E-15,1.77635683940025E-15,-14.7103525940285));
#1346=DIRECTION('',(0.0,0.0,1.0));
#1347=DIRECTION('',(0.968668578748041,-0.248356969997319,0.0));
#1348=SURFACE_STYLE_FILL_AREA(#2142);
#1349=ORIENTED_EDGE('',*,*,#2143,.F.);
#1350=ORIENTED_EDGE('',*,*,#2144,.T.);
#1351=ORIENTED_EDGE('',*,*,#2126,.F.);
#1352=ORIENTED_EDGE('',*,*,#2145,.F.);
#1353=CARTESIAN_POINT('',(0.0,0.0,10.25));
#1354=DIRECTION('',(0.0,0.0,1.0));
#1355=DIRECTION('',(1.0,0.0,0.0));
#1356=SURFACE_STYLE_FILL_AREA(#2146);
#1357=ORIENTED_EDGE('',*,*,#2147,.F.);
#1358=ORIENTED_EDGE('',*,*,#2036,.F.);
#1359=ORIENTED_EDGE('',*,*,#2148,.F.);
#1360=ORIENTED_EDGE('',*,*,#2149,.T.);
#1361=CARTESIAN_POINT('',(1.33226762955019E-15,1.77635683940025E-15,-14.6601077025534));
#1362=DIRECTION('',(0.0,0.0,1.0));
#1363=DIRECTION('',(0.968594993889107,-0.248643797053054,0.0));
#1364=SURFACE_STYLE_FILL_AREA(#2150);
#1365=ORIENTED_EDGE('',*,*,#2151,.F.);
#1366=ORIENTED_EDGE('',*,*,#2152,.T.);
#1367=ORIENTED_EDGE('',*,*,#2135,.F.);
#1368=ORIENTED_EDGE('',*,*,#2153,.F.);
#1369=CARTESIAN_POINT('',(0.0,0.0,10.25));
#1370=DIRECTION('',(0.0,0.0,1.0));
#1371=DIRECTION('',(1.0,0.0,0.0));
#1372=SURFACE_STYLE_FILL_AREA(#2154);
#1373=ORIENTED_EDGE('',*,*,#2155,.F.);
#1374=ORIENTED_EDGE('',*,*,#2156,.F.);
#1375=ORIENTED_EDGE('',*,*,#2157,.F.);
#1376=ORIENTED_EDGE('',*,*,#2158,.T.);
#1377=CARTESIAN_POINT('',(-3.99680288865056E-15,1.77635683940025E-15,14.7103525940285));
#1378=DIRECTION('',(-0.0,0.0,-1.0));
#1379=DIRECTION('',(-0.968668578748041,-0.248356969997319,0.0));
#1380=SURFACE_STYLE_FILL_AREA(#2159);
#1381=ORIENTED_EDGE('',*,*,#2160,.F.);
#1382=ORIENTED_EDGE('',*,*,#2161,.T.);
#1383=ORIENTED_EDGE('',*,*,#2162,.F.);
#1384=ORIENTED_EDGE('',*,*,#2163,.F.);
#1385=CARTESIAN_POINT('',(0.0,0.0,10.25));
#1386=DIRECTION('',(0.0,0.0,-1.0));
#1387=DIRECTION('',(-1.0,0.0,0.0));
#1388=SURFACE_STYLE_FILL_AREA(#2164);
#1389=ORIENTED_EDGE('',*,*,#2165,.F.);
#1390=ORIENTED_EDGE('',*,*,#2059,.F.);
#1391=ORIENTED_EDGE('',*,*,#2166,.F.);
#1392=ORIENTED_EDGE('',*,*,#2167,.T.);
#1393=CARTESIAN_POINT('',(-1.33226762955019E-15,1.77635683940025E-15,14.6601077025534));
#1394=DIRECTION('',(-0.0,0.0,-1.0));
#1395=DIRECTION('',(-0.968594993889107,-0.248643797053054,0.0));
#1396=SURFACE_STYLE_FILL_AREA(#2168);
#1397=ORIENTED_EDGE('',*,*,#2169,.F.);
#1398=ORIENTED_EDGE('',*,*,#2170,.T.);
#1399=ORIENTED_EDGE('',*,*,#2171,.F.);
#1400=ORIENTED_EDGE('',*,*,#2172,.F.);
#1401=CARTESIAN_POINT('',(0.0,0.0,10.25));
#1402=DIRECTION('',(0.0,0.0,-1.0));
#1403=DIRECTION('',(-1.0,0.0,0.0));
#1404=SURFACE_STYLE_FILL_AREA(#2173);
#1405=ORIENTED_EDGE('',*,*,#2174,.F.);
#1406=ORIENTED_EDGE('',*,*,#2175,.F.);
#1407=ORIENTED_EDGE('',*,*,#2176,.T.);
#1408=ORIENTED_EDGE('',*,*,#1995,.T.);
#1409=CARTESIAN_POINT('',(0.0,0.0,10.25));
#1410=DIRECTION('',(0.0,0.0,-1.0));
#1411=DIRECTION('',(-1.0,0.0,0.0));
#1412=SURFACE_STYLE_FILL_AREA(#2177);
#1413=ORIENTED_EDGE('',*,*,#2178,.F.);
#1414=ORIENTED_EDGE('',*,*,#2065,.T.);
#1415=ORIENTED_EDGE('',*,*,#2179,.T.);
#1416=ORIENTED_EDGE('',*,*,#2180,.F.);
#1417=CARTESIAN_POINT('',(0.0,0.0,10.25));
#1418=DIRECTION('',(0.0,0.0,-1.0));
#1419=DIRECTION('',(-1.0,0.0,0.0));
#1420=SURFACE_STYLE_FILL_AREA(#2181);
#1421=ORIENTED_EDGE('',*,*,#2182,.F.);
#1422=ORIENTED_EDGE('',*,*,#2183,.T.);
#1423=ORIENTED_EDGE('',*,*,#2184,.T.);
#1424=ORIENTED_EDGE('',*,*,#2185,.T.);
#1425=ORIENTED_EDGE('',*,*,#2186,.F.);
#1426=ORIENTED_EDGE('',*,*,#2116,.F.);
#1427=CARTESIAN_POINT('',(3.99680288865056E-15,1.77635683940025E-15,14.7103525940285));
#1428=DIRECTION('',(0.0,-0.0,-1.0));
#1429=DIRECTION('',(0.968668578748041,-0.248356969997319,0.0));
#1430=SURFACE_STYLE_FILL_AREA(#2187);
#1431=ORIENTED_EDGE('',*,*,#2188,.F.);
#1432=ORIENTED_EDGE('',*,*,#2189,.T.);
#1433=ORIENTED_EDGE('',*,*,#2162,.T.);
#1434=ORIENTED_EDGE('',*,*,#2184,.F.);
#1435=CARTESIAN_POINT('',(0.0,0.0,10.25));
#1436=DIRECTION('',(0.0,0.0,1.0));
#1437=DIRECTION('',(1.0,0.0,0.0));
#1438=SURFACE_STYLE_FILL_AREA(#2190);
#1439=ORIENTED_EDGE('',*,*,#2191,.F.);
#1440=ORIENTED_EDGE('',*,*,#2192,.T.);
#1441=ORIENTED_EDGE('',*,*,#2069,.T.);
#1442=ORIENTED_EDGE('',*,*,#2193,.T.);
#1443=ORIENTED_EDGE('',*,*,#2194,.F.);
#1444=ORIENTED_EDGE('',*,*,#2195,.F.);
#1445=CARTESIAN_POINT('',(1.33226762955019E-15,1.77635683940025E-15,14.6601077025534));
#1446=DIRECTION('',(0.0,-0.0,-1.0));
#1447=DIRECTION('',(0.968594993889107,-0.248643797053054,0.0));
#1448=SURFACE_STYLE_FILL_AREA(#2196);
#1449=ORIENTED_EDGE('',*,*,#2197,.F.);
#1450=ORIENTED_EDGE('',*,*,#2194,.T.);
#1451=ORIENTED_EDGE('',*,*,#2171,.T.);
#1452=ORIENTED_EDGE('',*,*,#2198,.F.);
#1453=CARTESIAN_POINT('',(0.0,0.0,10.25));
#1454=DIRECTION('',(0.0,0.0,1.0));
#1455=DIRECTION('',(1.0,0.0,0.0));
#1456=SURFACE_STYLE_FILL_AREA(#2199);
#1457=ORIENTED_EDGE('',*,*,#2200,.F.);
#1458=ORIENTED_EDGE('',*,*,#2201,.T.);
#1459=ORIENTED_EDGE('',*,*,#2176,.F.);
#1460=ORIENTED_EDGE('',*,*,#1967,.F.);
#1461=CARTESIAN_POINT('',(0.0,0.0,10.25));
#1462=DIRECTION('',(0.0,0.0,1.0));
#1463=DIRECTION('',(1.0,0.0,0.0));
#1464=SURFACE_STYLE_FILL_AREA(#2202);
#1465=ORIENTED_EDGE('',*,*,#2203,.F.);
#1466=ORIENTED_EDGE('',*,*,#2041,.T.);
#1467=ORIENTED_EDGE('',*,*,#2179,.F.);
#1468=ORIENTED_EDGE('',*,*,#2204,.F.);
#1469=CARTESIAN_POINT('',(0.0,0.0,10.25));
#1470=DIRECTION('',(0.0,0.0,1.0));
#1471=DIRECTION('',(1.0,0.0,0.0));
#1472=SURFACE_STYLE_FILL_AREA(#2205);
#1473=ORIENTED_EDGE('',*,*,#2203,.T.);
#1474=ORIENTED_EDGE('',*,*,#2074,.F.);
#1475=ORIENTED_EDGE('',*,*,#2206,.T.);
#1476=ORIENTED_EDGE('',*,*,#2207,.T.);
#1477=CARTESIAN_POINT('',(0.0,0.0,10.25));
#1478=DIRECTION('',(0.0,0.0,1.0));
#1479=DIRECTION('',(1.0,0.0,0.0));
#1480=SURFACE_STYLE_FILL_AREA(#2208);
#1481=ORIENTED_EDGE('',*,*,#2209,.T.);
#1482=ORIENTED_EDGE('',*,*,#2198,.T.);
#1483=ORIENTED_EDGE('',*,*,#2170,.F.);
#1484=ORIENTED_EDGE('',*,*,#2210,.F.);
#1485=ORIENTED_EDGE('',*,*,#2211,.T.);
#1486=ORIENTED_EDGE('',*,*,#2163,.T.);
#1487=ORIENTED_EDGE('',*,*,#2189,.F.);
#1488=ORIENTED_EDGE('',*,*,#2212,.F.);
#1489=CARTESIAN_POINT('',(0.0,16.2,14.3));
#1490=DIRECTION('',(0.0,0.0,1.0));
#1491=DIRECTION('',(1.0,0.0,0.0));
#1492=SURFACE_STYLE_FILL_AREA(#2213);
#1493=ORIENTED_EDGE('',*,*,#2200,.T.);
#1494=ORIENTED_EDGE('',*,*,#2214,.F.);
#1495=ORIENTED_EDGE('',*,*,#2215,.T.);
#1496=ORIENTED_EDGE('',*,*,#1999,.T.);
#1497=CARTESIAN_POINT('',(0.0,0.0,10.25));
#1498=DIRECTION('',(0.0,0.0,1.0));
#1499=DIRECTION('',(1.0,0.0,0.0));
#1500=SURFACE_STYLE_FILL_AREA(#2216);
#1501=ORIENTED_EDGE('',*,*,#2197,.T.);
#1502=ORIENTED_EDGE('',*,*,#2209,.F.);
#1503=ORIENTED_EDGE('',*,*,#2217,.F.);
#1504=ORIENTED_EDGE('',*,*,#2218,.T.);
#1505=ORIENTED_EDGE('',*,*,#2195,.T.);
#1506=CARTESIAN_POINT('',(0.0,0.0,10.25));
#1507=DIRECTION('',(0.0,0.0,1.0));
#1508=DIRECTION('',(1.0,0.0,0.0));
#1509=SURFACE_STYLE_FILL_AREA(#2219);
#1510=ORIENTED_EDGE('',*,*,#2191,.T.);
#1511=ORIENTED_EDGE('',*,*,#2218,.F.);
#1512=ORIENTED_EDGE('',*,*,#2166,.T.);
#1513=ORIENTED_EDGE('',*,*,#2220,.T.);
#1514=CARTESIAN_POINT('',(1.33226762955019E-15,1.77635683940025E-15,14.6601077025534));
#1515=DIRECTION('',(0.0,-0.0,-1.0));
#1516=DIRECTION('',(0.968594993889107,-0.248643797053054,0.0));
#1517=SURFACE_STYLE_FILL_AREA(#2221);
#1518=ORIENTED_EDGE('',*,*,#2188,.T.);
#1519=ORIENTED_EDGE('',*,*,#2183,.F.);
#1520=ORIENTED_EDGE('',*,*,#2222,.F.);
#1521=ORIENTED_EDGE('',*,*,#2223,.F.);
#1522=ORIENTED_EDGE('',*,*,#2212,.T.);
#1523=CARTESIAN_POINT('',(0.0,0.0,10.25));
#1524=DIRECTION('',(0.0,0.0,1.0));
#1525=DIRECTION('',(1.0,0.0,0.0));
#1526=SURFACE_STYLE_FILL_AREA(#2224);
#1527=ORIENTED_EDGE('',*,*,#2182,.T.);
#1528=ORIENTED_EDGE('',*,*,#2115,.F.);
#1529=ORIENTED_EDGE('',*,*,#2157,.T.);
#1530=ORIENTED_EDGE('',*,*,#2222,.T.);
#1531=CARTESIAN_POINT('',(3.99680288865056E-15,1.77635683940025E-15,14.7103525940285));
#1532=DIRECTION('',(0.0,-0.0,-1.0));
#1533=DIRECTION('',(0.968668578748041,-0.248356969997319,0.0));
#1534=SURFACE_STYLE_FILL_AREA(#2225);
#1535=ORIENTED_EDGE('',*,*,#2178,.T.);
#1536=ORIENTED_EDGE('',*,*,#2031,.F.);
#1537=ORIENTED_EDGE('',*,*,#2206,.F.);
#1538=ORIENTED_EDGE('',*,*,#2226,.T.);
#1539=CARTESIAN_POINT('',(0.0,0.0,10.25));
#1540=DIRECTION('',(0.0,0.0,-1.0));
#1541=DIRECTION('',(-1.0,0.0,0.0));
#1542=SURFACE_STYLE_FILL_AREA(#2227);
#1543=ORIENTED_EDGE('',*,*,#2174,.T.);
#1544=ORIENTED_EDGE('',*,*,#2228,.T.);
#1545=ORIENTED_EDGE('',*,*,#2215,.F.);
#1546=ORIENTED_EDGE('',*,*,#1963,.F.);
#1547=CARTESIAN_POINT('',(0.0,0.0,10.25));
#1548=DIRECTION('',(0.0,0.0,-1.0));
#1549=DIRECTION('',(-1.0,0.0,0.0));
#1550=SURFACE_STYLE_FILL_AREA(#2229);
#1551=ORIENTED_EDGE('',*,*,#2169,.T.);
#1552=ORIENTED_EDGE('',*,*,#2230,.F.);
#1553=ORIENTED_EDGE('',*,*,#2167,.F.);
#1554=ORIENTED_EDGE('',*,*,#2217,.T.);
#1555=ORIENTED_EDGE('',*,*,#2210,.T.);
#1556=CARTESIAN_POINT('',(0.0,0.0,10.25));
#1557=DIRECTION('',(0.0,0.0,-1.0));
#1558=DIRECTION('',(-1.0,0.0,0.0));
#1559=SURFACE_STYLE_FILL_AREA(#2231);
#1560=ORIENTED_EDGE('',*,*,#2165,.T.);
#1561=ORIENTED_EDGE('',*,*,#2230,.T.);
#1562=ORIENTED_EDGE('',*,*,#2172,.T.);
#1563=ORIENTED_EDGE('',*,*,#2193,.F.);
#1564=ORIENTED_EDGE('',*,*,#2232,.F.);
#1565=ORIENTED_EDGE('',*,*,#2060,.F.);
#1566=CARTESIAN_POINT('',(-1.33226762955019E-15,1.77635683940025E-15,14.6601077025534));
#1567=DIRECTION('',(-0.0,0.0,-1.0));
#1568=DIRECTION('',(-0.968594993889107,-0.248643797053054,0.0));
#1569=SURFACE_STYLE_FILL_AREA(#2233);
#1570=ORIENTED_EDGE('',*,*,#2160,.T.);
#1571=ORIENTED_EDGE('',*,*,#2211,.F.);
#1572=ORIENTED_EDGE('',*,*,#2223,.T.);
#1573=ORIENTED_EDGE('',*,*,#2156,.T.);
#1574=ORIENTED_EDGE('',*,*,#2234,.T.);
#1575=CARTESIAN_POINT('',(0.0,0.0,10.25));
#1576=DIRECTION('',(0.0,0.0,-1.0));
#1577=DIRECTION('',(-1.0,0.0,0.0));
#1578=SURFACE_STYLE_FILL_AREA(#2235);
#1579=ORIENTED_EDGE('',*,*,#2155,.T.);
#1580=ORIENTED_EDGE('',*,*,#2236,.T.);
#1581=ORIENTED_EDGE('',*,*,#2110,.T.);
#1582=ORIENTED_EDGE('',*,*,#2185,.F.);
#1583=ORIENTED_EDGE('',*,*,#2161,.F.);
#1584=ORIENTED_EDGE('',*,*,#2234,.F.);
#1585=CARTESIAN_POINT('',(-3.99680288865056E-15,1.77635683940025E-15,14.7103525940285));
#1586=DIRECTION('',(-0.0,0.0,-1.0));
#1587=DIRECTION('',(-0.968668578748041,-0.248356969997319,0.0));
#1588=SURFACE_STYLE_FILL_AREA(#2237);
#1589=ORIENTED_EDGE('',*,*,#2238,.T.);
#1590=ORIENTED_EDGE('',*,*,#2136,.T.);
#1591=ORIENTED_EDGE('',*,*,#2152,.F.);
#1592=ORIENTED_EDGE('',*,*,#2239,.F.);
#1593=ORIENTED_EDGE('',*,*,#2240,.T.);
#1594=ORIENTED_EDGE('',*,*,#2145,.T.);
#1595=ORIENTED_EDGE('',*,*,#2125,.F.);
#1596=ORIENTED_EDGE('',*,*,#2241,.F.);
#1597=CARTESIAN_POINT('',(0.0,16.2,-14.3));
#1598=DIRECTION('',(0.0,0.0,1.0));
#1599=DIRECTION('',(1.0,0.0,0.0));
#1600=SURFACE_STYLE_FILL_AREA(#2242);
#1601=ORIENTED_EDGE('',*,*,#2151,.T.);
#1602=ORIENTED_EDGE('',*,*,#2243,.F.);
#1603=ORIENTED_EDGE('',*,*,#2149,.F.);
#1604=ORIENTED_EDGE('',*,*,#2244,.T.);
#1605=ORIENTED_EDGE('',*,*,#2239,.T.);
#1606=CARTESIAN_POINT('',(0.0,0.0,10.25));
#1607=DIRECTION('',(0.0,0.0,1.0));
#1608=DIRECTION('',(1.0,0.0,0.0));
#1609=SURFACE_STYLE_FILL_AREA(#2245);
#1610=ORIENTED_EDGE('',*,*,#2147,.T.);
#1611=ORIENTED_EDGE('',*,*,#2243,.T.);
#1612=ORIENTED_EDGE('',*,*,#2153,.T.);
#1613=ORIENTED_EDGE('',*,*,#2130,.F.);
#1614=ORIENTED_EDGE('',*,*,#2246,.F.);
#1615=ORIENTED_EDGE('',*,*,#2037,.F.);
#1616=CARTESIAN_POINT('',(1.33226762955019E-15,1.77635683940025E-15,-14.6601077025534));
#1617=DIRECTION('',(0.0,0.0,1.0));
#1618=DIRECTION('',(0.968594993889107,-0.248643797053054,0.0));
#1619=SURFACE_STYLE_FILL_AREA(#2247);
#1620=ORIENTED_EDGE('',*,*,#2143,.T.);
#1621=ORIENTED_EDGE('',*,*,#2240,.F.);
#1622=ORIENTED_EDGE('',*,*,#2248,.T.);
#1623=ORIENTED_EDGE('',*,*,#2139,.T.);
#1624=ORIENTED_EDGE('',*,*,#2249,.T.);
#1625=CARTESIAN_POINT('',(0.0,0.0,10.25));
#1626=DIRECTION('',(0.0,0.0,1.0));
#1627=DIRECTION('',(1.0,0.0,0.0));
#1628=SURFACE_STYLE_FILL_AREA(#2250);
#1629=ORIENTED_EDGE('',*,*,#2138,.T.);
#1630=ORIENTED_EDGE('',*,*,#2251,.T.);
#1631=ORIENTED_EDGE('',*,*,#2095,.T.);
#1632=ORIENTED_EDGE('',*,*,#2121,.F.);
#1633=ORIENTED_EDGE('',*,*,#2144,.F.);
#1634=ORIENTED_EDGE('',*,*,#2249,.F.);
#1635=CARTESIAN_POINT('',(3.99680288865056E-15,1.77635683940025E-15,-14.7103525940285));
#1636=DIRECTION('',(0.0,0.0,1.0));
#1637=DIRECTION('',(0.968668578748041,-0.248356969997319,0.0));
#1638=SURFACE_STYLE_FILL_AREA(#2252);
#1639=ORIENTED_EDGE('',*,*,#2134,.T.);
#1640=ORIENTED_EDGE('',*,*,#2238,.F.);
#1641=ORIENTED_EDGE('',*,*,#2244,.F.);
#1642=ORIENTED_EDGE('',*,*,#2253,.T.);
#1643=ORIENTED_EDGE('',*,*,#2132,.T.);
#1644=CARTESIAN_POINT('',(0.0,0.0,10.25));
#1645=DIRECTION('',(0.0,0.0,-1.0));
#1646=DIRECTION('',(-1.0,0.0,0.0));
#1647=SURFACE_STYLE_FILL_AREA(#2254);
#1648=ORIENTED_EDGE('',*,*,#2128,.T.);
#1649=ORIENTED_EDGE('',*,*,#2253,.F.);
#1650=ORIENTED_EDGE('',*,*,#2148,.T.);
#1651=ORIENTED_EDGE('',*,*,#2255,.T.);
#1652=CARTESIAN_POINT('',(-1.33226762955019E-15,1.77635683940025E-15,-14.6601077025534));
#1653=DIRECTION('',(-0.0,0.0,1.0));
#1654=DIRECTION('',(-0.968594993889107,-0.248643797053054,-0.0));
#1655=SURFACE_STYLE_FILL_AREA(#2256);
#1656=ORIENTED_EDGE('',*,*,#2124,.T.);
#1657=ORIENTED_EDGE('',*,*,#2119,.F.);
#1658=ORIENTED_EDGE('',*,*,#2257,.F.);
#1659=ORIENTED_EDGE('',*,*,#2248,.F.);
#1660=ORIENTED_EDGE('',*,*,#2241,.T.);
#1661=CARTESIAN_POINT('',(0.0,0.0,10.25));
#1662=DIRECTION('',(0.0,0.0,-1.0));
#1663=DIRECTION('',(-1.0,0.0,0.0));
#1664=SURFACE_STYLE_FILL_AREA(#2258);
#1665=ORIENTED_EDGE('',*,*,#2118,.T.);
#1666=ORIENTED_EDGE('',*,*,#2089,.F.);
#1667=ORIENTED_EDGE('',*,*,#2140,.T.);
#1668=ORIENTED_EDGE('',*,*,#2257,.T.);
#1669=CARTESIAN_POINT('',(-3.99680288865056E-15,1.77635683940025E-15,-14.7103525940285));
#1670=DIRECTION('',(-0.0,0.0,1.0));
#1671=DIRECTION('',(-0.968668578748041,-0.248356969997319,-0.0));
#1672=SURFACE_STYLE_FILL_AREA(#2259);
#1673=ORIENTED_EDGE('',*,*,#2112,.T.);
#1674=ORIENTED_EDGE('',*,*,#2186,.T.);
#1675=ORIENTED_EDGE('',*,*,#2109,.T.);
#1676=ORIENTED_EDGE('',*,*,#2099,.F.);
#1677=CARTESIAN_POINT('',(0.0,0.0,18.0));
#1678=DIRECTION('',(0.0,-0.0,-1.0));
#1679=DIRECTION('',(1.0,0.0,0.0));
#1680=SURFACE_STYLE_FILL_AREA(#2260);
#1681=ORIENTED_EDGE('',*,*,#2108,.T.);
#1682=ORIENTED_EDGE('',*,*,#2236,.F.);
#1683=ORIENTED_EDGE('',*,*,#2158,.F.);
#1684=ORIENTED_EDGE('',*,*,#2114,.T.);
#1685=ORIENTED_EDGE('',*,*,#2261,.F.);
#1686=ORIENTED_EDGE('',*,*,#2106,.F.);
#1687=CARTESIAN_POINT('',(0.0,0.0,18.0));
#1688=DIRECTION('',(-0.0,0.0,-1.0));
#1689=DIRECTION('',(-1.0,0.0,0.0));
#1690=SURFACE_STYLE_FILL_AREA(#2262);
#1691=ORIENTED_EDGE('',*,*,#2103,.T.);
#1692=ORIENTED_EDGE('',*,*,#2261,.T.);
#1693=ORIENTED_EDGE('',*,*,#2263,.T.);
#1694=ORIENTED_EDGE('',*,*,#2264,.F.);
#1695=CARTESIAN_POINT('',(1.77635683940025E-15,-1.77635683940025E-15,18.5976493731437));
#1696=DIRECTION('',(0.0,0.0,1.0));
#1697=DIRECTION('',(-0.968716017446361,-0.248171870974253,0.0));
#1698=SURFACE_STYLE_FILL_AREA(#2265);
#1699=ORIENTED_EDGE('',*,*,#2097,.T.);
#1700=ORIENTED_EDGE('',*,*,#2266,.F.);
#1701=ORIENTED_EDGE('',*,*,#2263,.F.);
#1702=ORIENTED_EDGE('',*,*,#2113,.T.);
#1703=CARTESIAN_POINT('',(3.10862446895044E-15,3.5527136788005E-15,18.5976493731437));
#1704=DIRECTION('',(0.0,-0.0,-1.0));
#1705=DIRECTION('',(0.930561823277299,-0.366134801758627,0.0));
#1706=SURFACE_STYLE_FILL_AREA(#2267);
#1707=ORIENTED_EDGE('',*,*,#2092,.T.);
#1708=ORIENTED_EDGE('',*,*,#2251,.F.);
#1709=ORIENTED_EDGE('',*,*,#2141,.F.);
#1710=ORIENTED_EDGE('',*,*,#2088,.T.);
#1711=ORIENTED_EDGE('',*,*,#2078,.T.);
#1712=CARTESIAN_POINT('',(0.0,0.0,-18.0));
#1713=DIRECTION('',(-0.0,0.0,1.0));
#1714=DIRECTION('',(1.0,0.0,0.0));
#1715=SURFACE_STYLE_FILL_AREA(#2268);
#1716=ORIENTED_EDGE('',*,*,#2087,.T.);
#1717=ORIENTED_EDGE('',*,*,#2122,.T.);
#1718=ORIENTED_EDGE('',*,*,#2094,.T.);
#1719=ORIENTED_EDGE('',*,*,#2269,.T.);
#1720=ORIENTED_EDGE('',*,*,#2085,.T.);
#1721=CARTESIAN_POINT('',(0.0,0.0,-18.0));
#1722=DIRECTION('',(0.0,0.0,1.0));
#1723=DIRECTION('',(-1.0,0.0,0.0));
#1724=SURFACE_STYLE_FILL_AREA(#2270);
#1725=ORIENTED_EDGE('',*,*,#2082,.T.);
#1726=ORIENTED_EDGE('',*,*,#2269,.F.);
#1727=ORIENTED_EDGE('',*,*,#2271,.F.);
#1728=ORIENTED_EDGE('',*,*,#1972,.T.);
#1729=CARTESIAN_POINT('',(1.77635683940025E-15,0.0,-18.5976493731437));
#1730=DIRECTION('',(0.0,0.0,-1.0));
#1731=DIRECTION('',(-0.968716017446361,0.248171870974254,0.0));
#1732=SURFACE_STYLE_FILL_AREA(#2272);
#1733=ORIENTED_EDGE('',*,*,#2076,.T.);
#1734=ORIENTED_EDGE('',*,*,#1977,.T.);
#1735=ORIENTED_EDGE('',*,*,#2271,.T.);
#1736=ORIENTED_EDGE('',*,*,#2093,.F.);
#1737=CARTESIAN_POINT('',(-8.88178419700125E-16,0.0,-18.5976493731437));
#1738=DIRECTION('',(0.0,-0.0,1.0));
#1739=DIRECTION('',(0.940336105677874,0.340246981409932,0.0));
#1740=SURFACE_STYLE_FILL_AREA(#2273);
#1741=ORIENTED_EDGE('',*,*,#2071,.T.);
#1742=ORIENTED_EDGE('',*,*,#2204,.T.);
#1743=ORIENTED_EDGE('',*,*,#2064,.T.);
#1744=ORIENTED_EDGE('',*,*,#2045,.T.);
#1745=CARTESIAN_POINT('',(0.0,0.0,15.7));
#1746=DIRECTION('',(0.0,-0.0,-1.0));
#1747=DIRECTION('',(1.0,0.0,0.0));
#1748=SURFACE_STYLE_FILL_AREA(#2274);
#1749=ORIENTED_EDGE('',*,*,#2067,.T.);
#1750=ORIENTED_EDGE('',*,*,#2192,.F.);
#1751=ORIENTED_EDGE('',*,*,#2220,.F.);
#1752=ORIENTED_EDGE('',*,*,#2058,.F.);
#1753=ORIENTED_EDGE('',*,*,#2275,.F.);
#1754=ORIENTED_EDGE('',*,*,#2048,.F.);
#1755=CARTESIAN_POINT('',(0.0,0.0,14.7999999999999));
#1756=DIRECTION('',(-0.0,-0.0,1.0));
#1757=DIRECTION('',(1.0,0.0,0.0));
#1758=SURFACE_STYLE_FILL_AREA(#2276);
#1759=ORIENTED_EDGE('',*,*,#2062,.T.);
#1760=ORIENTED_EDGE('',*,*,#2226,.F.);
#1761=ORIENTED_EDGE('',*,*,#2073,.T.);
#1762=ORIENTED_EDGE('',*,*,#2052,.T.);
#1763=CARTESIAN_POINT('',(0.0,0.0,15.7));
#1764=DIRECTION('',(-0.0,0.0,-1.0));
#1765=DIRECTION('',(-1.0,0.0,0.0));
#1766=SURFACE_STYLE_FILL_AREA(#2277);
#1767=ORIENTED_EDGE('',*,*,#2057,.T.);
#1768=ORIENTED_EDGE('',*,*,#2232,.T.);
#1769=ORIENTED_EDGE('',*,*,#2068,.F.);
#1770=ORIENTED_EDGE('',*,*,#2278,.F.);
#1771=ORIENTED_EDGE('',*,*,#2055,.F.);
#1772=CARTESIAN_POINT('',(0.0,0.0,14.7999999999999));
#1773=DIRECTION('',(0.0,-0.0,1.0));
#1774=DIRECTION('',(-1.0,0.0,0.0));
#1775=SURFACE_STYLE_FILL_AREA(#2279);
#1776=ORIENTED_EDGE('',*,*,#2050,.T.);
#1777=ORIENTED_EDGE('',*,*,#2278,.T.);
#1778=ORIENTED_EDGE('',*,*,#2046,.F.);
#1779=ORIENTED_EDGE('',*,*,#2063,.F.);
#1780=CARTESIAN_POINT('',(-6.21724893790088E-15,0.0,14.9421574924277));
#1781=DIRECTION('',(0.0,0.0,-1.0));
#1782=DIRECTION('',(-0.968600376439783,0.248622828317738,0.0));
#1783=SURFACE_STYLE_FILL_AREA(#2280);
#1784=ORIENTED_EDGE('',*,*,#2043,.T.);
#1785=ORIENTED_EDGE('',*,*,#2275,.T.);
#1786=ORIENTED_EDGE('',*,*,#2053,.F.);
#1787=ORIENTED_EDGE('',*,*,#2072,.F.);
#1788=CARTESIAN_POINT('',(-8.88178419700125E-16,1.77635683940025E-15,14.9421574924277));
#1789=DIRECTION('',(0.0,-0.0,-1.0));
#1790=DIRECTION('',(0.940810392783422,-0.338933333903149,0.0));
#1791=SURFACE_STYLE_FILL_AREA(#2281);
#1792=ORIENTED_EDGE('',*,*,#2039,.T.);
#1793=ORIENTED_EDGE('',*,*,#2207,.F.);
#1794=ORIENTED_EDGE('',*,*,#2030,.T.);
#1795=ORIENTED_EDGE('',*,*,#2282,.F.);
#1796=ORIENTED_EDGE('',*,*,#2015,.F.);
#1797=CARTESIAN_POINT('',(0.0,0.0,-15.7));
#1798=DIRECTION('',(-0.0,0.0,1.0));
#1799=DIRECTION('',(1.0,0.0,0.0));
#1800=SURFACE_STYLE_FILL_AREA(#2283);
#1801=ORIENTED_EDGE('',*,*,#2033,.T.);
#1802=ORIENTED_EDGE('',*,*,#2246,.T.);
#1803=ORIENTED_EDGE('',*,*,#2026,.F.);
#1804=ORIENTED_EDGE('',*,*,#2012,.T.);
#1805=CARTESIAN_POINT('',(0.0,0.0,-14.7999999999999));
#1806=DIRECTION('',(0.0,-0.0,-1.0));
#1807=DIRECTION('',(1.0,0.0,0.0));
#1808=SURFACE_STYLE_FILL_AREA(#2284);
#1809=ORIENTED_EDGE('',*,*,#2029,.T.);
#1810=ORIENTED_EDGE('',*,*,#2180,.T.);
#1811=ORIENTED_EDGE('',*,*,#2040,.T.);
#1812=ORIENTED_EDGE('',*,*,#2285,.F.);
#1813=ORIENTED_EDGE('',*,*,#2022,.F.);
#1814=CARTESIAN_POINT('',(0.0,0.0,-15.7));
#1815=DIRECTION('',(0.0,0.0,1.0));
#1816=DIRECTION('',(-1.0,0.0,0.0));
#1817=SURFACE_STYLE_FILL_AREA(#2286);
#1818=ORIENTED_EDGE('',*,*,#2024,.T.);
#1819=ORIENTED_EDGE('',*,*,#2129,.F.);
#1820=ORIENTED_EDGE('',*,*,#2255,.F.);
#1821=ORIENTED_EDGE('',*,*,#2035,.F.);
#1822=ORIENTED_EDGE('',*,*,#2019,.T.);
#1823=CARTESIAN_POINT('',(0.0,0.0,-14.7999999999999));
#1824=DIRECTION('',(-0.0,0.0,-1.0));
#1825=DIRECTION('',(-1.0,0.0,0.0));
#1826=SURFACE_STYLE_FILL_AREA(#2287);
#1827=ORIENTED_EDGE('',*,*,#2017,.T.);
#1828=ORIENTED_EDGE('',*,*,#2285,.T.);
#1829=ORIENTED_EDGE('',*,*,#2013,.F.);
#1830=ORIENTED_EDGE('',*,*,#2025,.F.);
#1831=CARTESIAN_POINT('',(8.88178419700125E-16,0.0,-14.9421574924277));
#1832=DIRECTION('',(0.0,0.0,-1.0));
#1833=DIRECTION('',(-0.968600376439782,0.248622828317739,0.0));
#1834=SURFACE_STYLE_FILL_AREA(#2288);
#1835=ORIENTED_EDGE('',*,*,#2010,.T.);
#1836=ORIENTED_EDGE('',*,*,#2282,.T.);
#1837=ORIENTED_EDGE('',*,*,#2020,.F.);
#1838=ORIENTED_EDGE('',*,*,#2034,.F.);
#1839=CARTESIAN_POINT('',(4.88498130835069E-15,-1.77635683940025E-15,-14.9421574924277));
#1840=DIRECTION('',(0.0,-0.0,-1.0));
#1841=DIRECTION('',(0.940810392783422,-0.338933333903148,0.0));
#1842=SURFACE_STYLE_FILL_AREA(#2289);
#1843=ORIENTED_EDGE('',*,*,#2006,.T.);
#1844=ORIENTED_EDGE('',*,*,#1991,.F.);
#1845=ORIENTED_EDGE('',*,*,#2290,.F.);
#1846=ORIENTED_EDGE('',*,*,#2266,.T.);
#1847=ORIENTED_EDGE('',*,*,#2101,.T.);
#1848=CARTESIAN_POINT('',(0.0,0.0,10.25));
#1849=DIRECTION('',(0.0,0.0,1.0));
#1850=DIRECTION('',(1.0,0.0,0.0));
#1851=SURFACE_STYLE_FILL_AREA(#2291);
#1852=ORIENTED_EDGE('',*,*,#2002,.T.);
#1853=ORIENTED_EDGE('',*,*,#2104,.T.);
#1854=ORIENTED_EDGE('',*,*,#2264,.T.);
#1855=ORIENTED_EDGE('',*,*,#2290,.T.);
#1856=ORIENTED_EDGE('',*,*,#2292,.F.);
#1857=ORIENTED_EDGE('',*,*,#1985,.F.);
#1858=CARTESIAN_POINT('',(0.0,0.0,10.25));
#1859=DIRECTION('',(0.0,0.0,-1.0));
#1860=DIRECTION('',(-1.0,0.0,0.0));
#1861=SURFACE_STYLE_FILL_AREA(#2293);
#1862=ORIENTED_EDGE('',*,*,#1998,.T.);
#1863=ORIENTED_EDGE('',*,*,#1988,.T.);
#1864=ORIENTED_EDGE('',*,*,#2294,.T.);
#1865=ORIENTED_EDGE('',*,*,#1996,.F.);
#1866=ORIENTED_EDGE('',*,*,#2201,.F.);
#1867=CARTESIAN_POINT('',(-2.39808173319035E-14,4.44089209850064E-14,33.0));
#1868=DIRECTION('',(4.50777660126292E-31,-3.5527136788005E-15,-1.0));
#1869=DIRECTION('',(1.0,1.26882631385732E-16,0.0));
#1870=SURFACE_STYLE_FILL_AREA(#2295);
#1871=ORIENTED_EDGE('',*,*,#1994,.T.);
#1872=ORIENTED_EDGE('',*,*,#1981,.T.);
#1873=ORIENTED_EDGE('',*,*,#2296,.T.);
#1874=ORIENTED_EDGE('',*,*,#2000,.F.);
#1875=ORIENTED_EDGE('',*,*,#2228,.F.);
#1876=CARTESIAN_POINT('',(-3.81916720471057E-14,2.66453525910039E-14,33.0000000000001));
#1877=DIRECTION('',(8.85859603629298E-31,-1.77635683940025E-15,-1.0));
#1878=DIRECTION('',(-1.0,-4.98694622600935E-16,0.0));
#1879=SURFACE_STYLE_FILL_AREA(#2297);
#1880=ORIENTED_EDGE('',*,*,#1987,.T.);
#1881=ORIENTED_EDGE('',*,*,#2008,.T.);
#1882=ORIENTED_EDGE('',*,*,#1983,.F.);
#1883=ORIENTED_EDGE('',*,*,#2294,.F.);
#1884=CARTESIAN_POINT('',(-8.88178419700125E-16,1.77635683940025E-15,19.7928932188135));
#1885=DIRECTION('',(0.0,-0.0,1.0));
#1886=DIRECTION('',(0.96858437827672,0.248685146637871,0.0));
#1887=SURFACE_STYLE_FILL_AREA(#2298);
#1888=ORIENTED_EDGE('',*,*,#1980,.T.);
#1889=ORIENTED_EDGE('',*,*,#2292,.T.);
#1890=ORIENTED_EDGE('',*,*,#1990,.F.);
#1891=ORIENTED_EDGE('',*,*,#2296,.F.);
#1892=CARTESIAN_POINT('',(-2.22044604925031E-15,8.88178419700125E-16,19.7928932188135));
#1893=DIRECTION('',(0.0,0.0,1.0));
#1894=DIRECTION('',(-0.940875795210975,-0.338751735030415,0.0));
#1895=SURFACE_STYLE_FILL_AREA(#2299);
#1896=ORIENTED_EDGE('',*,*,#1976,.T.);
#1897=ORIENTED_EDGE('',*,*,#2080,.F.);
#1898=ORIENTED_EDGE('',*,*,#2300,.T.);
#1899=ORIENTED_EDGE('',*,*,#2301,.T.);
#1900=ORIENTED_EDGE('',*,*,#1960,.T.);
#1901=CARTESIAN_POINT('',(0.0,0.0,10.25));
#1902=DIRECTION('',(0.0,0.0,1.0));
#1903=DIRECTION('',(1.0,0.0,0.0));
#1904=SURFACE_STYLE_FILL_AREA(#2302);
#1905=ORIENTED_EDGE('',*,*,#1970,.T.);
#1906=ORIENTED_EDGE('',*,*,#1952,.T.);
#1907=ORIENTED_EDGE('',*,*,#2300,.F.);
#1908=ORIENTED_EDGE('',*,*,#2083,.F.);
#1909=CARTESIAN_POINT('',(0.0,0.0,10.25));
#1910=DIRECTION('',(0.0,0.0,-1.0));
#1911=DIRECTION('',(-1.0,0.0,0.0));
#1912=SURFACE_STYLE_FILL_AREA(#2303);
#1913=ORIENTED_EDGE('',*,*,#1966,.T.);
#1914=ORIENTED_EDGE('',*,*,#1956,.F.);
#1915=ORIENTED_EDGE('',*,*,#2304,.F.);
#1916=ORIENTED_EDGE('',*,*,#1964,.T.);
#1917=ORIENTED_EDGE('',*,*,#2214,.T.);
#1918=CARTESIAN_POINT('',(-2.39808173319035E-14,4.44089209850064E-14,-33.0));
#1919=DIRECTION('',(4.50777660126292E-31,-3.5527136788005E-15,1.0));
#1920=DIRECTION('',(1.0,1.26882631385732E-16,0.0));
#1921=SURFACE_STYLE_FILL_AREA(#2305);
#1922=ORIENTED_EDGE('',*,*,#1962,.T.);
#1923=ORIENTED_EDGE('',*,*,#1949,.F.);
#1924=ORIENTED_EDGE('',*,*,#2306,.F.);
#1925=ORIENTED_EDGE('',*,*,#1968,.T.);
#1926=ORIENTED_EDGE('',*,*,#2175,.T.);
#1927=CARTESIAN_POINT('',(-3.81916720471057E-14,2.66453525910039E-14,-33.0000000000001));
#1928=DIRECTION('',(8.85859603629298E-31,-1.77635683940025E-15,1.0));
#1929=DIRECTION('',(-1.0,-4.98694622600935E-16,0.0));
#1930=SURFACE_STYLE_FILL_AREA(#2307);
#1931=ORIENTED_EDGE('',*,*,#1955,.T.);
#1932=ORIENTED_EDGE('',*,*,#2301,.F.);
#1933=ORIENTED_EDGE('',*,*,#1951,.T.);
#1934=ORIENTED_EDGE('',*,*,#2304,.T.);
#1935=CARTESIAN_POINT('',(1.33226762955019E-15,-5.32907051820075E-15,-19.7928932188134));
#1936=DIRECTION('',(3.71428289423922E-17,3.57817420203693E-15,-1.0));
#1937=DIRECTION('',(0.96858437827672,-0.248685146637872,-8.53862812250797E-16));
#1938=SURFACE_STYLE_FILL_AREA(#2308);
#1939=ORIENTED_EDGE('',*,*,#1948,.T.);
#1940=ORIENTED_EDGE('',*,*,#1974,.F.);
#1941=ORIENTED_EDGE('',*,*,#1958,.T.);
#1942=ORIENTED_EDGE('',*,*,#2306,.T.);
#1943=CARTESIAN_POINT('',(4.88498130835069E-15,6.21724893790088E-15,-19.7928932188135));
#1944=DIRECTION('',(-2.65362051553334E-17,1.62644281910769E-15,-1.0));
#1945=DIRECTION('',(-0.929783692538971,0.36810635024215,6.23376860834581E-16));
#1946=SURFACE_STYLE_FILL_AREA(#2309);
#1947=FILL_AREA_STYLE('',(#2310));
#1948=EDGE_CURVE('',#2311,#2312,#2313,.T.);
#1949=EDGE_CURVE('',#2311,#2314,#2315,.T.);
#1950=EDGE_CURVE('',#2314,#2316,#2317,.T.);
#1951=EDGE_CURVE('',#2318,#2316,#2319,.T.);
#1952=EDGE_CURVE('',#2320,#2318,#2321,.F.);
#1953=EDGE_CURVE('',#2312,#2320,#2322,.F.);
#1954=FILL_AREA_STYLE('',(#2323));
#1955=EDGE_CURVE('',#2324,#2325,#2326,.T.);
#1956=EDGE_CURVE('',#2324,#2327,#2328,.T.);
#1957=EDGE_CURVE('',#2327,#2329,#2330,.T.);
#1958=EDGE_CURVE('',#2331,#2329,#2332,.T.);
#1959=EDGE_CURVE('',#2333,#2331,#2334,.T.);
#1960=EDGE_CURVE('',#2325,#2333,#2335,.T.);
#1961=FILL_AREA_STYLE('',(#2336));
#1962=EDGE_CURVE('',#2337,#2314,#2338,.T.);
#1963=EDGE_CURVE('',#2337,#2339,#2340,.F.);
#1964=EDGE_CURVE('',#2316,#2339,#2341,.F.);
#1965=FILL_AREA_STYLE('',(#2342));
#1966=EDGE_CURVE('',#2343,#2327,#2344,.T.);
#1967=EDGE_CURVE('',#2343,#2345,#2346,.T.);
#1968=EDGE_CURVE('',#2329,#2345,#2347,.F.);
#1969=FILL_AREA_STYLE('',(#2348));
#1970=EDGE_CURVE('',#2349,#2320,#2350,.T.);
#1971=EDGE_CURVE('',#2351,#2349,#2352,.F.);
#1972=EDGE_CURVE('',#2353,#2351,#2354,.F.);
#1973=EDGE_CURVE('',#2353,#2331,#2355,.F.);
#1974=EDGE_CURVE('',#2331,#2312,#2356,.F.);
#1975=FILL_AREA_STYLE('',(#2357));
#1976=EDGE_CURVE('',#2333,#2358,#2359,.T.);
#1977=EDGE_CURVE('',#2360,#2353,#2361,.T.);
#1978=EDGE_CURVE('',#2358,#2360,#2362,.T.);
#1979=FILL_AREA_STYLE('',(#2363));
#1980=EDGE_CURVE('',#2364,#2365,#2366,.T.);
#1981=EDGE_CURVE('',#2367,#2364,#2368,.T.);
#1982=EDGE_CURVE('',#2369,#2367,#2370,.T.);
#1983=EDGE_CURVE('',#2369,#2371,#2372,.F.);
#1984=EDGE_CURVE('',#2371,#2373,#2374,.F.);
#1985=EDGE_CURVE('',#2373,#2365,#2375,.F.);
#1986=FILL_AREA_STYLE('',(#2376));
#1987=EDGE_CURVE('',#2377,#2378,#2379,.T.);
#1988=EDGE_CURVE('',#2380,#2377,#2381,.T.);
#1989=EDGE_CURVE('',#2382,#2380,#2383,.T.);
#1990=EDGE_CURVE('',#2382,#2384,#2385,.F.);
#1991=EDGE_CURVE('',#2384,#2386,#2387,.T.);
#1992=EDGE_CURVE('',#2386,#2378,#2388,.T.);
#1993=FILL_AREA_STYLE('',(#2389));
#1994=EDGE_CURVE('',#2390,#2367,#2391,.T.);
#1995=EDGE_CURVE('',#2392,#2390,#2393,.F.);
#1996=EDGE_CURVE('',#2392,#2369,#2394,.T.);
#1997=FILL_AREA_STYLE('',(#2395));
#1998=EDGE_CURVE('',#2396,#2380,#2397,.T.);
#1999=EDGE_CURVE('',#2398,#2396,#2399,.T.);
#2000=EDGE_CURVE('',#2398,#2382,#2400,.T.);
#2001=FILL_AREA_STYLE('',(#2401));
#2002=EDGE_CURVE('',#2373,#2402,#2403,.T.);
#2003=EDGE_CURVE('',#2404,#2371,#2405,.T.);
#2004=EDGE_CURVE('',#2404,#2402,#2406,.F.);
#2005=FILL_AREA_STYLE('',(#2407));
#2006=EDGE_CURVE('',#2408,#2386,#2409,.T.);
#2007=EDGE_CURVE('',#2408,#2404,#2410,.T.);
#2008=EDGE_CURVE('',#2378,#2371,#2411,.T.);
#2009=FILL_AREA_STYLE('',(#2412));
#2010=EDGE_CURVE('',#2413,#2414,#2415,.T.);
#2011=EDGE_CURVE('',#2416,#2413,#2417,.F.);
#2012=EDGE_CURVE('',#2418,#2416,#2419,.F.);
#2013=EDGE_CURVE('',#2418,#2420,#2421,.F.);
#2014=EDGE_CURVE('',#2420,#2422,#2423,.T.);
#2015=EDGE_CURVE('',#2422,#2414,#2424,.T.);
#2016=FILL_AREA_STYLE('',(#2425));
#2017=EDGE_CURVE('',#2426,#2427,#2428,.T.);
#2018=EDGE_CURVE('',#2429,#2426,#2430,.T.);
#2019=EDGE_CURVE('',#2431,#2429,#2432,.T.);
#2020=EDGE_CURVE('',#2431,#2433,#2434,.F.);
#2021=EDGE_CURVE('',#2433,#2435,#2436,.F.);
#2022=EDGE_CURVE('',#2435,#2427,#2437,.F.);
#2023=FILL_AREA_STYLE('',(#2438));
#2024=EDGE_CURVE('',#2429,#2439,#2440,.T.);
#2025=EDGE_CURVE('',#2426,#2418,#2441,.T.);
#2026=EDGE_CURVE('',#2418,#2442,#2443,.F.);
#2027=EDGE_CURVE('',#2439,#2442,#2444,.T.);
#2028=FILL_AREA_STYLE('',(#2445));
#2029=EDGE_CURVE('',#2435,#2446,#2447,.T.);
#2030=EDGE_CURVE('',#2448,#2433,#2449,.F.);
#2031=EDGE_CURVE('',#2448,#2446,#2450,.T.);
#2032=FILL_AREA_STYLE('',(#2451));
#2033=EDGE_CURVE('',#2416,#2452,#2453,.T.);
#2034=EDGE_CURVE('',#2413,#2431,#2454,.F.);
#2035=EDGE_CURVE('',#2431,#2455,#2456,.F.);
#2036=EDGE_CURVE('',#2455,#2457,#2458,.T.);
#2037=EDGE_CURVE('',#2457,#2452,#2459,.T.);
#2038=FILL_AREA_STYLE('',(#2460));
#2039=EDGE_CURVE('',#2422,#2461,#2462,.T.);
#2040=EDGE_CURVE('',#2463,#2420,#2464,.F.);
#2041=EDGE_CURVE('',#2461,#2463,#2465,.T.);
#2042=FILL_AREA_STYLE('',(#2466));
#2043=EDGE_CURVE('',#2467,#2468,#2469,.T.);
#2044=EDGE_CURVE('',#2470,#2467,#2471,.T.);
#2045=EDGE_CURVE('',#2472,#2470,#2473,.T.);
#2046=EDGE_CURVE('',#2472,#2474,#2475,.F.);
#2047=EDGE_CURVE('',#2474,#2476,#2477,.F.);
#2048=EDGE_CURVE('',#2476,#2468,#2478,.F.);
#2049=FILL_AREA_STYLE('',(#2479));
#2050=EDGE_CURVE('',#2480,#2481,#2482,.T.);
#2051=EDGE_CURVE('',#2483,#2480,#2484,.F.);
#2052=EDGE_CURVE('',#2485,#2483,#2486,.F.);
#2053=EDGE_CURVE('',#2485,#2487,#2488,.F.);
#2054=EDGE_CURVE('',#2487,#2489,#2490,.T.);
#2055=EDGE_CURVE('',#2489,#2481,#2491,.T.);
#2056=FILL_AREA_STYLE('',(#2492));
#2057=EDGE_CURVE('',#2489,#2493,#2494,.T.);
#2058=EDGE_CURVE('',#2487,#2495,#2496,.F.);
#2059=EDGE_CURVE('',#2495,#2497,#2498,.T.);
#2060=EDGE_CURVE('',#2497,#2493,#2499,.T.);
#2061=FILL_AREA_STYLE('',(#2500));
#2062=EDGE_CURVE('',#2483,#2501,#2502,.T.);
#2063=EDGE_CURVE('',#2480,#2472,#2503,.F.);
#2064=EDGE_CURVE('',#2504,#2472,#2505,.F.);
#2065=EDGE_CURVE('',#2501,#2504,#2506,.T.);
#2066=FILL_AREA_STYLE('',(#2507));
#2067=EDGE_CURVE('',#2476,#2508,#2509,.T.);
#2068=EDGE_CURVE('',#2474,#2510,#2511,.F.);
#2069=EDGE_CURVE('',#2508,#2510,#2512,.T.);
#2070=FILL_AREA_STYLE('',(#2513));
#2071=EDGE_CURVE('',#2470,#2514,#2515,.T.);
#2072=EDGE_CURVE('',#2467,#2485,#2516,.T.);
#2073=EDGE_CURVE('',#2517,#2485,#2518,.F.);
#2074=EDGE_CURVE('',#2517,#2514,#2519,.T.);
#2075=FILL_AREA_STYLE('',(#2520));
#2076=EDGE_CURVE('',#2521,#2360,#2522,.T.);
#2077=EDGE_CURVE('',#2523,#2521,#2524,.F.);
#2078=EDGE_CURVE('',#2525,#2523,#2526,.F.);
#2079=EDGE_CURVE('',#2527,#2525,#2528,.T.);
#2080=EDGE_CURVE('',#2527,#2358,#2529,.T.);
#2081=FILL_AREA_STYLE('',(#2530));
#2082=EDGE_CURVE('',#2351,#2531,#2532,.T.);
#2083=EDGE_CURVE('',#2349,#2527,#2533,.F.);
#2084=EDGE_CURVE('',#2534,#2525,#2535,.T.);
#2085=EDGE_CURVE('',#2531,#2534,#2536,.T.);
#2086=FILL_AREA_STYLE('',(#2537));
#2087=EDGE_CURVE('',#2534,#2538,#2539,.T.);
#2088=EDGE_CURVE('',#2540,#2525,#2541,.F.);
#2089=EDGE_CURVE('',#2540,#2542,#2543,.F.);
#2090=EDGE_CURVE('',#2542,#2538,#2544,.F.);
#2091=FILL_AREA_STYLE('',(#2545));
#2092=EDGE_CURVE('',#2523,#2546,#2547,.T.);
#2093=EDGE_CURVE('',#2521,#2548,#2549,.F.);
#2094=EDGE_CURVE('',#2550,#2548,#2551,.F.);
#2095=EDGE_CURVE('',#2546,#2550,#2552,.F.);
#2096=FILL_AREA_STYLE('',(#2553));
#2097=EDGE_CURVE('',#2554,#2555,#2556,.T.);
#2098=EDGE_CURVE('',#2554,#2557,#2558,.F.);
#2099=EDGE_CURVE('',#2557,#2559,#2560,.F.);
#2100=EDGE_CURVE('',#2559,#2404,#2561,.F.);
#2101=EDGE_CURVE('',#2555,#2408,#2562,.T.);
#2102=FILL_AREA_STYLE('',(#2563));
#2103=EDGE_CURVE('',#2564,#2565,#2566,.T.);
#2104=EDGE_CURVE('',#2402,#2564,#2567,.F.);
#2105=EDGE_CURVE('',#2559,#2568,#2569,.T.);
#2106=EDGE_CURVE('',#2568,#2565,#2570,.T.);
#2107=FILL_AREA_STYLE('',(#2571));
#2108=EDGE_CURVE('',#2568,#2572,#2573,.T.);
#2109=EDGE_CURVE('',#2574,#2559,#2575,.F.);
#2110=EDGE_CURVE('',#2572,#2574,#2576,.F.);
#2111=FILL_AREA_STYLE('',(#2577));
#2112=EDGE_CURVE('',#2557,#2578,#2579,.T.);
#2113=EDGE_CURVE('',#2580,#2554,#2581,.F.);
#2114=EDGE_CURVE('',#2582,#2580,#2583,.F.);
#2115=EDGE_CURVE('',#2582,#2584,#2585,.F.);
#2116=EDGE_CURVE('',#2584,#2578,#2586,.F.);
#2117=FILL_AREA_STYLE('',(#2587));
#2118=EDGE_CURVE('',#2588,#2542,#2589,.T.);
#2119=EDGE_CURVE('',#2588,#2590,#2591,.T.);
#2120=EDGE_CURVE('',#2590,#2592,#2593,.T.);
#2121=EDGE_CURVE('',#2592,#2550,#2594,.T.);
#2122=EDGE_CURVE('',#2538,#2550,#2595,.F.);
#2123=FILL_AREA_STYLE('',(#2596));
#2124=EDGE_CURVE('',#2597,#2590,#2598,.T.);
#2125=EDGE_CURVE('',#2597,#2599,#2600,.T.);
#2126=EDGE_CURVE('',#2599,#2592,#2601,.F.);
#2127=FILL_AREA_STYLE('',(#2602));
#2128=EDGE_CURVE('',#2603,#2604,#2605,.T.);
#2129=EDGE_CURVE('',#2603,#2439,#2606,.T.);
#2130=EDGE_CURVE('',#2442,#2607,#2608,.T.);
#2131=EDGE_CURVE('',#2609,#2607,#2610,.T.);
#2132=EDGE_CURVE('',#2604,#2609,#2611,.T.);
#2133=FILL_AREA_STYLE('',(#2612));
#2134=EDGE_CURVE('',#2609,#2613,#2614,.T.);
#2135=EDGE_CURVE('',#2607,#2615,#2616,.T.);
#2136=EDGE_CURVE('',#2613,#2615,#2617,.T.);
#2137=FILL_AREA_STYLE('',(#2618));
#2138=EDGE_CURVE('',#2619,#2620,#2621,.T.);
#2139=EDGE_CURVE('',#2622,#2619,#2623,.T.);
#2140=EDGE_CURVE('',#2540,#2622,#2624,.F.);
#2141=EDGE_CURVE('',#2540,#2620,#2625,.F.);
#2142=FILL_AREA_STYLE('',(#2626));
#2143=EDGE_CURVE('',#2627,#2628,#2629,.T.);
#2144=EDGE_CURVE('',#2627,#2592,#2630,.T.);
#2145=EDGE_CURVE('',#2628,#2599,#2631,.T.);
#2146=FILL_AREA_STYLE('',(#2632));
#2147=EDGE_CURVE('',#2457,#2633,#2634,.T.);
#2148=EDGE_CURVE('',#2635,#2455,#2636,.F.);
#2149=EDGE_CURVE('',#2635,#2633,#2637,.T.);
#2150=FILL_AREA_STYLE('',(#2638));
#2151=EDGE_CURVE('',#2639,#2640,#2641,.T.);
#2152=EDGE_CURVE('',#2639,#2615,#2642,.T.);
#2153=EDGE_CURVE('',#2640,#2607,#2643,.T.);
#2154=FILL_AREA_STYLE('',(#2644));
#2155=EDGE_CURVE('',#2645,#2646,#2647,.T.);
#2156=EDGE_CURVE('',#2648,#2645,#2649,.T.);
#2157=EDGE_CURVE('',#2582,#2648,#2650,.F.);
#2158=EDGE_CURVE('',#2582,#2646,#2651,.F.);
#2159=FILL_AREA_STYLE('',(#2652));
#2160=EDGE_CURVE('',#2653,#2654,#2655,.T.);
#2161=EDGE_CURVE('',#2653,#2656,#2657,.T.);
#2162=EDGE_CURVE('',#2658,#2656,#2659,.T.);
#2163=EDGE_CURVE('',#2654,#2658,#2660,.T.);
#2164=FILL_AREA_STYLE('',(#2661));
#2165=EDGE_CURVE('',#2497,#2662,#2663,.T.);
#2166=EDGE_CURVE('',#2664,#2495,#2665,.F.);
#2167=EDGE_CURVE('',#2664,#2662,#2666,.T.);
#2168=FILL_AREA_STYLE('',(#2667));
#2169=EDGE_CURVE('',#2668,#2669,#2670,.T.);
#2170=EDGE_CURVE('',#2668,#2671,#2672,.T.);
#2171=EDGE_CURVE('',#2673,#2671,#2674,.F.);
#2172=EDGE_CURVE('',#2669,#2673,#2675,.T.);
#2173=FILL_AREA_STYLE('',(#2676));
#2174=EDGE_CURVE('',#2337,#2390,#2677,.T.);
#2175=EDGE_CURVE('',#2345,#2337,#2678,.F.);
#2176=EDGE_CURVE('',#2345,#2392,#2679,.T.);
#2177=FILL_AREA_STYLE('',(#2680));
#2178=EDGE_CURVE('',#2501,#2446,#2681,.T.);
#2179=EDGE_CURVE('',#2504,#2463,#2682,.F.);
#2180=EDGE_CURVE('',#2446,#2463,#2683,.T.);
#2181=FILL_AREA_STYLE('',(#2684));
#2182=EDGE_CURVE('',#2685,#2584,#2686,.T.);
#2183=EDGE_CURVE('',#2685,#2687,#2688,.T.);
#2184=EDGE_CURVE('',#2687,#2656,#2689,.T.);
#2185=EDGE_CURVE('',#2656,#2574,#2690,.T.);
#2186=EDGE_CURVE('',#2578,#2574,#2691,.F.);
#2187=FILL_AREA_STYLE('',(#2692));
#2188=EDGE_CURVE('',#2693,#2687,#2694,.T.);
#2189=EDGE_CURVE('',#2693,#2658,#2695,.T.);
#2190=FILL_AREA_STYLE('',(#2696));
#2191=EDGE_CURVE('',#2697,#2698,#2699,.T.);
#2192=EDGE_CURVE('',#2697,#2508,#2700,.T.);
#2193=EDGE_CURVE('',#2510,#2673,#2701,.T.);
#2194=EDGE_CURVE('',#2702,#2673,#2703,.T.);
#2195=EDGE_CURVE('',#2698,#2702,#2704,.T.);
#2196=FILL_AREA_STYLE('',(#2705));
#2197=EDGE_CURVE('',#2702,#2706,#2707,.T.);
#2198=EDGE_CURVE('',#2706,#2671,#2708,.T.);
#2199=FILL_AREA_STYLE('',(#2709));
#2200=EDGE_CURVE('',#2396,#2343,#2710,.T.);
#2201=EDGE_CURVE('',#2396,#2392,#2711,.T.);
#2202=FILL_AREA_STYLE('',(#2712));
#2203=EDGE_CURVE('',#2461,#2514,#2713,.T.);
#2204=EDGE_CURVE('',#2514,#2504,#2714,.T.);
#2205=FILL_AREA_STYLE('',(#2715));
#2206=EDGE_CURVE('',#2517,#2448,#2716,.F.);
#2207=EDGE_CURVE('',#2448,#2461,#2717,.T.);
#2208=FILL_AREA_STYLE('',(#2718));
#2209=EDGE_CURVE('',#2719,#2706,#2720,.T.);
#2210=EDGE_CURVE('',#2719,#2668,#2721,.T.);
#2211=EDGE_CURVE('',#2722,#2654,#2723,.T.);
#2212=EDGE_CURVE('',#2722,#2693,#2724,.T.);
#2213=FILL_AREA_STYLE('',(#2725));
#2214=EDGE_CURVE('',#2339,#2343,#2726,.T.);
#2215=EDGE_CURVE('',#2339,#2398,#2727,.T.);
#2216=FILL_AREA_STYLE('',(#2728));
#2217=EDGE_CURVE('',#2664,#2719,#2729,.F.);
#2218=EDGE_CURVE('',#2664,#2698,#2730,.T.);
#2219=FILL_AREA_STYLE('',(#2731));
#2220=EDGE_CURVE('',#2495,#2697,#2732,.T.);
#2221=FILL_AREA_STYLE('',(#2733));
#2222=EDGE_CURVE('',#2648,#2685,#2734,.T.);
#2223=EDGE_CURVE('',#2722,#2648,#2735,.T.);
#2224=FILL_AREA_STYLE('',(#2736));
#2225=FILL_AREA_STYLE('',(#2737));
#2226=EDGE_CURVE('',#2517,#2501,#2738,.T.);
#2227=FILL_AREA_STYLE('',(#2739));
#2228=EDGE_CURVE('',#2390,#2398,#2740,.F.);
#2229=FILL_AREA_STYLE('',(#2741));
#2230=EDGE_CURVE('',#2662,#2669,#2742,.T.);
#2231=FILL_AREA_STYLE('',(#2743));
#2232=EDGE_CURVE('',#2493,#2510,#2744,.T.);
#2233=FILL_AREA_STYLE('',(#2745));
#2234=EDGE_CURVE('',#2645,#2653,#2746,.T.);
#2235=FILL_AREA_STYLE('',(#2747));
#2236=EDGE_CURVE('',#2646,#2572,#2748,.F.);
#2237=FILL_AREA_STYLE('',(#2749));
#2238=EDGE_CURVE('',#2750,#2613,#2751,.T.);
#2239=EDGE_CURVE('',#2750,#2639,#2752,.T.);
#2240=EDGE_CURVE('',#2753,#2628,#2754,.T.);
#2241=EDGE_CURVE('',#2753,#2597,#2755,.T.);
#2242=FILL_AREA_STYLE('',(#2756));
#2243=EDGE_CURVE('',#2633,#2640,#2757,.T.);
#2244=EDGE_CURVE('',#2635,#2750,#2758,.T.);
#2245=FILL_AREA_STYLE('',(#2759));
#2246=EDGE_CURVE('',#2452,#2442,#2760,.T.);
#2247=FILL_AREA_STYLE('',(#2761));
#2248=EDGE_CURVE('',#2753,#2622,#2762,.F.);
#2249=EDGE_CURVE('',#2619,#2627,#2763,.T.);
#2250=FILL_AREA_STYLE('',(#2764));
#2251=EDGE_CURVE('',#2620,#2546,#2765,.F.);
#2252=FILL_AREA_STYLE('',(#2766));
#2253=EDGE_CURVE('',#2635,#2604,#2767,.T.);
#2254=FILL_AREA_STYLE('',(#2768));
#2255=EDGE_CURVE('',#2455,#2603,#2769,.T.);
#2256=FILL_AREA_STYLE('',(#2770));
#2257=EDGE_CURVE('',#2622,#2588,#2771,.T.);
#2258=FILL_AREA_STYLE('',(#2772));
#2259=FILL_AREA_STYLE('',(#2773));
#2260=FILL_AREA_STYLE('',(#2774));
#2261=EDGE_CURVE('',#2565,#2580,#2775,.T.);
#2262=FILL_AREA_STYLE('',(#2776));
#2263=EDGE_CURVE('',#2580,#2777,#2778,.F.);
#2264=EDGE_CURVE('',#2564,#2777,#2779,.F.);
#2265=FILL_AREA_STYLE('',(#2780));
#2266=EDGE_CURVE('',#2777,#2555,#2781,.T.);
#2267=FILL_AREA_STYLE('',(#2782));
#2268=FILL_AREA_STYLE('',(#2783));
#2269=EDGE_CURVE('',#2548,#2531,#2784,.T.);
#2270=FILL_AREA_STYLE('',(#2785));
#2271=EDGE_CURVE('',#2353,#2548,#2786,.T.);
#2272=FILL_AREA_STYLE('',(#2787));
#2273=FILL_AREA_STYLE('',(#2788));
#2274=FILL_AREA_STYLE('',(#2789));
#2275=EDGE_CURVE('',#2468,#2487,#2790,.F.);
#2276=FILL_AREA_STYLE('',(#2791));
#2277=FILL_AREA_STYLE('',(#2792));
#2278=EDGE_CURVE('',#2481,#2474,#2793,.T.);
#2279=FILL_AREA_STYLE('',(#2794));
#2280=FILL_AREA_STYLE('',(#2795));
#2281=FILL_AREA_STYLE('',(#2796));
#2282=EDGE_CURVE('',#2414,#2433,#2797,.T.);
#2283=FILL_AREA_STYLE('',(#2798));
#2284=FILL_AREA_STYLE('',(#2799));
#2285=EDGE_CURVE('',#2427,#2420,#2800,.F.);
#2286=FILL_AREA_STYLE('',(#2801));
#2287=FILL_AREA_STYLE('',(#2802));
#2288=FILL_AREA_STYLE('',(#2803));
#2289=FILL_AREA_STYLE('',(#2804));
#2290=EDGE_CURVE('',#2777,#2384,#2805,.T.);
#2291=FILL_AREA_STYLE('',(#2806));
#2292=EDGE_CURVE('',#2365,#2384,#2807,.F.);
#2293=FILL_AREA_STYLE('',(#2808));
#2294=EDGE_CURVE('',#2377,#2369,#2809,.T.);
#2295=FILL_AREA_STYLE('',(#2810));
#2296=EDGE_CURVE('',#2364,#2382,#2811,.T.);
#2297=FILL_AREA_STYLE('',(#2812));
#2298=FILL_AREA_STYLE('',(#2813));
#2299=FILL_AREA_STYLE('',(#2814));
#2300=EDGE_CURVE('',#2527,#2318,#2815,.F.);
#2301=EDGE_CURVE('',#2318,#2325,#2816,.T.);
#2302=FILL_AREA_STYLE('',(#2817));
#2303=FILL_AREA_STYLE('',(#2818));
#2304=EDGE_CURVE('',#2316,#2324,#2819,.T.);
#2305=FILL_AREA_STYLE('',(#2820));
#2306=EDGE_CURVE('',#2329,#2311,#2821,.T.);
#2307=FILL_AREA_STYLE('',(#2822));
#2308=FILL_AREA_STYLE('',(#2823));
#2309=FILL_AREA_STYLE('',(#2824));
#2310=FILL_AREA_STYLE_COLOUR('',#2825);
#2311=VERTEX_POINT('',#2826);
#2312=VERTEX_POINT('',#2827);
#2313=CIRCLE('',#2828,0.5);
#2314=VERTEX_POINT('',#2829);
#2315=CIRCLE('',#2830,13.8535533905933);
#2316=VERTEX_POINT('',#2831);
#2317=CIRCLE('',#2832,13.8535533905933);
#2318=VERTEX_POINT('',#2833);
#2319=CIRCLE('',#2834,0.5);
#2320=VERTEX_POINT('',#2835);
#2321=CIRCLE('',#2836,14.0);
#2322=CIRCLE('',#2837,14.0);
#2323=FILL_AREA_STYLE_COLOUR('',#2838);
#2324=VERTEX_POINT('',#2839);
#2325=VERTEX_POINT('',#2840);
#2326=CIRCLE('',#2841,0.5);
#2327=VERTEX_POINT('',#2842);
#2328=CIRCLE('',#2843,13.8535533905933);
#2329=VERTEX_POINT('',#2844);
#2330=CIRCLE('',#2845,13.8535533905933);
#2331=VERTEX_POINT('',#2846);
#2332=CIRCLE('',#2847,0.5);
#2333=VERTEX_POINT('',#2848);
#2334=CIRCLE('',#2849,14.0);
#2335=CIRCLE('',#2850,14.0);
#2336=FILL_AREA_STYLE_COLOUR('',#2851);
#2337=VERTEX_POINT('',#2852);
#2338=LINE('',#2853,#2854);
#2339=VERTEX_POINT('',#2855);
#2340=CIRCLE('',#2856,13.5);
#2341=LINE('',#2857,#2858);
#2342=FILL_AREA_STYLE_COLOUR('',#2859);
#2343=VERTEX_POINT('',#2860);
#2344=LINE('',#2861,#2862);
#2345=VERTEX_POINT('',#2863);
#2346=CIRCLE('',#2864,13.5);
#2347=LINE('',#2865,#2866);
#2348=FILL_AREA_STYLE_COLOUR('',#2867);
#2349=VERTEX_POINT('',#2868);
#2350=LINE('',#2869,#2870);
#2351=VERTEX_POINT('',#2871);
#2352=CIRCLE('',#2872,14.0);
#2353=VERTEX_POINT('',#2873);
#2354=CIRCLE('',#2874,14.0);
#2355=LINE('',#2875,#2876);
#2356=CIRCLE('',#2877,14.0);
#2357=FILL_AREA_STYLE_COLOUR('',#2878);
#2358=VERTEX_POINT('',#2879);
#2359=LINE('',#2880,#2881);
#2360=VERTEX_POINT('',#2882);
#2361=CIRCLE('',#2883,14.0);
#2362=CIRCLE('',#2884,14.0);
#2363=FILL_AREA_STYLE_COLOUR('',#2885);
#2364=VERTEX_POINT('',#2886);
#2365=VERTEX_POINT('',#2887);
#2366=CIRCLE('',#2888,0.5);
#2367=VERTEX_POINT('',#2889);
#2368=CIRCLE('',#2890,13.8535533905933);
#2369=VERTEX_POINT('',#2891);
#2370=CIRCLE('',#2892,13.8535533905933);
#2371=VERTEX_POINT('',#2893);
#2372=CIRCLE('',#2894,0.5);
#2373=VERTEX_POINT('',#2895);
#2374=CIRCLE('',#2896,14.0);
#2375=CIRCLE('',#2897,14.0);
#2376=FILL_AREA_STYLE_COLOUR('',#2898);
#2377=VERTEX_POINT('',#2899);
#2378=VERTEX_POINT('',#2900);
#2379=CIRCLE('',#2901,0.5);
#2380=VERTEX_POINT('',#2902);
#2381=CIRCLE('',#2903,13.8535533905933);
#2382=VERTEX_POINT('',#2904);
#2383=CIRCLE('',#2905,13.8535533905933);
#2384=VERTEX_POINT('',#2906);
#2385=CIRCLE('',#2907,0.5);
#2386=VERTEX_POINT('',#2908);
#2387=CIRCLE('',#2909,14.0);
#2388=CIRCLE('',#2910,14.0);
#2389=FILL_AREA_STYLE_COLOUR('',#2911);
#2390=VERTEX_POINT('',#2912);
#2391=LINE('',#2913,#2914);
#2392=VERTEX_POINT('',#2915);
#2393=CIRCLE('',#2916,13.5);
#2394=LINE('',#2917,#2918);
#2395=FILL_AREA_STYLE_COLOUR('',#2919);
#2396=VERTEX_POINT('',#2920);
#2397=LINE('',#2921,#2922);
#2398=VERTEX_POINT('',#2923);
#2399=CIRCLE('',#2924,13.5);
#2400=LINE('',#2925,#2926);
#2401=FILL_AREA_STYLE_COLOUR('',#2927);
#2402=VERTEX_POINT('',#2928);
#2403=LINE('',#2929,#2930);
#2404=VERTEX_POINT('',#2931);
#2405=LINE('',#2932,#2933);
#2406=CIRCLE('',#2934,14.0);
#2407=FILL_AREA_STYLE_COLOUR('',#2935);
#2408=VERTEX_POINT('',#2936);
#2409=LINE('',#2937,#2938);
#2410=CIRCLE('',#2939,14.0);
#2411=CIRCLE('',#2940,14.0);
#2412=FILL_AREA_STYLE_COLOUR('',#2941);
#2413=VERTEX_POINT('',#2942);
#2414=VERTEX_POINT('',#2943);
#2415=CIRCLE('',#2944,0.5);
#2416=VERTEX_POINT('',#2945);
#2417=CIRCLE('',#2946,16.8258848109019);
#2418=VERTEX_POINT('',#2947);
#2419=CIRCLE('',#2948,16.8258848109019);
#2420=VERTEX_POINT('',#2949);
#2421=CIRCLE('',#2950,0.5);
#2422=VERTEX_POINT('',#2951);
#2423=CIRCLE('',#2952,17.5748539910975);
#2424=CIRCLE('',#2953,17.5748539910975);
#2425=FILL_AREA_STYLE_COLOUR('',#2954);
#2426=VERTEX_POINT('',#2955);
#2427=VERTEX_POINT('',#2956);
#2428=CIRCLE('',#2957,0.5);
#2429=VERTEX_POINT('',#2958);
#2430=CIRCLE('',#2959,16.8258848109019);
#2431=VERTEX_POINT('',#2960);
#2432=CIRCLE('',#2961,16.8258848109019);
#2433=VERTEX_POINT('',#2962);
#2434=CIRCLE('',#2963,0.5);
#2435=VERTEX_POINT('',#2964);
#2436=CIRCLE('',#2965,17.5748539910976);
#2437=CIRCLE('',#2966,17.5748539910976);
#2438=FILL_AREA_STYLE_COLOUR('',#2967);
#2439=VERTEX_POINT('',#2968);
#2440=LINE('',#2969,#2970);
#2441=CIRCLE('',#2971,16.8258848109019);
#2442=VERTEX_POINT('',#2972);
#2443=LINE('',#2973,#2974);
#2444=CIRCLE('',#2975,16.307163717094);
#2445=FILL_AREA_STYLE_COLOUR('',#2976);
#2446=VERTEX_POINT('',#2977);
#2447=LINE('',#2978,#2979);
#2448=VERTEX_POINT('',#2980);
#2449=LINE('',#2981,#2982);
#2450=CIRCLE('',#2983,18.0);
#2451=FILL_AREA_STYLE_COLOUR('',#2984);
#2452=VERTEX_POINT('',#2985);
#2453=LINE('',#2986,#2987);
#2454=CIRCLE('',#2988,16.8258848109019);
#2455=VERTEX_POINT('',#2989);
#2456=LINE('',#2990,#2991);
#2457=VERTEX_POINT('',#2992);
#2458=CIRCLE('',#2993,16.307163717094);
#2459=CIRCLE('',#2994,16.307163717094);
#2460=FILL_AREA_STYLE_COLOUR('',#2995);
#2461=VERTEX_POINT('',#2996);
#2462=LINE('',#2997,#2998);
#2463=VERTEX_POINT('',#2999);
#2464=LINE('',#3000,#3001);
#2465=CIRCLE('',#3002,18.0);
#2466=FILL_AREA_STYLE_COLOUR('',#3003);
#2467=VERTEX_POINT('',#3004);
#2468=VERTEX_POINT('',#3005);
#2469=CIRCLE('',#3006,0.5);
#2470=VERTEX_POINT('',#3007);
#2471=CIRCLE('',#3008,17.5748539910975);
#2472=VERTEX_POINT('',#3009);
#2473=CIRCLE('',#3010,17.5748539910975);
#2474=VERTEX_POINT('',#3011);
#2475=CIRCLE('',#3012,0.5);
#2476=VERTEX_POINT('',#3013);
#2477=CIRCLE('',#3014,16.8258848109019);
#2478=CIRCLE('',#3015,16.8258848109019);
#2479=FILL_AREA_STYLE_COLOUR('',#3016);
#2480=VERTEX_POINT('',#3017);
#2481=VERTEX_POINT('',#3018);
#2482=CIRCLE('',#3019,0.5);
#2483=VERTEX_POINT('',#3020);
#2484=CIRCLE('',#3021,17.5748539910976);
#2485=VERTEX_POINT('',#3022);
#2486=CIRCLE('',#3023,17.5748539910976);
#2487=VERTEX_POINT('',#3024);
#2488=CIRCLE('',#3025,0.5);
#2489=VERTEX_POINT('',#3026);
#2490=CIRCLE('',#3027,16.8258848109019);
#2491=CIRCLE('',#3028,16.8258848109019);
#2492=FILL_AREA_STYLE_COLOUR('',#3029);
#2493=VERTEX_POINT('',#3030);
#2494=LINE('',#3031,#3032);
#2495=VERTEX_POINT('',#3033);
#2496=LINE('',#3034,#3035);
#2497=VERTEX_POINT('',#3036);
#2498=CIRCLE('',#3037,16.307163717094);
#2499=CIRCLE('',#3038,16.307163717094);
#2500=FILL_AREA_STYLE_COLOUR('',#3039);
#2501=VERTEX_POINT('',#3040);
#2502=LINE('',#3041,#3042);
#2503=CIRCLE('',#3043,17.5748539910976);
#2504=VERTEX_POINT('',#3044);
#2505=LINE('',#3045,#3046);
#2506=CIRCLE('',#3047,18.0);
#2507=FILL_AREA_STYLE_COLOUR('',#3048);
#2508=VERTEX_POINT('',#3049);
#2509=LINE('',#3050,#3051);
#2510=VERTEX_POINT('',#3052);
#2511=LINE('',#3053,#3054);
#2512=CIRCLE('',#3055,16.307163717094);
#2513=FILL_AREA_STYLE_COLOUR('',#3056);
#2514=VERTEX_POINT('',#3057);
#2515=LINE('',#3058,#3059);
#2516=CIRCLE('',#3060,17.5748539910975);
#2517=VERTEX_POINT('',#3061);
#2518=LINE('',#3062,#3063);
#2519=CIRCLE('',#3064,18.0);
#2520=FILL_AREA_STYLE_COLOUR('',#3065);
#2521=VERTEX_POINT('',#3066);
#2522=CIRCLE('',#3067,2.0);
#2523=VERTEX_POINT('',#3068);
#2524=CIRCLE('',#3069,14.3279041783259);
#2525=VERTEX_POINT('',#3070);
#2526=CIRCLE('',#3071,14.3279041783259);
#2527=VERTEX_POINT('',#3072);
#2528=CIRCLE('',#3073,2.0);
#2529=CIRCLE('',#3074,14.0);
#2530=FILL_AREA_STYLE_COLOUR('',#3075);
#2531=VERTEX_POINT('',#3076);
#2532=CIRCLE('',#3077,2.0);
#2533=CIRCLE('',#3078,14.0);
#2534=VERTEX_POINT('',#3079);
#2535=CIRCLE('',#3080,14.3279041783259);
#2536=CIRCLE('',#3081,14.3279041783259);
#2537=FILL_AREA_STYLE_COLOUR('',#3082);
#2538=VERTEX_POINT('',#3083);
#2539=LINE('',#3084,#3085);
#2540=VERTEX_POINT('',#3086);
#2541=LINE('',#3087,#3088);
#2542=VERTEX_POINT('',#3089);
#2543=CIRCLE('',#3090,16.0508143732511);
#2544=CIRCLE('',#3091,16.0508143732511);
#2545=FILL_AREA_STYLE_COLOUR('',#3092);
#2546=VERTEX_POINT('',#3093);
#2547=LINE('',#3094,#3095);
#2548=VERTEX_POINT('',#3096);
#2549=CIRCLE('',#3097,14.3279041783259);
#2550=VERTEX_POINT('',#3098);
#2551=LINE('',#3099,#3100);
#2552=CIRCLE('',#3101,16.0508143732511);
#2553=FILL_AREA_STYLE_COLOUR('',#3102);
#2554=VERTEX_POINT('',#3103);
#2555=VERTEX_POINT('',#3104);
#2556=CIRCLE('',#3105,2.0);
#2557=VERTEX_POINT('',#3106);
#2558=CIRCLE('',#3107,14.3279041783259);
#2559=VERTEX_POINT('',#3108);
#2560=CIRCLE('',#3109,14.3279041783259);
#2561=CIRCLE('',#3110,2.0);
#2562=CIRCLE('',#3111,14.0);
#2563=FILL_AREA_STYLE_COLOUR('',#3112);
#2564=VERTEX_POINT('',#3113);
#2565=VERTEX_POINT('',#3114);
#2566=CIRCLE('',#3115,2.0);
#2567=CIRCLE('',#3116,14.0);
#2568=VERTEX_POINT('',#3117);
#2569=CIRCLE('',#3118,14.3279041783259);
#2570=CIRCLE('',#3119,14.3279041783259);
#2571=FILL_AREA_STYLE_COLOUR('',#3120);
#2572=VERTEX_POINT('',#3121);
#2573=LINE('',#3122,#3123);
#2574=VERTEX_POINT('',#3124);
#2575=LINE('',#3125,#3126);
#2576=CIRCLE('',#3127,16.0508143732511);
#2577=FILL_AREA_STYLE_COLOUR('',#3128);
#2578=VERTEX_POINT('',#3129);
#2579=LINE('',#3130,#3131);
#2580=VERTEX_POINT('',#3132);
#2581=CIRCLE('',#3133,14.3279041783259);
#2582=VERTEX_POINT('',#3134);
#2583=LINE('',#3135,#3136);
#2584=VERTEX_POINT('',#3137);
#2585=CIRCLE('',#3138,16.0508143732511);
#2586=CIRCLE('',#3139,16.0508143732511);
#2587=FILL_AREA_STYLE_COLOUR('',#3140);
#2588=VERTEX_POINT('',#3141);
#2589=CIRCLE('',#3142,0.3);
#2590=VERTEX_POINT('',#3143);
#2591=CIRCLE('',#3144,16.1);
#2592=VERTEX_POINT('',#3145);
#2593=CIRCLE('',#3146,16.1);
#2594=B_SPLINE_CURVE_WITH_KNOTS('',4,(#3147,#3148,#3149,#3150,#3151),.UNSPECIFIED.,.F.,.F.,(5,5),(0.0,0.245910062281159),.UNSPECIFIED.);
#2595=CIRCLE('',#3152,16.0508143732511);
#2596=FILL_AREA_STYLE_COLOUR('',#3153);
#2597=VERTEX_POINT('',#3154);
#2598=LINE('',#3155,#3156);
#2599=VERTEX_POINT('',#3157);
#2600=CIRCLE('',#3158,16.1);
#2601=LINE('',#3159,#3160);
#2602=FILL_AREA_STYLE_COLOUR('',#3161);
#2603=VERTEX_POINT('',#3162);
#2604=VERTEX_POINT('',#3163);
#2605=CIRCLE('',#3164,0.3);
#2606=CIRCLE('',#3165,16.307163717094);
#2607=VERTEX_POINT('',#3166);
#2608=B_SPLINE_CURVE_WITH_KNOTS('',4,(#3167,#3168,#3169,#3170,#3171),.UNSPECIFIED.,.F.,.F.,(5,5),(0.0,0.369441003410197),.UNSPECIFIED.);
#2609=VERTEX_POINT('',#3172);
#2610=CIRCLE('',#3173,16.2);
#2611=CIRCLE('',#3174,16.2);
#2612=FILL_AREA_STYLE_COLOUR('',#3175);
#2613=VERTEX_POINT('',#3176);
#2614=LINE('',#3177,#3178);
#2615=VERTEX_POINT('',#3179);
#2616=LINE('',#3180,#3181);
#2617=CIRCLE('',#3182,16.2);
#2618=FILL_AREA_STYLE_COLOUR('',#3183);
#2619=VERTEX_POINT('',#3184);
#2620=VERTEX_POINT('',#3185);
#2621=CIRCLE('',#3186,0.3);
#2622=VERTEX_POINT('',#3187);
#2623=CIRCLE('',#3188,16.1);
#2624=B_SPLINE_CURVE_WITH_KNOTS('',4,(#3189,#3190,#3191,#3192,#3193),.UNSPECIFIED.,.F.,.F.,(5,5),(0.0,0.24591006228116),.UNSPECIFIED.);
#2625=CIRCLE('',#3194,16.0508143732511);
#2626=FILL_AREA_STYLE_COLOUR('',#3195);
#2627=VERTEX_POINT('',#3196);
#2628=VERTEX_POINT('',#3197);
#2629=LINE('',#3198,#3199);
#2630=CIRCLE('',#3200,16.1);
#2631=CIRCLE('',#3201,16.1);
#2632=FILL_AREA_STYLE_COLOUR('',#3202);
#2633=VERTEX_POINT('',#3203);
#2634=CIRCLE('',#3204,0.3);
#2635=VERTEX_POINT('',#3205);
#2636=B_SPLINE_CURVE_WITH_KNOTS('',4,(#3206,#3207,#3208,#3209,#3210),.UNSPECIFIED.,.F.,.F.,(5,5),(0.0,0.369441003410196),.UNSPECIFIED.);
#2637=CIRCLE('',#3211,16.2);
#2638=FILL_AREA_STYLE_COLOUR('',#3212);
#2639=VERTEX_POINT('',#3213);
#2640=VERTEX_POINT('',#3214);
#2641=LINE('',#3215,#3216);
#2642=CIRCLE('',#3217,16.2);
#2643=CIRCLE('',#3218,16.2);
#2644=FILL_AREA_STYLE_COLOUR('',#3219);
#2645=VERTEX_POINT('',#3220);
#2646=VERTEX_POINT('',#3221);
#2647=CIRCLE('',#3222,0.3);
#2648=VERTEX_POINT('',#3223);
#2649=CIRCLE('',#3224,16.1);
#2650=B_SPLINE_CURVE_WITH_KNOTS('',4,(#3225,#3226,#3227,#3228,#3229),.UNSPECIFIED.,.F.,.F.,(5,5),(0.0,0.24591006228116),.UNSPECIFIED.);
#2651=CIRCLE('',#3230,16.0508143732511);
#2652=FILL_AREA_STYLE_COLOUR('',#3231);
#2653=VERTEX_POINT('',#3232);
#2654=VERTEX_POINT('',#3233);
#2655=LINE('',#3234,#3235);
#2656=VERTEX_POINT('',#3236);
#2657=CIRCLE('',#3237,16.1);
#2658=VERTEX_POINT('',#3238);
#2659=LINE('',#3239,#3240);
#2660=CIRCLE('',#3241,16.1);
#2661=FILL_AREA_STYLE_COLOUR('',#3242);
#2662=VERTEX_POINT('',#3243);
#2663=CIRCLE('',#3244,0.3);
#2664=VERTEX_POINT('',#3245);
#2665=B_SPLINE_CURVE_WITH_KNOTS('',4,(#3246,#3247,#3248,#3249,#3250),.UNSPECIFIED.,.F.,.F.,(5,5),(0.0,0.369441003410196),.UNSPECIFIED.);
#2666=CIRCLE('',#3251,16.2);
#2667=FILL_AREA_STYLE_COLOUR('',#3252);
#2668=VERTEX_POINT('',#3253);
#2669=VERTEX_POINT('',#3254);
#2670=LINE('',#3255,#3256);
#2671=VERTEX_POINT('',#3257);
#2672=CIRCLE('',#3258,16.2);
#2673=VERTEX_POINT('',#3259);
#2674=LINE('',#3260,#3261);
#2675=CIRCLE('',#3262,16.2);
#2676=FILL_AREA_STYLE_COLOUR('',#3263);
#2677=LINE('',#3264,#3265);
#2678=CIRCLE('',#3266,13.5);
#2679=LINE('',#3267,#3268);
#2680=FILL_AREA_STYLE_COLOUR('',#3269);
#2681=LINE('',#3270,#3271);
#2682=LINE('',#3272,#3273);
#2683=CIRCLE('',#3274,18.0);
#2684=FILL_AREA_STYLE_COLOUR('',#3275);
#2685=VERTEX_POINT('',#3276);
#2686=CIRCLE('',#3277,0.3);
#2687=VERTEX_POINT('',#3278);
#2688=CIRCLE('',#3279,16.1);
#2689=CIRCLE('',#3280,16.1);
#2690=B_SPLINE_CURVE_WITH_KNOTS('',4,(#3281,#3282,#3283,#3284,#3285),.UNSPECIFIED.,.F.,.F.,(5,5),(0.0,0.245910062281159),.UNSPECIFIED.);
#2691=CIRCLE('',#3286,16.0508143732511);
#2692=FILL_AREA_STYLE_COLOUR('',#3287);
#2693=VERTEX_POINT('',#3288);
#2694=LINE('',#3289,#3290);
#2695=CIRCLE('',#3291,16.1);
#2696=FILL_AREA_STYLE_COLOUR('',#3292);
#2697=VERTEX_POINT('',#3293);
#2698=VERTEX_POINT('',#3294);
#2699=CIRCLE('',#3295,0.3);
#2700=CIRCLE('',#3296,16.307163717094);
#2701=B_SPLINE_CURVE_WITH_KNOTS('',4,(#3297,#3298,#3299,#3300,#3301),.UNSPECIFIED.,.F.,.F.,(5,5),(0.0,0.369441003410197),.UNSPECIFIED.);
#2702=VERTEX_POINT('',#3302);
#2703=CIRCLE('',#3303,16.2);
#2704=CIRCLE('',#3304,16.2);
#2705=FILL_AREA_STYLE_COLOUR('',#3305);
#2706=VERTEX_POINT('',#3306);
#2707=LINE('',#3307,#3308);
#2708=CIRCLE('',#3309,16.2);
#2709=FILL_AREA_STYLE_COLOUR('',#3310);
#2710=LINE('',#3311,#3312);
#2711=CIRCLE('',#3313,13.5);
#2712=FILL_AREA_STYLE_COLOUR('',#3314);
#2713=LINE('',#3315,#3316);
#2714=CIRCLE('',#3317,18.0);
#2715=FILL_AREA_STYLE_COLOUR('',#3318);
#2716=LINE('',#3319,#3320);
#2717=CIRCLE('',#3321,18.0);
#2718=FILL_AREA_STYLE_COLOUR('',#3322);
#2719=VERTEX_POINT('',#3323);
#2720=CIRCLE('',#3324,16.2);
#2721=CIRCLE('',#3325,16.2);
#2722=VERTEX_POINT('',#3326);
#2723=CIRCLE('',#3327,16.1);
#2724=CIRCLE('',#3328,16.1);
#2725=FILL_AREA_STYLE_COLOUR('',#3329);
#2726=CIRCLE('',#3330,13.5);
#2727=LINE('',#3331,#3332);
#2728=FILL_AREA_STYLE_COLOUR('',#3333);
#2729=LINE('',#3334,#3335);
#2730=CIRCLE('',#3336,16.2);
#2731=FILL_AREA_STYLE_COLOUR('',#3337);
#2732=CIRCLE('',#3338,16.307163717094);
#2733=FILL_AREA_STYLE_COLOUR('',#3339);
#2734=CIRCLE('',#3340,16.1);
#2735=LINE('',#3341,#3342);
#2736=FILL_AREA_STYLE_COLOUR('',#3343);
#2737=FILL_AREA_STYLE_COLOUR('',#3344);
#2738=CIRCLE('',#3345,18.0);
#2739=FILL_AREA_STYLE_COLOUR('',#3346);
#2740=CIRCLE('',#3347,13.5);
#2741=FILL_AREA_STYLE_COLOUR('',#3348);
#2742=CIRCLE('',#3349,16.2);
#2743=FILL_AREA_STYLE_COLOUR('',#3350);
#2744=CIRCLE('',#3351,16.307163717094);
#2745=FILL_AREA_STYLE_COLOUR('',#3352);
#2746=CIRCLE('',#3353,16.1);
#2747=FILL_AREA_STYLE_COLOUR('',#3354);
#2748=CIRCLE('',#3355,16.0508143732511);
#2749=FILL_AREA_STYLE_COLOUR('',#3356);
#2750=VERTEX_POINT('',#3357);
#2751=CIRCLE('',#3358,16.2);
#2752=CIRCLE('',#3359,16.2);
#2753=VERTEX_POINT('',#3360);
#2754=CIRCLE('',#3361,16.1);
#2755=CIRCLE('',#3362,16.1);
#2756=FILL_AREA_STYLE_COLOUR('',#3363);
#2757=CIRCLE('',#3364,16.2);
#2758=LINE('',#3365,#3366);
#2759=FILL_AREA_STYLE_COLOUR('',#3367);
#2760=CIRCLE('',#3368,16.307163717094);
#2761=FILL_AREA_STYLE_COLOUR('',#3369);
#2762=LINE('',#3370,#3371);
#2763=CIRCLE('',#3372,16.1);
#2764=FILL_AREA_STYLE_COLOUR('',#3373);
#2765=CIRCLE('',#3374,16.0508143732511);
#2766=FILL_AREA_STYLE_COLOUR('',#3375);
#2767=CIRCLE('',#3376,16.2);
#2768=FILL_AREA_STYLE_COLOUR('',#3377);
#2769=CIRCLE('',#3378,16.307163717094);
#2770=FILL_AREA_STYLE_COLOUR('',#3379);
#2771=CIRCLE('',#3380,16.1);
#2772=FILL_AREA_STYLE_COLOUR('',#3381);
#2773=FILL_AREA_STYLE_COLOUR('',#3382);
#2774=FILL_AREA_STYLE_COLOUR('',#3383);
#2775=CIRCLE('',#3384,14.3279041783259);
#2776=FILL_AREA_STYLE_COLOUR('',#3385);
#2777=VERTEX_POINT('',#3386);
#2778=CIRCLE('',#3387,2.0);
#2779=CIRCLE('',#3388,14.0);
#2780=FILL_AREA_STYLE_COLOUR('',#3389);
#2781=CIRCLE('',#3390,14.0);
#2782=FILL_AREA_STYLE_COLOUR('',#3391);
#2783=FILL_AREA_STYLE_COLOUR('',#3392);
#2784=CIRCLE('',#3393,14.3279041783259);
#2785=FILL_AREA_STYLE_COLOUR('',#3394);
#2786=CIRCLE('',#3395,2.0);
#2787=FILL_AREA_STYLE_COLOUR('',#3396);
#2788=FILL_AREA_STYLE_COLOUR('',#3397);
#2789=FILL_AREA_STYLE_COLOUR('',#3398);
#2790=CIRCLE('',#3399,16.8258848109019);
#2791=FILL_AREA_STYLE_COLOUR('',#3400);
#2792=FILL_AREA_STYLE_COLOUR('',#3401);
#2793=CIRCLE('',#3402,16.8258848109019);
#2794=FILL_AREA_STYLE_COLOUR('',#3403);
#2795=FILL_AREA_STYLE_COLOUR('',#3404);
#2796=FILL_AREA_STYLE_COLOUR('',#3405);
#2797=CIRCLE('',#3406,17.5748539910975);
#2798=FILL_AREA_STYLE_COLOUR('',#3407);
#2799=FILL_AREA_STYLE_COLOUR('',#3408);
#2800=CIRCLE('',#3409,17.5748539910976);
#2801=FILL_AREA_STYLE_COLOUR('',#3410);
#2802=FILL_AREA_STYLE_COLOUR('',#3411);
#2803=FILL_AREA_STYLE_COLOUR('',#3412);
#2804=FILL_AREA_STYLE_COLOUR('',#3413);
#2805=LINE('',#3414,#3415);
#2806=FILL_AREA_STYLE_COLOUR('',#3416);
#2807=CIRCLE('',#3417,14.0);
#2808=FILL_AREA_STYLE_COLOUR('',#3418);
#2809=CIRCLE('',#3419,13.8535533905933);
#2810=FILL_AREA_STYLE_COLOUR('',#3420);
#2811=CIRCLE('',#3421,13.8535533905933);
#2812=FILL_AREA_STYLE_COLOUR('',#3422);
#2813=FILL_AREA_STYLE_COLOUR('',#3423);
#2814=FILL_AREA_STYLE_COLOUR('',#3424);
#2815=LINE('',#3425,#3426);
#2816=CIRCLE('',#3427,14.0);
#2817=FILL_AREA_STYLE_COLOUR('',#3428);
#2818=FILL_AREA_STYLE_COLOUR('',#3429);
#2819=CIRCLE('',#3430,13.8535533905933);
#2820=FILL_AREA_STYLE_COLOUR('',#3431);
#2821=CIRCLE('',#3432,13.8535533905933);
#2822=FILL_AREA_STYLE_COLOUR('',#3433);
#2823=FILL_AREA_STYLE_COLOUR('',#3434);
#2824=FILL_AREA_STYLE_COLOUR('',#3435);
#2825=COLOUR_RGB('',0.286274522542953,0.286274522542953,0.286274522542953);
#2826=CARTESIAN_POINT('',(12.8808080262916,-5.09958097649604,-20.1464466094068));
#2827=CARTESIAN_POINT('',(13.0169716955456,-5.15348890339009,-19.7928932188135));
#2828=AXIS2_PLACEMENT_3D('',#3436,#3437,#3438);
#2829=CARTESIAN_POINT('',(13.8535533905933,9.02497671317031E-15,-20.1464466094068));
#2830=AXIS2_PLACEMENT_3D('',#3439,#3440,#3441);
#2831=CARTESIAN_POINT('',(3.04796150602838E-14,13.8535533905933,-20.1464466094066));
#2832=AXIS2_PLACEMENT_3D('',#3442,#3443,#3444);
#2833=CARTESIAN_POINT('',(8.57252759403147E-16,14.0,-19.7928932188135));
#2834=AXIS2_PLACEMENT_3D('',#3445,#3446,#3447);
#2835=CARTESIAN_POINT('',(14.0,1.71450551880629E-15,-19.7928932188135));
#2836=AXIS2_PLACEMENT_3D('',#3448,#3449,#3450);
#2837=AXIS2_PLACEMENT_3D('',#3451,#3452,#3453);
#2838=COLOUR_RGB('',0.286274522542953,0.286274522542953,0.286274522542953);
#2839=CARTESIAN_POINT('',(-13.4183353977511,3.44517295639527,-20.1464466094067));
#2840=CARTESIAN_POINT('',(-13.5601812958741,3.4815920529302,-19.7928932188135));
#2841=AXIS2_PLACEMENT_3D('',#3454,#3455,#3456);
#2842=CARTESIAN_POINT('',(-13.8535533905933,-1.31727829352763E-15,-20.1464466094067));
#2843=AXIS2_PLACEMENT_3D('',#3457,#3458,#3459);
#2844=CARTESIAN_POINT('',(-1.59044180776284E-16,-13.8535533905933,-20.1464466094067));
#2845=AXIS2_PLACEMENT_3D('',#3460,#3461,#3462);
#2846=CARTESIAN_POINT('',(-2.57175827820944E-15,-14.0,-19.7928932188135));
#2847=AXIS2_PLACEMENT_3D('',#3463,#3464,#3465);
#2848=CARTESIAN_POINT('',(-14.0,1.71450551880629E-15,-19.7928932188135));
#2849=AXIS2_PLACEMENT_3D('',#3466,#3467,#3468);
#2850=AXIS2_PLACEMENT_3D('',#3469,#3470,#3471);
#2851=COLOUR_RGB('',0.286274522542953,0.286274522542953,0.286274522542953);
#2852=CARTESIAN_POINT('',(13.5,1.65327317884893E-15,-20.5));
#2853=CARTESIAN_POINT('',(0.999999999999962,2.70215825336901E-14,-33.0000000000001));
#2854=VECTOR('',#3472,1.0);
#2855=CARTESIAN_POINT('',(2.90897427305964E-14,13.5,-20.4999999999999));
#2856=AXIS2_PLACEMENT_3D('',#3473,#3474,#3475);
#2857=CARTESIAN_POINT('',(3.00725308799019E-14,13.75,-20.2499999999999));
#2858=VECTOR('',#3476,0.999999999999999);
#2859=COLOUR_RGB('',0.286274522542953,0.286274522542953,0.286274522542953);
#2860=CARTESIAN_POINT('',(-13.5,1.65327317884893E-15,-20.5));
#2861=CARTESIAN_POINT('',(-1.00000000000002,4.44045030335354E-14,-33.0));
#2862=VECTOR('',#3477,1.0);
#2863=CARTESIAN_POINT('',(-7.6699424456596E-16,-13.5,-20.5));
#2864=AXIS2_PLACEMENT_3D('',#3478,#3479,#3480);
#2865=CARTESIAN_POINT('',(-3.37108631837489E-16,-13.75,-20.25));
#2866=VECTOR('',#3481,1.0);
#2867=COLOUR_RGB('',0.286274522542953,0.286274522542953,0.286274522542953);
#2868=CARTESIAN_POINT('',(14.0,1.71450551880629E-15,-18.5976493731437));
#2869=CARTESIAN_POINT('',(14.0,1.71450551880629E-15,-19.1952712959786));
#2870=VECTOR('',#3482,1.0);
#2871=CARTESIAN_POINT('',(13.5620242442491,-3.47440619363956,-18.5976493731437));
#2872=AXIS2_PLACEMENT_3D('',#3483,#3484,#3485);
#2873=CARTESIAN_POINT('',(-2.57175827820944E-15,-14.0,-18.5976493731437));
#2874=AXIS2_PLACEMENT_3D('',#3486,#3487,#3488);
#2875=CARTESIAN_POINT('',(-2.57175827820944E-15,-14.0,19.25));
#2876=VECTOR('',#3489,1.0);
#2877=AXIS2_PLACEMENT_3D('',#3490,#3491,#3492);
#2878=COLOUR_RGB('',0.286274522542953,0.286274522542953,0.286274522542953);
#2879=CARTESIAN_POINT('',(-14.0,1.71450551880629E-15,-18.5976493731437));
#2880=CARTESIAN_POINT('',(-14.0,1.71450551880629E-15,-19.1952712959786));
#2881=VECTOR('',#3493,1.0);
#2882=CARTESIAN_POINT('',(-13.1647054794902,-4.76345773973904,-18.5976493731437));
#2883=AXIS2_PLACEMENT_3D('',#3494,#3495,#3496);
#2884=AXIS2_PLACEMENT_3D('',#3497,#3498,#3499);
#2885=COLOUR_RGB('',0.286274522542953,0.286274522542953,0.286274522542953);
#2886=CARTESIAN_POINT('',(13.0344730628721,4.69291524739996,20.1464466094068));
#2887=CARTESIAN_POINT('',(13.1722611329536,4.74252429042581,19.7928932188135));
#2888=AXIS2_PLACEMENT_3D('',#3500,#3501,#3502);
#2889=CARTESIAN_POINT('',(13.8535533905933,1.24181186764917E-14,20.1464466094068));
#2890=AXIS2_PLACEMENT_3D('',#3503,#3504,#3505);
#2891=CARTESIAN_POINT('',(-1.59044180776284E-16,-13.8535533905933,20.1464466094067));
#2892=AXIS2_PLACEMENT_3D('',#3506,#3507,#3508);
#2893=CARTESIAN_POINT('',(-2.57175827820944E-15,-14.0,19.7928932188135));
#2894=AXIS2_PLACEMENT_3D('',#3509,#3510,#3511);
#2895=CARTESIAN_POINT('',(14.0,1.71450551880629E-15,19.7928932188135));
#2896=AXIS2_PLACEMENT_3D('',#3512,#3513,#3514);
#2897=AXIS2_PLACEMENT_3D('',#3515,#3516,#3517);
#2898=COLOUR_RGB('',0.286274522542953,0.286274522542953,0.286274522542953);
#2899=CARTESIAN_POINT('',(-13.4183353977511,-3.44517295639526,20.1464466094067));
#2900=CARTESIAN_POINT('',(-13.5601812958741,-3.48159205293019,19.7928932188135));
#2901=AXIS2_PLACEMENT_3D('',#3518,#3519,#3520);
#2902=CARTESIAN_POINT('',(-13.8535533905933,-4.71042025684903E-15,20.1464466094067));
#2903=AXIS2_PLACEMENT_3D('',#3521,#3522,#3523);
#2904=CARTESIAN_POINT('',(2.12512946920175E-14,13.8535533905933,20.1464466094066));
#2905=AXIS2_PLACEMENT_3D('',#3524,#3525,#3526);
#2906=CARTESIAN_POINT('',(8.57252759403147E-16,14.0,19.7928932188135));
#2907=AXIS2_PLACEMENT_3D('',#3527,#3528,#3529);
#2908=CARTESIAN_POINT('',(-14.0,1.71450551880629E-15,19.7928932188135));
#2909=AXIS2_PLACEMENT_3D('',#3530,#3531,#3532);
#2910=AXIS2_PLACEMENT_3D('',#3533,#3534,#3535);
#2911=COLOUR_RGB('',0.286274522542953,0.286274522542953,0.286274522542953);
#2912=CARTESIAN_POINT('',(13.5,1.65327317884893E-15,20.5));
#2913=CARTESIAN_POINT('',(0.999999999999962,2.72665118935196E-14,33.0000000000001));
#2914=VECTOR('',#3536,1.0);
#2915=CARTESIAN_POINT('',(-7.6699424456596E-16,-13.5,20.5));
#2916=AXIS2_PLACEMENT_3D('',#3537,#3538,#3539);
#2917=CARTESIAN_POINT('',(-3.37108631837489E-16,-13.75,20.25));
#2918=VECTOR('',#3540,1.0);
#2919=COLOUR_RGB('',0.286274522542953,0.286274522542953,0.286274522542953);
#2920=CARTESIAN_POINT('',(-13.5,1.65327317884893E-15,20.5));
#2921=CARTESIAN_POINT('',(-1.00000000000002,4.41595736737059E-14,33.0));
#2922=VECTOR('',#3541,1.0);
#2923=CARTESIAN_POINT('',(2.00969362311326E-14,13.5,20.4999999999999));
#2924=AXIS2_PLACEMENT_3D('',#3542,#3543,#3544);
#2925=CARTESIAN_POINT('',(2.09131909267444E-14,13.75,20.2499999999999));
#2926=VECTOR('',#3545,0.999999999999999);
#2927=COLOUR_RGB('',0.286274522542953,0.286274522542953,0.286274522542953);
#2928=CARTESIAN_POINT('',(14.0,1.71450551880629E-15,18.5976493731437));
#2929=CARTESIAN_POINT('',(14.0,1.71450551880629E-15,19.1952712959786));
#2930=VECTOR('',#3546,1.0);
#2931=CARTESIAN_POINT('',(-2.57175827820944E-15,-14.0,18.5976493731437));
#2932=CARTESIAN_POINT('',(-2.57175827820944E-15,-14.0,19.25));
#2933=VECTOR('',#3547,1.0);
#2934=AXIS2_PLACEMENT_3D('',#3548,#3549,#3550);
#2935=COLOUR_RGB('',0.286274522542953,0.286274522542953,0.286274522542953);
#2936=CARTESIAN_POINT('',(-14.0,1.71450551880629E-15,18.5976493731437));
#2937=CARTESIAN_POINT('',(-14.0,1.71450551880629E-15,19.1952712959786));
#2938=VECTOR('',#3551,1.0);
#2939=AXIS2_PLACEMENT_3D('',#3552,#3553,#3554);
#2940=AXIS2_PLACEMENT_3D('',#3555,#3556,#3557);
#2941=COLOUR_RGB('',0.286274522542953,0.286274522542953,0.286274522542953);
#2942=CARTESIAN_POINT('',(-15.8299672978732,5.70285323482931,-15.3251797139872));
#2943=CARTESIAN_POINT('',(-16.5346052864758,5.95670385606374,-15.2013471881956));
#2944=AXIS2_PLACEMENT_3D('',#3558,#3559,#3560);
#2945=CARTESIAN_POINT('',(-16.8258848109019,-2.0605765976493E-15,-15.3251797139872));
#2946=AXIS2_PLACEMENT_3D('',#3561,#3562,#3563);
#2947=CARTESIAN_POINT('',(-3.09086489647395E-15,-16.8258848109019,-15.3251797139872));
#2948=AXIS2_PLACEMENT_3D('',#3564,#3565,#3566);
#2949=CARTESIAN_POINT('',(1.07614943428399E-15,-17.5748539910976,-15.2013471881956));
#2950=AXIS2_PLACEMENT_3D('',#3567,#3568,#3569);
#2951=CARTESIAN_POINT('',(-17.5748539910975,2.15229886856797E-15,-15.2013471881956));
#2952=AXIS2_PLACEMENT_3D('',#3570,#3571,#3572);
#2953=AXIS2_PLACEMENT_3D('',#3573,#3574,#3575);
#2954=COLOUR_RGB('',0.286274522542953,0.286274522542953,0.286274522542953);
#2955=CARTESIAN_POINT('',(16.297558361772,-4.1832990706349,-15.3251797139872));
#2956=CARTESIAN_POINT('',(17.0230101916513,-4.36950990653797,-15.2013471881956));
#2957=AXIS2_PLACEMENT_3D('',#3576,#3577,#3578);
#2958=CARTESIAN_POINT('',(16.8258848109019,2.0605765976493E-15,-15.3251797139872));
#2959=AXIS2_PLACEMENT_3D('',#3579,#3580,#3581);
#2960=CARTESIAN_POINT('',(1.03028829882465E-15,16.8258848109019,-15.3251797139872));
#2961=AXIS2_PLACEMENT_3D('',#3582,#3583,#3584);
#2962=CARTESIAN_POINT('',(-1.88380543471254E-14,17.5748539910975,-15.2013471881956));
#2963=AXIS2_PLACEMENT_3D('',#3585,#3586,#3587);
#2964=CARTESIAN_POINT('',(17.5748539910975,-2.15229886856797E-15,-15.2013471881956));
#2965=AXIS2_PLACEMENT_3D('',#3588,#3589,#3590);
#2966=AXIS2_PLACEMENT_3D('',#3591,#3592,#3593);
#2967=COLOUR_RGB('',0.286274522542953,0.286274522542953,0.286274522542953);
#2968=CARTESIAN_POINT('',(16.307163717094,1.9970515849311E-15,-14.8899210354891));
#2969=CARTESIAN_POINT('',(16.1999999999999,1.9839278146187E-15,-14.7999999999999));
#2970=VECTOR('',#3594,1.0);
#2971=AXIS2_PLACEMENT_3D('',#3595,#3596,#3597);
#2972=CARTESIAN_POINT('',(-2.99557737739665E-15,-16.307163717094,-14.8899210354891));
#2973=CARTESIAN_POINT('',(-3.0744064344497E-15,-16.7362891166673,-15.25));
#2974=VECTOR('',#3598,1.0);
#2975=AXIS2_PLACEMENT_3D('',#3599,#3600,#3601);
#2976=COLOUR_RGB('',0.286274522542953,0.286274522542953,0.286274522542953);
#2977=CARTESIAN_POINT('',(18.0,2.20436423846524E-15,-14.5));
#2978=CARTESIAN_POINT('',(17.2725782333348,-2.11528076464756E-15,-15.7));
#2979=VECTOR('',#3602,1.0);
#2980=CARTESIAN_POINT('',(1.10218211923262E-15,18.0,-14.5));
#2981=CARTESIAN_POINT('',(-1.89039051493507E-14,17.6362891166674,-15.1));
#2982=VECTOR('',#3603,0.999999999999999);
#2983=AXIS2_PLACEMENT_3D('',#3604,#3605,#3606);
#2984=COLOUR_RGB('',0.286274522542953,0.286274522542953,0.286274522542953);
#2985=CARTESIAN_POINT('',(-16.307163717094,-1.9970515849311E-15,-14.8899210354891));
#2986=CARTESIAN_POINT('',(-16.1999999999999,-1.9839278146187E-15,-14.7999999999999));
#2987=VECTOR('',#3607,1.0);
#2988=AXIS2_PLACEMENT_3D('',#3608,#3609,#3610);
#2989=CARTESIAN_POINT('',(-2.62239193254439E-15,16.307163717094,-14.8899210354891));
#2990=CARTESIAN_POINT('',(1.02480214481657E-15,16.7362891166673,-15.25));
#2991=VECTOR('',#3611,1.0);
#2992=CARTESIAN_POINT('',(-15.7950371409073,4.05467510578404,-14.8899210354891));
#2993=AXIS2_PLACEMENT_3D('',#3612,#3613,#3614);
#2994=AXIS2_PLACEMENT_3D('',#3615,#3616,#3617);
#2995=COLOUR_RGB('',0.286274522542953,0.286274522542953,0.286274522542953);
#2996=CARTESIAN_POINT('',(-18.0,2.20436423846524E-15,-14.5));
#2997=CARTESIAN_POINT('',(-17.2725782333348,2.11528076464756E-15,-15.7));
#2998=VECTOR('',#3618,1.0);
#2999=CARTESIAN_POINT('',(-3.30654635769785E-15,-18.0,-14.5));
#3000=CARTESIAN_POINT('',(1.0799112507782E-15,-17.6362891166674,-15.1));
#3001=VECTOR('',#3619,0.999999999999999);
#3002=AXIS2_PLACEMENT_3D('',#3620,#3621,#3622);
#3003=COLOUR_RGB('',0.286274522542953,0.286274522542953,0.286274522542953);
#3004=CARTESIAN_POINT('',(-16.5346052864758,5.95670385606375,15.2013471881956));
#3005=CARTESIAN_POINT('',(-15.8299672978732,5.70285323482932,15.3251797139872));
#3006=AXIS2_PLACEMENT_3D('',#3623,#3624,#3625);
#3007=CARTESIAN_POINT('',(-17.5748539910975,-2.15229886856797E-15,15.2013471881956));
#3008=AXIS2_PLACEMENT_3D('',#3626,#3627,#3628);
#3009=CARTESIAN_POINT('',(1.07614943428399E-15,-17.5748539910976,15.2013471881956));
#3010=AXIS2_PLACEMENT_3D('',#3629,#3630,#3631);
#3011=CARTESIAN_POINT('',(-3.09086489647395E-15,-16.8258848109019,15.3251797139872));
#3012=AXIS2_PLACEMENT_3D('',#3632,#3633,#3634);
#3013=CARTESIAN_POINT('',(-16.8258848109019,2.0605765976493E-15,15.3251797139872));
#3014=AXIS2_PLACEMENT_3D('',#3635,#3636,#3637);
#3015=AXIS2_PLACEMENT_3D('',#3638,#3639,#3640);
#3016=COLOUR_RGB('',0.286274522542953,0.286274522542953,0.286274522542953);
#3017=CARTESIAN_POINT('',(17.0230101916513,-4.36950990653796,15.2013471881956));
#3018=CARTESIAN_POINT('',(16.297558361772,-4.18329907063489,15.3251797139872));
#3019=AXIS2_PLACEMENT_3D('',#3641,#3642,#3643);
#3020=CARTESIAN_POINT('',(17.5748539910975,2.15229886856797E-15,15.2013471881956));
#3021=AXIS2_PLACEMENT_3D('',#3644,#3645,#3646);
#3022=CARTESIAN_POINT('',(-1.88380543471254E-14,17.5748539910975,15.2013471881956));
#3023=AXIS2_PLACEMENT_3D('',#3647,#3648,#3649);
#3024=CARTESIAN_POINT('',(1.03028829882465E-15,16.8258848109019,15.3251797139872));
#3025=AXIS2_PLACEMENT_3D('',#3650,#3651,#3652);
#3026=CARTESIAN_POINT('',(16.8258848109019,-2.0605765976493E-15,15.3251797139872));
#3027=AXIS2_PLACEMENT_3D('',#3653,#3654,#3655);
#3028=AXIS2_PLACEMENT_3D('',#3656,#3657,#3658);
#3029=COLOUR_RGB('',0.286274522542953,0.286274522542953,0.286274522542953);
#3030=CARTESIAN_POINT('',(16.307163717094,-1.9970515849311E-15,14.8899210354891));
#3031=CARTESIAN_POINT('',(16.1999999999999,-1.9839278146187E-15,14.7999999999999));
#3032=VECTOR('',#3659,1.0);
#3033=CARTESIAN_POINT('',(-2.62239193254439E-15,16.307163717094,14.8899210354891));
#3034=CARTESIAN_POINT('',(1.02480214481657E-15,16.7362891166673,15.25));
#3035=VECTOR('',#3660,1.0);
#3036=CARTESIAN_POINT('',(15.7950371409073,4.05467510578404,14.8899210354891));
#3037=AXIS2_PLACEMENT_3D('',#3661,#3662,#3663);
#3038=AXIS2_PLACEMENT_3D('',#3664,#3665,#3666);
#3039=COLOUR_RGB('',0.286274522542953,0.286274522542953,0.286274522542953);
#3040=CARTESIAN_POINT('',(18.0,2.20436423846524E-15,14.5));
#3041=CARTESIAN_POINT('',(17.2725782333348,2.11528076464756E-15,15.7));
#3042=VECTOR('',#3667,1.0);
#3043=AXIS2_PLACEMENT_3D('',#3668,#3669,#3670);
#3044=CARTESIAN_POINT('',(-3.30654635769785E-15,-18.0,14.5));
#3045=CARTESIAN_POINT('',(1.0799112507782E-15,-17.6362891166674,15.1));
#3046=VECTOR('',#3671,0.999999999999999);
#3047=AXIS2_PLACEMENT_3D('',#3672,#3673,#3674);
#3048=COLOUR_RGB('',0.286274522542953,0.286274522542953,0.286274522542953);
#3049=CARTESIAN_POINT('',(-16.307163717094,1.9970515849311E-15,14.8899210354891));
#3050=CARTESIAN_POINT('',(-16.1999999999999,1.9839278146187E-15,14.7999999999999));
#3051=VECTOR('',#3675,1.0);
#3052=CARTESIAN_POINT('',(-2.99557737739665E-15,-16.307163717094,14.8899210354891));
#3053=CARTESIAN_POINT('',(-3.0744064344497E-15,-16.7362891166673,15.25));
#3054=VECTOR('',#3676,1.0);
#3055=AXIS2_PLACEMENT_3D('',#3677,#3678,#3679);
#3056=COLOUR_RGB('',0.286274522542953,0.286274522542953,0.286274522542953);
#3057=CARTESIAN_POINT('',(-18.0,2.20436423846524E-15,14.5));
#3058=CARTESIAN_POINT('',(-17.2725782333348,-2.11528076464756E-15,15.7));
#3059=VECTOR('',#3680,1.0);
#3060=AXIS2_PLACEMENT_3D('',#3681,#3682,#3683);
#3061=CARTESIAN_POINT('',(1.10218211923262E-15,18.0,14.5));
#3062=CARTESIAN_POINT('',(-1.89039051493507E-14,17.6362891166674,15.1));
#3063=VECTOR('',#3684,0.999999999999999);
#3064=AXIS2_PLACEMENT_3D('',#3685,#3686,#3687);
#3065=COLOUR_RGB('',0.286274522542953,0.286274522542953,0.286274522542953);
#3066=CARTESIAN_POINT('',(-13.4730456175727,-4.87502614660613,-17.5003364901701));
#3067=AXIS2_PLACEMENT_3D('',#3688,#3689,#3690);
#3068=CARTESIAN_POINT('',(-14.3279041783259,1.75466219904768E-15,-17.5003364901701));
#3069=AXIS2_PLACEMENT_3D('',#3691,#3692,#3693);
#3070=CARTESIAN_POINT('',(-2.63199329857152E-15,14.3279041783259,-17.5003364901701));
#3071=AXIS2_PLACEMENT_3D('',#3694,#3695,#3696);
#3072=CARTESIAN_POINT('',(8.57252759403147E-16,14.0,-18.5976493731437));
#3073=AXIS2_PLACEMENT_3D('',#3697,#3698,#3699);
#3074=AXIS2_PLACEMENT_3D('',#3700,#3701,#3702);
#3075=COLOUR_RGB('',0.286274522542953,0.286274522542953,0.286274522542953);
#3076=CARTESIAN_POINT('',(13.8796702739809,-3.55578278707497,-17.5003364901701));
#3077=AXIS2_PLACEMENT_3D('',#3703,#3704,#3705);
#3078=AXIS2_PLACEMENT_3D('',#3706,#3707,#3708);
#3079=CARTESIAN_POINT('',(14.3279041783259,-1.75466219904768E-15,-17.5003364901701));
#3080=AXIS2_PLACEMENT_3D('',#3709,#3710,#3711);
#3081=AXIS2_PLACEMENT_3D('',#3712,#3713,#3714);
#3082=COLOUR_RGB('',0.286274522542953,0.286274522542953,0.286274522542953);
#3083=CARTESIAN_POINT('',(16.0508143732511,-1.96565784459103E-15,-14.8749495264745));
#3084=CARTESIAN_POINT('',(14.0,-1.71450551880629E-15,-18.0));
#3085=VECTOR('',#3715,1.0);
#3086=CARTESIAN_POINT('',(-2.94848676688655E-15,16.0508143732511,-14.8749495264745));
#3087=CARTESIAN_POINT('',(-2.76464014907515E-15,15.05,-16.4));
#3088=VECTOR('',#3716,0.999999999999999);
#3089=CARTESIAN_POINT('',(15.5479195466858,3.98633162373007,-14.8749495264745));
#3090=AXIS2_PLACEMENT_3D('',#3717,#3718,#3719);
#3091=AXIS2_PLACEMENT_3D('',#3720,#3721,#3722);
#3092=COLOUR_RGB('',0.286274522542953,0.286274522542953,0.286274522542953);
#3093=CARTESIAN_POINT('',(-16.0508143732511,1.96565784459103E-15,-14.8749495264745));
#3094=CARTESIAN_POINT('',(-14.0,1.71450551880629E-15,-18.0));
#3095=VECTOR('',#3723,1.0);
#3096=CARTESIAN_POINT('',(7.24019874488399E-15,-14.3279041783259,-17.5003364901701));
#3097=AXIS2_PLACEMENT_3D('',#3724,#3725,#3726);
#3098=CARTESIAN_POINT('',(8.11082239476263E-15,-16.0508143732511,-14.8749495264745));
#3099=CARTESIAN_POINT('',(7.60508932460183E-15,-15.05,-16.4));
#3100=VECTOR('',#3727,0.999999999999999);
#3101=AXIS2_PLACEMENT_3D('',#3728,#3729,#3730);
#3102=COLOUR_RGB('',0.286274522542953,0.286274522542953,0.286274522542953);
#3103=CARTESIAN_POINT('',(-13.3330006359254,5.24594435594796,17.5003364901701));
#3104=CARTESIAN_POINT('',(-13.0278655258822,5.12588722462079,18.5976493731437));
#3105=AXIS2_PLACEMENT_3D('',#3731,#3732,#3733);
#3106=CARTESIAN_POINT('',(-14.3279041783259,-1.75466219904768E-15,17.5003364901701));
#3107=AXIS2_PLACEMENT_3D('',#3734,#3735,#3736);
#3108=CARTESIAN_POINT('',(7.24019874488399E-15,-14.3279041783259,17.5003364901701));
#3109=AXIS2_PLACEMENT_3D('',#3737,#3738,#3739);
#3110=AXIS2_PLACEMENT_3D('',#3740,#3741,#3742);
#3111=AXIS2_PLACEMENT_3D('',#3743,#3744,#3745);
#3112=COLOUR_RGB('',0.286274522542953,0.286274522542953,0.286274522542953);
#3113=CARTESIAN_POINT('',(13.5620242442491,3.47440619363954,18.5976493731437));
#3114=CARTESIAN_POINT('',(13.8796702739809,3.55578278707495,17.5003364901701));
#3115=AXIS2_PLACEMENT_3D('',#3746,#3747,#3748);
#3116=AXIS2_PLACEMENT_3D('',#3749,#3750,#3751);
#3117=CARTESIAN_POINT('',(14.3279041783259,1.75466219904768E-15,17.5003364901701));
#3118=AXIS2_PLACEMENT_3D('',#3752,#3753,#3754);
#3119=AXIS2_PLACEMENT_3D('',#3755,#3756,#3757);
#3120=COLOUR_RGB('',0.286274522542953,0.286274522542953,0.286274522542953);
#3121=CARTESIAN_POINT('',(16.0508143732511,1.96565784459103E-15,14.8749495264745));
#3122=CARTESIAN_POINT('',(14.0,1.71450551880629E-15,18.0));
#3123=VECTOR('',#3758,1.0);
#3124=CARTESIAN_POINT('',(8.11082239476263E-15,-16.0508143732511,14.8749495264745));
#3125=CARTESIAN_POINT('',(7.60508932460183E-15,-15.05,16.4));
#3126=VECTOR('',#3759,0.999999999999999);
#3127=AXIS2_PLACEMENT_3D('',#3760,#3761,#3762);
#3128=COLOUR_RGB('',0.286274522542953,0.286274522542953,0.286274522542953);
#3129=CARTESIAN_POINT('',(-16.0508143732511,-1.96565784459103E-15,14.8749495264745));
#3130=CARTESIAN_POINT('',(-14.0,-1.71450551880629E-15,18.0));
#3131=VECTOR('',#3763,1.0);
#3132=CARTESIAN_POINT('',(-2.63199329857152E-15,14.3279041783259,17.5003364901701));
#3133=AXIS2_PLACEMENT_3D('',#3764,#3765,#3766);
#3134=CARTESIAN_POINT('',(-2.94848676688655E-15,16.0508143732511,14.8749495264745));
#3135=CARTESIAN_POINT('',(-2.76464014907515E-15,15.05,16.4));
#3136=VECTOR('',#3767,0.999999999999999);
#3137=CARTESIAN_POINT('',(-15.5479195466858,3.98633162373007,14.8749495264745));
#3138=AXIS2_PLACEMENT_3D('',#3768,#3769,#3770);
#3139=AXIS2_PLACEMENT_3D('',#3771,#3772,#3773);
#3140=COLOUR_RGB('',0.286274522542953,0.286274522542953,0.286274522542953);
#3141=CARTESIAN_POINT('',(15.5955641178435,3.99854721695684,-14.7103525940285));
#3142=AXIS2_PLACEMENT_3D('',#3774,#3775,#3776);
#3143=CARTESIAN_POINT('',(16.1,1.97168134662724E-15,-14.7103525940285));
#3144=AXIS2_PLACEMENT_3D('',#3777,#3778,#3779);
#3145=CARTESIAN_POINT('',(-2.95752201994086E-15,-16.1,-14.7103525940285));
#3146=AXIS2_PLACEMENT_3D('',#3780,#3781,#3782);
#3147=CARTESIAN_POINT('',(6.21724893790088E-15,-16.1,-14.7103525940285));
#3148=CARTESIAN_POINT('',(6.21724893790088E-15,-16.1,-14.7538237621787));
#3149=CARTESIAN_POINT('',(-8.80048446950064E-15,-16.0915534699931,-14.7976501320436));
#3150=CARTESIAN_POINT('',(6.66495784963502E-15,-16.0746651096757,-14.8386055471608));
#3151=CARTESIAN_POINT('',(6.66133814775094E-15,-16.0508143732511,-14.8749495264745));
#3152=AXIS2_PLACEMENT_3D('',#3783,#3784,#3785);
#3153=COLOUR_RGB('',0.286274522542953,0.286274522542953,0.286274522542953);
#3154=CARTESIAN_POINT('',(16.1,1.97168134662724E-15,-14.3));
#3155=CARTESIAN_POINT('',(16.1,1.97168134662724E-15,-14.5051762970142));
#3156=VECTOR('',#3786,1.0);
#3157=CARTESIAN_POINT('',(9.71401858802633E-14,-16.1,-14.3));
#3158=AXIS2_PLACEMENT_3D('',#3787,#3788,#3789);
#3159=CARTESIAN_POINT('',(-2.95752201994086E-15,-16.1,14.55));
#3160=VECTOR('',#3790,1.0);
#3161=COLOUR_RGB('',0.286274522542953,0.286274522542953,0.286274522542953);
#3162=CARTESIAN_POINT('',(15.7950371409073,4.05467510578404,-14.8899210354891));
#3163=CARTESIAN_POINT('',(15.6912389010035,4.02802951225948,-14.6601077025535));
#3164=AXIS2_PLACEMENT_3D('',#3791,#3792,#3793);
#3165=AXIS2_PLACEMENT_3D('',#3794,#3795,#3796);
#3166=CARTESIAN_POINT('',(-2.97589172192807E-15,-16.2,-14.6601077025535));
#3167=CARTESIAN_POINT('',(-1.46549439250521E-14,-16.307163717094,-14.8899210354891));
#3168=CARTESIAN_POINT('',(-1.46078143317147E-14,-16.2571344578554,-14.847941502514));
#3169=CARTESIAN_POINT('',(2.12629608777252E-15,-16.2189215661215,-14.7909835657144));
#3170=CARTESIAN_POINT('',(7.99360577730113E-15,-16.1999999999999,-14.7254162622434));
#3171=CARTESIAN_POINT('',(7.99360577730113E-15,-16.1999999999999,-14.6601077025535));
#3172=CARTESIAN_POINT('',(16.2,1.98392781461871E-15,-14.6601077025535));
#3173=AXIS2_PLACEMENT_3D('',#3797,#3798,#3799);
#3174=AXIS2_PLACEMENT_3D('',#3800,#3801,#3802);
#3175=COLOUR_RGB('',0.286274522542953,0.286274522542953,0.286274522542953);
#3176=CARTESIAN_POINT('',(16.2,1.98392781461871E-15,-14.3));
#3177=CARTESIAN_POINT('',(16.2,1.98392781461871E-15,-14.4800538512768));
#3178=VECTOR('',#3803,1.0);
#3179=CARTESIAN_POINT('',(-2.97589172192807E-15,-16.2,-14.3));
#3180=CARTESIAN_POINT('',(-2.97589172192807E-15,-16.2,14.55));
#3181=VECTOR('',#3804,1.0);
#3182=AXIS2_PLACEMENT_3D('',#3805,#3806,#3807);
#3183=COLOUR_RGB('',0.286274522542953,0.286274522542953,0.286274522542953);
#3184=CARTESIAN_POINT('',(-15.5955641178435,3.99854721695684,-14.7103525940285));
#3185=CARTESIAN_POINT('',(-15.5479195466858,3.98633162373007,-14.8749495264745));
#3186=AXIS2_PLACEMENT_3D('',#3808,#3809,#3810);
#3187=CARTESIAN_POINT('',(9.85840673313619E-16,16.1,-14.7103525940285));
#3188=AXIS2_PLACEMENT_3D('',#3811,#3812,#3813);
#3189=CARTESIAN_POINT('',(7.54951656745106E-15,16.1,-14.7103525940285));
#3190=CARTESIAN_POINT('',(7.54951656745106E-15,16.1,-14.7538237621787));
#3191=CARTESIAN_POINT('',(6.02323393155054E-15,16.0915534699931,-14.7976501320437));
#3192=CARTESIAN_POINT('',(7.11025362677978E-15,16.0746651096757,-14.8386055471608));
#3193=CARTESIAN_POINT('',(7.105427357601E-15,16.0508143732511,-14.8749495264745));
#3194=AXIS2_PLACEMENT_3D('',#3814,#3815,#3816);
#3195=COLOUR_RGB('',0.286274522542953,0.286274522542953,0.286274522542953);
#3196=CARTESIAN_POINT('',(-16.1,1.97168134662724E-15,-14.7103525940285));
#3197=CARTESIAN_POINT('',(-16.1,1.97168134662724E-15,-14.3));
#3198=CARTESIAN_POINT('',(-16.1,1.97168134662724E-15,-14.5051762970142));
#3199=VECTOR('',#3817,1.0);
#3200=AXIS2_PLACEMENT_3D('',#3818,#3819,#3820);
#3201=AXIS2_PLACEMENT_3D('',#3821,#3822,#3823);
#3202=COLOUR_RGB('',0.286274522542953,0.286274522542953,0.286274522542953);
#3203=CARTESIAN_POINT('',(-15.6912389010035,4.02802951225948,-14.6601077025535));
#3204=AXIS2_PLACEMENT_3D('',#3824,#3825,#3826);
#3205=CARTESIAN_POINT('',(-6.20228129226166E-15,16.2,-14.6601077025535));
#3206=CARTESIAN_POINT('',(2.53130849614536E-14,16.307163717094,-14.8899210354891));
#3207=CARTESIAN_POINT('',(2.52387652181139E-14,16.2571344578554,-14.847941502514));
#3208=CARTESIAN_POINT('',(-2.14368712221231E-14,16.2189215661215,-14.7909835657144));
#3209=CARTESIAN_POINT('',(-3.5527136788005E-15,16.1999999999999,-14.7254162622434));
#3210=CARTESIAN_POINT('',(-3.5527136788005E-15,16.1999999999999,-14.6601077025535));
#3211=AXIS2_PLACEMENT_3D('',#3827,#3828,#3829);
#3212=COLOUR_RGB('',0.286274522542953,0.286274522542953,0.286274522542953);
#3213=CARTESIAN_POINT('',(-16.2,1.98392781461871E-15,-14.3));
#3214=CARTESIAN_POINT('',(-16.2,1.98392781461871E-15,-14.6601077025535));
#3215=CARTESIAN_POINT('',(-16.2,1.98392781461871E-15,-14.4800538512768));
#3216=VECTOR('',#3830,1.0);
#3217=AXIS2_PLACEMENT_3D('',#3831,#3832,#3833);
#3218=AXIS2_PLACEMENT_3D('',#3834,#3835,#3836);
#3219=COLOUR_RGB('',0.286274522542953,0.286274522542953,0.286274522542953);
#3220=CARTESIAN_POINT('',(15.5955641178435,3.99854721695684,14.7103525940285));
#3221=CARTESIAN_POINT('',(15.5479195466858,3.98633162373007,14.8749495264745));
#3222=AXIS2_PLACEMENT_3D('',#3837,#3838,#3839);
#3223=CARTESIAN_POINT('',(9.85840673313619E-16,16.1,14.7103525940285));
#3224=AXIS2_PLACEMENT_3D('',#3840,#3841,#3842);
#3225=CARTESIAN_POINT('',(7.54951656745106E-15,16.1,14.7103525940285));
#3226=CARTESIAN_POINT('',(7.54951656745106E-15,16.1,14.7538237621787));
#3227=CARTESIAN_POINT('',(6.02323393155054E-15,16.0915534699931,14.7976501320437));
#3228=CARTESIAN_POINT('',(7.11025362677978E-15,16.0746651096757,14.8386055471608));
#3229=CARTESIAN_POINT('',(7.105427357601E-15,16.0508143732511,14.8749495264745));
#3230=AXIS2_PLACEMENT_3D('',#3843,#3844,#3845);
#3231=COLOUR_RGB('',0.286274522542953,0.286274522542953,0.286274522542953);
#3232=CARTESIAN_POINT('',(16.1,1.97168134662724E-15,14.7103525940285));
#3233=CARTESIAN_POINT('',(16.1,1.97168134662724E-15,14.3));
#3234=CARTESIAN_POINT('',(16.1,1.97168134662724E-15,14.5051762970142));
#3235=VECTOR('',#3846,1.0);
#3236=CARTESIAN_POINT('',(-2.95752201994086E-15,-16.1,14.7103525940285));
#3237=AXIS2_PLACEMENT_3D('',#3847,#3848,#3849);
#3238=CARTESIAN_POINT('',(-2.95752201994086E-15,-16.1,14.3));
#3239=CARTESIAN_POINT('',(-2.95752201994086E-15,-16.1,14.55));
#3240=VECTOR('',#3850,1.0);
#3241=AXIS2_PLACEMENT_3D('',#3851,#3852,#3853);
#3242=COLOUR_RGB('',0.286274522542953,0.286274522542953,0.286274522542953);
#3243=CARTESIAN_POINT('',(15.6912389010035,4.02802951225948,14.6601077025535));
#3244=AXIS2_PLACEMENT_3D('',#3854,#3855,#3856);
#3245=CARTESIAN_POINT('',(-6.20228129226166E-15,16.2,14.6601077025535));
#3246=CARTESIAN_POINT('',(2.53130849614536E-14,16.307163717094,14.8899210354891));
#3247=CARTESIAN_POINT('',(2.52387652181139E-14,16.2571344578554,14.847941502514));
#3248=CARTESIAN_POINT('',(-2.14368712221231E-14,16.2189215661215,14.7909835657144));
#3249=CARTESIAN_POINT('',(-3.5527136788005E-15,16.1999999999999,14.7254162622434));
#3250=CARTESIAN_POINT('',(-3.5527136788005E-15,16.1999999999999,14.6601077025535));
#3251=AXIS2_PLACEMENT_3D('',#3857,#3858,#3859);
#3252=COLOUR_RGB('',0.286274522542953,0.286274522542953,0.286274522542953);
#3253=CARTESIAN_POINT('',(16.2,1.98392781461871E-15,14.3));
#3254=CARTESIAN_POINT('',(16.2,1.98392781461871E-15,14.6601077025535));
#3255=CARTESIAN_POINT('',(16.2,1.98392781461871E-15,14.4800538512768));
#3256=VECTOR('',#3860,1.0);
#3257=CARTESIAN_POINT('',(-2.97589172192807E-15,-16.2,14.3));
#3258=AXIS2_PLACEMENT_3D('',#3861,#3862,#3863);
#3259=CARTESIAN_POINT('',(-2.97589172192807E-15,-16.2,14.6601077025535));
#3260=CARTESIAN_POINT('',(-2.97589172192807E-15,-16.2,14.55));
#3261=VECTOR('',#3864,1.0);
#3262=AXIS2_PLACEMENT_3D('',#3865,#3866,#3867);
#3263=COLOUR_RGB('',0.286274522542953,0.286274522542953,0.286274522542953);
#3264=CARTESIAN_POINT('',(13.5,1.65327317884893E-15,10.25));
#3265=VECTOR('',#3868,1.0);
#3266=AXIS2_PLACEMENT_3D('',#3869,#3870,#3871);
#3267=CARTESIAN_POINT('',(-2.47990976827339E-15,-13.5,10.25));
#3268=VECTOR('',#3872,1.0);
#3269=COLOUR_RGB('',0.286274522542953,0.286274522542953,0.286274522542953);
#3270=CARTESIAN_POINT('',(18.0,2.20436423846524E-15,10.25));
#3271=VECTOR('',#3873,1.0);
#3272=CARTESIAN_POINT('',(-3.30654635769785E-15,-18.0,7.25));
#3273=VECTOR('',#3874,0.999999999999999);
#3274=AXIS2_PLACEMENT_3D('',#3875,#3876,#3877);
#3275=COLOUR_RGB('',0.286274522542953,0.286274522542953,0.286274522542953);
#3276=CARTESIAN_POINT('',(-15.5955641178435,3.99854721695684,14.7103525940285));
#3277=AXIS2_PLACEMENT_3D('',#3878,#3879,#3880);
#3278=CARTESIAN_POINT('',(-16.1,1.97168134662724E-15,14.7103525940285));
#3279=AXIS2_PLACEMENT_3D('',#3881,#3882,#3883);
#3280=AXIS2_PLACEMENT_3D('',#3884,#3885,#3886);
#3281=CARTESIAN_POINT('',(6.21724893790088E-15,-16.1,14.7103525940285));
#3282=CARTESIAN_POINT('',(6.21724893790088E-15,-16.1,14.7538237621787));
#3283=CARTESIAN_POINT('',(-8.80048446950064E-15,-16.0915534699931,14.7976501320436));
#3284=CARTESIAN_POINT('',(6.66495784963502E-15,-16.0746651096757,14.8386055471608));
#3285=CARTESIAN_POINT('',(6.66133814775094E-15,-16.0508143732511,14.8749495264745));
#3286=AXIS2_PLACEMENT_3D('',#3887,#3888,#3889);
#3287=COLOUR_RGB('',0.286274522542953,0.286274522542953,0.286274522542953);
#3288=CARTESIAN_POINT('',(-16.1,1.97168134662724E-15,14.3));
#3289=CARTESIAN_POINT('',(-16.1,1.97168134662724E-15,14.5051762970142));
#3290=VECTOR('',#3890,1.0);
#3291=AXIS2_PLACEMENT_3D('',#3891,#3892,#3893);
#3292=COLOUR_RGB('',0.286274522542953,0.286274522542953,0.286274522542953);
#3293=CARTESIAN_POINT('',(-15.7950371409073,4.05467510578404,14.8899210354891));
#3294=CARTESIAN_POINT('',(-15.6912389010035,4.02802951225948,14.6601077025535));
#3295=AXIS2_PLACEMENT_3D('',#3894,#3895,#3896);
#3296=AXIS2_PLACEMENT_3D('',#3897,#3898,#3899);
#3297=CARTESIAN_POINT('',(-1.46549439250521E-14,-16.307163717094,14.8899210354891));
#3298=CARTESIAN_POINT('',(-1.46078143317147E-14,-16.2571344578554,14.847941502514));
#3299=CARTESIAN_POINT('',(2.12629608777252E-15,-16.2189215661215,14.7909835657144));
#3300=CARTESIAN_POINT('',(7.99360577730113E-15,-16.1999999999999,14.7254162622434));
#3301=CARTESIAN_POINT('',(7.99360577730113E-15,-16.1999999999999,14.6601077025535));
#3302=CARTESIAN_POINT('',(-16.2,1.98392781461871E-15,14.6601077025535));
#3303=AXIS2_PLACEMENT_3D('',#3900,#3901,#3902);
#3304=AXIS2_PLACEMENT_3D('',#3903,#3904,#3905);
#3305=COLOUR_RGB('',0.286274522542953,0.286274522542953,0.286274522542953);
#3306=CARTESIAN_POINT('',(-16.2,1.98392781461871E-15,14.3));
#3307=CARTESIAN_POINT('',(-16.2,1.98392781461871E-15,14.4800538512768));
#3308=VECTOR('',#3906,1.0);
#3309=AXIS2_PLACEMENT_3D('',#3907,#3908,#3909);
#3310=COLOUR_RGB('',0.286274522542953,0.286274522542953,0.286274522542953);
#3311=CARTESIAN_POINT('',(-13.5,1.65327317884893E-15,10.25));
#3312=VECTOR('',#3910,1.0);
#3313=AXIS2_PLACEMENT_3D('',#3911,#3912,#3913);
#3314=COLOUR_RGB('',0.286274522542953,0.286274522542953,0.286274522542953);
#3315=CARTESIAN_POINT('',(-18.0,2.20436423846524E-15,10.25));
#3316=VECTOR('',#3914,1.0);
#3317=AXIS2_PLACEMENT_3D('',#3915,#3916,#3917);
#3318=COLOUR_RGB('',0.286274522542953,0.286274522542953,0.286274522542953);
#3319=CARTESIAN_POINT('',(1.10218211923262E-15,18.0,7.25));
#3320=VECTOR('',#3918,0.999999999999999);
#3321=AXIS2_PLACEMENT_3D('',#3919,#3920,#3921);
#3322=COLOUR_RGB('',0.286274522542953,0.286274522542953,0.286274522542953);
#3323=CARTESIAN_POINT('',(9.91963907309357E-16,16.2,14.3));
#3324=AXIS2_PLACEMENT_3D('',#3922,#3923,#3924);
#3325=AXIS2_PLACEMENT_3D('',#3925,#3926,#3927);
#3326=CARTESIAN_POINT('',(9.85840673313619E-16,16.1,14.3));
#3327=AXIS2_PLACEMENT_3D('',#3928,#3929,#3930);
#3328=AXIS2_PLACEMENT_3D('',#3931,#3932,#3933);
#3329=COLOUR_RGB('',0.286274522542953,0.286274522542953,0.286274522542953);
#3330=AXIS2_PLACEMENT_3D('',#3934,#3935,#3936);
#3331=CARTESIAN_POINT('',(8.26636589424463E-16,13.5,10.25));
#3332=VECTOR('',#3937,1.0);
#3333=COLOUR_RGB('',0.286274522542953,0.286274522542953,0.286274522542953);
#3334=CARTESIAN_POINT('',(9.91963907309357E-16,16.2,14.55));
#3335=VECTOR('',#3938,1.0);
#3336=AXIS2_PLACEMENT_3D('',#3939,#3940,#3941);
#3337=COLOUR_RGB('',0.286274522542953,0.286274522542953,0.286274522542953);
#3338=AXIS2_PLACEMENT_3D('',#3942,#3943,#3944);
#3339=COLOUR_RGB('',0.286274522542953,0.286274522542953,0.286274522542953);
#3340=AXIS2_PLACEMENT_3D('',#3945,#3946,#3947);
#3341=CARTESIAN_POINT('',(9.85840673313619E-16,16.1,14.55));
#3342=VECTOR('',#3948,1.0);
#3343=COLOUR_RGB('',0.286274522542953,0.286274522542953,0.286274522542953);
#3344=COLOUR_RGB('',0.286274522542953,0.286274522542953,0.286274522542953);
#3345=AXIS2_PLACEMENT_3D('',#3949,#3950,#3951);
#3346=COLOUR_RGB('',0.286274522542953,0.286274522542953,0.286274522542953);
#3347=AXIS2_PLACEMENT_3D('',#3952,#3953,#3954);
#3348=COLOUR_RGB('',0.286274522542953,0.286274522542953,0.286274522542953);
#3349=AXIS2_PLACEMENT_3D('',#3955,#3956,#3957);
#3350=COLOUR_RGB('',0.286274522542953,0.286274522542953,0.286274522542953);
#3351=AXIS2_PLACEMENT_3D('',#3958,#3959,#3960);
#3352=COLOUR_RGB('',0.286274522542953,0.286274522542953,0.286274522542953);
#3353=AXIS2_PLACEMENT_3D('',#3961,#3962,#3963);
#3354=COLOUR_RGB('',0.286274522542953,0.286274522542953,0.286274522542953);
#3355=AXIS2_PLACEMENT_3D('',#3964,#3965,#3966);
#3356=COLOUR_RGB('',0.286274522542953,0.286274522542953,0.286274522542953);
#3357=CARTESIAN_POINT('',(9.91963907309357E-16,16.2,-14.3));
#3358=AXIS2_PLACEMENT_3D('',#3967,#3968,#3969);
#3359=AXIS2_PLACEMENT_3D('',#3970,#3971,#3972);
#3360=CARTESIAN_POINT('',(-3.47633407196164E-14,16.1,-14.3));
#3361=AXIS2_PLACEMENT_3D('',#3973,#3974,#3975);
#3362=AXIS2_PLACEMENT_3D('',#3976,#3977,#3978);
#3363=COLOUR_RGB('',0.286274522542953,0.286274522542953,0.286274522542953);
#3364=AXIS2_PLACEMENT_3D('',#3979,#3980,#3981);
#3365=CARTESIAN_POINT('',(9.91963907309357E-16,16.2,14.55));
#3366=VECTOR('',#3982,1.0);
#3367=COLOUR_RGB('',0.286274522542953,0.286274522542953,0.286274522542953);
#3368=AXIS2_PLACEMENT_3D('',#3983,#3984,#3985);
#3369=COLOUR_RGB('',0.286274522542953,0.286274522542953,0.286274522542953);
#3370=CARTESIAN_POINT('',(9.85840673313619E-16,16.1,14.55));
#3371=VECTOR('',#3986,1.0);
#3372=AXIS2_PLACEMENT_3D('',#3987,#3988,#3989);
#3373=COLOUR_RGB('',0.286274522542953,0.286274522542953,0.286274522542953);
#3374=AXIS2_PLACEMENT_3D('',#3990,#3991,#3992);
#3375=COLOUR_RGB('',0.286274522542953,0.286274522542953,0.286274522542953);
#3376=AXIS2_PLACEMENT_3D('',#3993,#3994,#3995);
#3377=COLOUR_RGB('',0.286274522542953,0.286274522542953,0.286274522542953);
#3378=AXIS2_PLACEMENT_3D('',#3996,#3997,#3998);
#3379=COLOUR_RGB('',0.286274522542953,0.286274522542953,0.286274522542953);
#3380=AXIS2_PLACEMENT_3D('',#3999,#4000,#4001);
#3381=COLOUR_RGB('',0.286274522542953,0.286274522542953,0.286274522542953);
#3382=COLOUR_RGB('',0.286274522542953,0.286274522542953,0.286274522542953);
#3383=COLOUR_RGB('',0.286274522542953,0.286274522542953,0.286274522542953);
#3384=AXIS2_PLACEMENT_3D('',#4002,#4003,#4004);
#3385=COLOUR_RGB('',0.286274522542953,0.286274522542953,0.286274522542953);
#3386=CARTESIAN_POINT('',(8.57252759403147E-16,14.0,18.5976493731437));
#3387=AXIS2_PLACEMENT_3D('',#4005,#4006,#4007);
#3388=AXIS2_PLACEMENT_3D('',#4008,#4009,#4010);
#3389=COLOUR_RGB('',0.286274522542953,0.286274522542953,0.286274522542953);
#3390=AXIS2_PLACEMENT_3D('',#4011,#4012,#4013);
#3391=COLOUR_RGB('',0.286274522542953,0.286274522542953,0.286274522542953);
#3392=COLOUR_RGB('',0.286274522542953,0.286274522542953,0.286274522542953);
#3393=AXIS2_PLACEMENT_3D('',#4014,#4015,#4016);
#3394=COLOUR_RGB('',0.286274522542953,0.286274522542953,0.286274522542953);
#3395=AXIS2_PLACEMENT_3D('',#4017,#4018,#4019);
#3396=COLOUR_RGB('',0.286274522542953,0.286274522542953,0.286274522542953);
#3397=COLOUR_RGB('',0.286274522542953,0.286274522542953,0.286274522542953);
#3398=COLOUR_RGB('',0.286274522542953,0.286274522542953,0.286274522542953);
#3399=AXIS2_PLACEMENT_3D('',#4020,#4021,#4022);
#3400=COLOUR_RGB('',0.286274522542953,0.286274522542953,0.286274522542953);
#3401=COLOUR_RGB('',0.286274522542953,0.286274522542953,0.286274522542953);
#3402=AXIS2_PLACEMENT_3D('',#4023,#4024,#4025);
#3403=COLOUR_RGB('',0.286274522542953,0.286274522542953,0.286274522542953);
#3404=COLOUR_RGB('',0.286274522542953,0.286274522542953,0.286274522542953);
#3405=COLOUR_RGB('',0.286274522542953,0.286274522542953,0.286274522542953);
#3406=AXIS2_PLACEMENT_3D('',#4026,#4027,#4028);
#3407=COLOUR_RGB('',0.286274522542953,0.286274522542953,0.286274522542953);
#3408=COLOUR_RGB('',0.286274522542953,0.286274522542953,0.286274522542953);
#3409=AXIS2_PLACEMENT_3D('',#4029,#4030,#4031);
#3410=COLOUR_RGB('',0.286274522542953,0.286274522542953,0.286274522542953);
#3411=COLOUR_RGB('',0.286274522542953,0.286274522542953,0.286274522542953);
#3412=COLOUR_RGB('',0.286274522542953,0.286274522542953,0.286274522542953);
#3413=COLOUR_RGB('',0.286274522542953,0.286274522542953,0.286274522542953);
#3414=CARTESIAN_POINT('',(8.57252759403147E-16,14.0,19.25));
#3415=VECTOR('',#4032,1.0);
#3416=COLOUR_RGB('',0.286274522542953,0.286274522542953,0.286274522542953);
#3417=AXIS2_PLACEMENT_3D('',#4033,#4034,#4035);
#3418=COLOUR_RGB('',0.286274522542953,0.286274522542953,0.286274522542953);
#3419=AXIS2_PLACEMENT_3D('',#4036,#4037,#4038);
#3420=COLOUR_RGB('',0.286274522542953,0.286274522542953,0.286274522542953);
#3421=AXIS2_PLACEMENT_3D('',#4039,#4040,#4041);
#3422=COLOUR_RGB('',0.286274522542953,0.286274522542953,0.286274522542953);
#3423=COLOUR_RGB('',0.286274522542953,0.286274522542953,0.286274522542953);
#3424=COLOUR_RGB('',0.286274522542953,0.286274522542953,0.286274522542953);
#3425=CARTESIAN_POINT('',(8.57252759403147E-16,14.0,19.25));
#3426=VECTOR('',#4042,1.0);
#3427=AXIS2_PLACEMENT_3D('',#4043,#4044,#4045);
#3428=COLOUR_RGB('',0.286274522542953,0.286274522542953,0.286274522542953);
#3429=COLOUR_RGB('',0.286274522542953,0.286274522542953,0.286274522542953);
#3430=AXIS2_PLACEMENT_3D('',#4046,#4047,#4048);
#3431=COLOUR_RGB('',0.286274522542953,0.286274522542953,0.286274522542953);
#3432=AXIS2_PLACEMENT_3D('',#4049,#4050,#4051);
#3433=COLOUR_RGB('',0.286274522542953,0.286274522542953,0.286274522542953);
#3434=COLOUR_RGB('',0.286274522542953,0.286274522542953,0.286274522542953);
#3435=COLOUR_RGB('',0.286274522542953,0.286274522542953,0.286274522542953);
#3436=CARTESIAN_POINT('',(12.5520798492761,-4.96943572826901,-19.7928932188135));
#3437=DIRECTION('',(-0.368106350242149,-0.929783692538971,-1.50247186442443E-15));
#3438=DIRECTION('',(0.929783692538971,-0.368106350242149,-6.23376860834581E-16));
#3439=CARTESIAN_POINT('',(-1.27839057404014E-15,3.81285511502718E-15,-20.1464466094068));
#3440=DIRECTION('',(8.85859603629298E-31,-1.77635683940025E-15,1.0));
#3441=DIRECTION('',(-1.0,-4.98694622600935E-16,-1.01150832917446E-46));
#3442=CARTESIAN_POINT('',(-1.27839057404014E-15,3.81285511502718E-15,-20.1464466094068));
#3443=DIRECTION('',(8.85859603629298E-31,-1.77635683940025E-15,1.0));
#3444=DIRECTION('',(-1.0,-4.98694622600935E-16,-1.01150832917446E-46));
#3445=CARTESIAN_POINT('',(2.94347879403745E-14,13.5,-19.7928932188134));
#3446=DIRECTION('',(-1.0,2.08166817117217E-15,-3.71428289423847E-17));
#3447=DIRECTION('',(2.08166817117217E-15,1.0,3.57817420203693E-15));
#3448=CARTESIAN_POINT('',(0.0,0.0,-19.7928932188135));
#3449=DIRECTION('',(0.0,0.0,-1.0));
#3450=DIRECTION('',(-1.0,0.0,0.0));
#3451=CARTESIAN_POINT('',(0.0,0.0,-19.7928932188135));
#3452=DIRECTION('',(0.0,0.0,-1.0));
#3453=DIRECTION('',(-1.0,0.0,0.0));
#3454=CARTESIAN_POINT('',(-13.0758891067357,3.35724947961126,-19.7928932188134));
#3455=DIRECTION('',(0.248685146637872,0.96858437827672,3.47500050470782E-15));
#3456=DIRECTION('',(-0.96858437827672,0.248685146637872,8.53862812250797E-16));
#3457=CARTESIAN_POINT('',(6.28036983473559E-16,-1.25607396694712E-15,-20.1464466094067));
#3458=DIRECTION('',(4.50777660126292E-31,-3.5527136788005E-15,1.0));
#3459=DIRECTION('',(1.0,1.26882631385732E-16,0.0));
#3460=CARTESIAN_POINT('',(6.28036983473559E-16,-1.25607396694712E-15,-20.1464466094067));
#3461=DIRECTION('',(4.50777660126292E-31,-3.5527136788005E-15,1.0));
#3462=DIRECTION('',(1.0,1.26882631385732E-16,0.0));
#3463=CARTESIAN_POINT('',(9.57567358739198E-16,-13.5,-19.7928932188135));
#3464=DIRECTION('',(1.0,-2.7755575615629E-17,3.71428289423921E-17));
#3465=DIRECTION('',(-2.77555756156289E-17,-1.0,-3.57817420203693E-15));
#3466=CARTESIAN_POINT('',(0.0,0.0,-19.7928932188135));
#3467=DIRECTION('',(0.0,0.0,1.0));
#3468=DIRECTION('',(1.0,0.0,0.0));
#3469=CARTESIAN_POINT('',(0.0,0.0,-19.7928932188135));
#3470=DIRECTION('',(0.0,0.0,1.0));
#3471=DIRECTION('',(1.0,0.0,0.0));
#3472=DIRECTION('',(0.707106781186546,-9.90039223188189E-16,0.707106781186549));
#3473=CARTESIAN_POINT('',(0.0,0.0,-20.5));
#3474=DIRECTION('',(0.0,0.0,-1.0));
#3475=DIRECTION('',(-1.0,0.0,0.0));
#3476=DIRECTION('',(2.77974465937492E-15,0.707106781186544,0.707106781186551));
#3477=DIRECTION('',(-0.707106781186546,-2.51527189733815E-15,0.707106781186549));
#3478=CARTESIAN_POINT('',(0.0,0.0,-20.5));
#3479=DIRECTION('',(0.0,0.0,1.0));
#3480=DIRECTION('',(1.0,0.0,0.0));
#3481=DIRECTION('',(1.21590012757934E-15,-0.707106781186546,0.707106781186549));
#3482=DIRECTION('',(0.0,0.0,-1.0));
#3483=CARTESIAN_POINT('',(0.0,0.0,-18.5976493731437));
#3484=DIRECTION('',(0.0,0.0,-1.0));
#3485=DIRECTION('',(-1.0,0.0,0.0));
#3486=CARTESIAN_POINT('',(0.0,0.0,-18.5976493731437));
#3487=DIRECTION('',(0.0,0.0,-1.0));
#3488=DIRECTION('',(-1.0,0.0,0.0));
#3489=DIRECTION('',(0.0,0.0,1.0));
#3490=CARTESIAN_POINT('',(0.0,0.0,-19.7928932188135));
#3491=DIRECTION('',(0.0,0.0,-1.0));
#3492=DIRECTION('',(-1.0,0.0,0.0));
#3493=DIRECTION('',(0.0,0.0,1.0));
#3494=CARTESIAN_POINT('',(0.0,0.0,-18.5976493731437));
#3495=DIRECTION('',(0.0,0.0,1.0));
#3496=DIRECTION('',(1.0,0.0,0.0));
#3497=CARTESIAN_POINT('',(0.0,0.0,-18.5976493731437));
#3498=DIRECTION('',(0.0,0.0,1.0));
#3499=DIRECTION('',(1.0,0.0,0.0));
#3500=CARTESIAN_POINT('',(12.7018232353482,4.5731484229106,19.7928932188135));
#3501=DIRECTION('',(-0.338751735030415,0.940875795210975,0.0));
#3502=DIRECTION('',(0.940875795210975,0.338751735030415,0.0));
#3503=CARTESIAN_POINT('',(-1.27839057404014E-15,3.81285511502718E-15,20.1464466094068));
#3504=DIRECTION('',(-8.85859603629298E-31,1.77635683940025E-15,1.0));
#3505=DIRECTION('',(-1.0,-4.98694622600935E-16,1.01150832917446E-46));
#3506=CARTESIAN_POINT('',(-1.27839057404014E-15,3.81285511502718E-15,20.1464466094068));
#3507=DIRECTION('',(-8.85859603629298E-31,1.77635683940025E-15,1.0));
#3508=DIRECTION('',(-1.0,-4.98694622600935E-16,1.01150832917446E-46));
#3509=CARTESIAN_POINT('',(-1.26287869051112E-15,-13.5,19.7928932188135));
#3510=DIRECTION('',(-1.0,2.77555756156289E-17,0.0));
#3511=DIRECTION('',(-2.77555756156289E-17,-1.0,-0.0));
#3512=CARTESIAN_POINT('',(0.0,0.0,19.7928932188135));
#3513=DIRECTION('',(0.0,0.0,-1.0));
#3514=DIRECTION('',(-1.0,0.0,0.0));
#3515=CARTESIAN_POINT('',(0.0,0.0,19.7928932188135));
#3516=DIRECTION('',(0.0,0.0,-1.0));
#3517=DIRECTION('',(-1.0,0.0,0.0));
#3518=CARTESIAN_POINT('',(-13.0758891067357,-3.35724947961126,19.7928932188135));
#3519=DIRECTION('',(0.248685146637871,-0.96858437827672,-0.0));
#3520=DIRECTION('',(-0.96858437827672,-0.248685146637871,0.0));
#3521=CARTESIAN_POINT('',(6.28036983473559E-16,-1.25607396694712E-15,20.1464466094067));
#3522=DIRECTION('',(-4.50777660126292E-31,3.5527136788005E-15,1.0));
#3523=DIRECTION('',(1.0,1.26882631385732E-16,0.0));
#3524=CARTESIAN_POINT('',(6.28036983473559E-16,-1.25607396694712E-15,20.1464466094067));
#3525=DIRECTION('',(-4.50777660126292E-31,3.5527136788005E-15,1.0));
#3526=DIRECTION('',(1.0,1.26882631385732E-16,0.0));
#3527=CARTESIAN_POINT('',(6.10622663543836E-16,13.5,19.7928932188135));
#3528=DIRECTION('',(1.0,-1.11022302462516E-16,-0.0));
#3529=DIRECTION('',(1.11022302462516E-16,1.0,0.0));
#3530=CARTESIAN_POINT('',(0.0,0.0,19.7928932188135));
#3531=DIRECTION('',(0.0,0.0,1.0));
#3532=DIRECTION('',(1.0,0.0,0.0));
#3533=CARTESIAN_POINT('',(0.0,0.0,19.7928932188135));
#3534=DIRECTION('',(0.0,0.0,1.0));
#3535=DIRECTION('',(1.0,0.0,0.0));
#3536=DIRECTION('',(0.707106781186546,-8.16848011941089E-16,-0.707106781186549));
#3537=CARTESIAN_POINT('',(0.0,0.0,20.5));
#3538=DIRECTION('',(0.0,0.0,-1.0));
#3539=DIRECTION('',(-1.0,0.0,0.0));
#3540=DIRECTION('',(1.21590012757934E-15,-0.707106781186546,-0.707106781186549));
#3541=DIRECTION('',(-0.707106781186546,-2.68846310858525E-15,-0.707106781186549));
#3542=CARTESIAN_POINT('',(0.0,0.0,20.5));
#3543=DIRECTION('',(0.0,0.0,1.0));
#3544=DIRECTION('',(1.0,0.0,0.0));
#3545=DIRECTION('',(2.3087169217698E-15,0.707106781186544,-0.707106781186551));
#3546=DIRECTION('',(0.0,0.0,-1.0));
#3547=DIRECTION('',(0.0,0.0,1.0));
#3548=CARTESIAN_POINT('',(0.0,0.0,18.5976493731437));
#3549=DIRECTION('',(0.0,0.0,-1.0));
#3550=DIRECTION('',(-1.0,0.0,0.0));
#3551=DIRECTION('',(0.0,0.0,1.0));
#3552=CARTESIAN_POINT('',(0.0,0.0,18.5976493731437));
#3553=DIRECTION('',(0.0,0.0,1.0));
#3554=DIRECTION('',(1.0,0.0,0.0));
#3555=CARTESIAN_POINT('',(0.0,0.0,19.7928932188135));
#3556=DIRECTION('',(0.0,0.0,1.0));
#3557=DIRECTION('',(1.0,0.0,0.0));
#3558=CARTESIAN_POINT('',(-16.1323379296459,5.81178430860065,-14.9421574924277));
#3559=DIRECTION('',(0.338933333903148,0.940810392783422,-0.0));
#3560=DIRECTION('',(-0.940810392783422,0.338933333903148,0.0));
#3561=CARTESIAN_POINT('',(0.0,0.0,-15.3251797139872));
#3562=DIRECTION('',(0.0,0.0,1.0));
#3563=DIRECTION('',(1.0,0.0,0.0));
#3564=CARTESIAN_POINT('',(0.0,0.0,-15.3251797139872));
#3565=DIRECTION('',(0.0,0.0,1.0));
#3566=DIRECTION('',(1.0,0.0,0.0));
#3567=CARTESIAN_POINT('',(7.07530206658054E-15,-17.1472786157451,-14.9421574924277));
#3568=DIRECTION('',(1.0,3.60822483003176E-16,0.0));
#3569=DIRECTION('',(3.60822483003176E-16,-1.0,0.0));
#3570=CARTESIAN_POINT('',(0.0,0.0,-15.2013471881956));
#3571=DIRECTION('',(0.0,0.0,-1.0));
#3572=DIRECTION('',(1.0,0.0,0.0));
#3573=CARTESIAN_POINT('',(0.0,0.0,-15.2013471881956));
#3574=DIRECTION('',(0.0,0.0,-1.0));
#3575=DIRECTION('',(1.0,0.0,0.0));
#3576=CARTESIAN_POINT('',(16.6088605221286,-4.26320490739883,-14.9421574924277));
#3577=DIRECTION('',(-0.248622828317739,-0.968600376439782,0.0));
#3578=DIRECTION('',(0.968600376439782,-0.248622828317739,0.0));
#3579=CARTESIAN_POINT('',(0.0,0.0,-15.3251797139872));
#3580=DIRECTION('',(0.0,0.0,-1.0));
#3581=DIRECTION('',(-1.0,0.0,0.0));
#3582=CARTESIAN_POINT('',(0.0,0.0,-15.3251797139872));
#3583=DIRECTION('',(0.0,0.0,-1.0));
#3584=DIRECTION('',(-1.0,0.0,0.0));
#3585=CARTESIAN_POINT('',(1.94495493603414E-14,17.1472786157451,-14.9421574924277));
#3586=DIRECTION('',(-1.0,1.08246744900953E-15,0.0));
#3587=DIRECTION('',(1.08246744900953E-15,1.0,0.0));
#3588=CARTESIAN_POINT('',(0.0,0.0,-15.2013471881956));
#3589=DIRECTION('',(0.0,0.0,1.0));
#3590=DIRECTION('',(-1.0,0.0,0.0));
#3591=CARTESIAN_POINT('',(0.0,0.0,-15.2013471881956));
#3592=DIRECTION('',(0.0,0.0,1.0));
#3593=DIRECTION('',(-1.0,0.0,0.0));
#3594=DIRECTION('',(-0.766044443118978,-9.38133875270272E-17,0.642787609686539));
#3595=CARTESIAN_POINT('',(0.0,0.0,-15.3251797139872));
#3596=DIRECTION('',(0.0,0.0,-1.0));
#3597=DIRECTION('',(-1.0,0.0,0.0));
#3598=DIRECTION('',(-1.40720081290541E-16,-0.766044443118979,-0.642787609686539));
#3599=CARTESIAN_POINT('',(0.0,0.0,-14.8899210354891));
#3600=DIRECTION('',(0.0,0.0,-1.0));
#3601=DIRECTION('',(-1.0,0.0,0.0));
#3602=DIRECTION('',(0.518379391535705,-6.34831662588153E-17,0.855150750704852));
#3603=DIRECTION('',(-5.55638138167519E-16,0.518379391535704,0.855150750704853));
#3604=CARTESIAN_POINT('',(0.0,0.0,-14.5));
#3605=DIRECTION('',(0.0,0.0,-1.0));
#3606=DIRECTION('',(-1.0,0.0,0.0));
#3607=DIRECTION('',(0.766044443118978,9.38133875270272E-17,0.642787609686539));
#3608=CARTESIAN_POINT('',(0.0,0.0,-15.3251797139872));
#3609=DIRECTION('',(0.0,0.0,1.0));
#3610=DIRECTION('',(1.0,0.0,0.0));
#3611=DIRECTION('',(4.69066937635137E-17,0.766044443118979,-0.642787609686539));
#3612=CARTESIAN_POINT('',(0.0,0.0,-14.8899210354891));
#3613=DIRECTION('',(0.0,0.0,1.0));
#3614=DIRECTION('',(1.0,0.0,0.0));
#3615=CARTESIAN_POINT('',(0.0,0.0,-14.8899210354891));
#3616=DIRECTION('',(0.0,0.0,1.0));
#3617=DIRECTION('',(1.0,0.0,0.0));
#3618=DIRECTION('',(-0.518379391535705,6.34831662588153E-17,0.855150750704852));
#3619=DIRECTION('',(3.17415831294077E-17,-0.518379391535704,0.855150750704853));
#3620=CARTESIAN_POINT('',(0.0,0.0,-14.5));
#3621=DIRECTION('',(0.0,0.0,1.0));
#3622=DIRECTION('',(1.0,0.0,0.0));
#3623=CARTESIAN_POINT('',(-16.1323379296459,5.81178430860067,14.9421574924277));
#3624=DIRECTION('',(0.338933333903149,0.940810392783422,-0.0));
#3625=DIRECTION('',(-0.940810392783422,0.338933333903149,0.0));
#3626=CARTESIAN_POINT('',(0.0,0.0,15.2013471881956));
#3627=DIRECTION('',(0.0,0.0,-1.0));
#3628=DIRECTION('',(1.0,0.0,0.0));
#3629=CARTESIAN_POINT('',(0.0,0.0,15.2013471881956));
#3630=DIRECTION('',(0.0,0.0,-1.0));
#3631=DIRECTION('',(1.0,0.0,0.0));
#3632=CARTESIAN_POINT('',(1.13922568262972E-14,-17.1472786157451,14.9421574924277));
#3633=DIRECTION('',(1.0,1.02695629777827E-15,0.0));
#3634=DIRECTION('',(1.02695629777827E-15,-1.0,0.0));
#3635=CARTESIAN_POINT('',(0.0,0.0,15.3251797139872));
#3636=DIRECTION('',(0.0,0.0,1.0));
#3637=DIRECTION('',(1.0,0.0,0.0));
#3638=CARTESIAN_POINT('',(0.0,0.0,15.3251797139872));
#3639=DIRECTION('',(0.0,0.0,1.0));
#3640=DIRECTION('',(1.0,0.0,0.0));
#3641=CARTESIAN_POINT('',(16.6088605221286,-4.26320490739882,14.9421574924277));
#3642=DIRECTION('',(-0.248622828317738,-0.968600376439783,0.0));
#3643=DIRECTION('',(0.968600376439783,-0.248622828317738,0.0));
#3644=CARTESIAN_POINT('',(0.0,0.0,15.2013471881956));
#3645=DIRECTION('',(0.0,0.0,1.0));
#3646=DIRECTION('',(-1.0,0.0,0.0));
#3647=CARTESIAN_POINT('',(0.0,0.0,15.2013471881956));
#3648=DIRECTION('',(0.0,0.0,1.0));
#3649=DIRECTION('',(-1.0,0.0,0.0));
#3650=CARTESIAN_POINT('',(4.72920059119525E-15,17.1472786157451,14.9421574924277));
#3651=DIRECTION('',(-1.0,6.38378239159465E-16,0.0));
#3652=DIRECTION('',(6.38378239159465E-16,1.0,0.0));
#3653=CARTESIAN_POINT('',(0.0,0.0,15.3251797139872));
#3654=DIRECTION('',(0.0,0.0,-1.0));
#3655=DIRECTION('',(-1.0,0.0,0.0));
#3656=CARTESIAN_POINT('',(0.0,0.0,15.3251797139872));
#3657=DIRECTION('',(0.0,0.0,-1.0));
#3658=DIRECTION('',(-1.0,0.0,0.0));
#3659=DIRECTION('',(-0.766044443118978,9.38133875270272E-17,-0.642787609686539));
#3660=DIRECTION('',(4.69066937635137E-17,0.766044443118979,0.642787609686539));
#3661=CARTESIAN_POINT('',(0.0,0.0,14.8899210354891));
#3662=DIRECTION('',(0.0,0.0,-1.0));
#3663=DIRECTION('',(-1.0,0.0,0.0));
#3664=CARTESIAN_POINT('',(0.0,0.0,14.8899210354891));
#3665=DIRECTION('',(0.0,0.0,-1.0));
#3666=DIRECTION('',(-1.0,0.0,0.0));
#3667=DIRECTION('',(0.518379391535705,6.34831662588153E-17,-0.855150750704852));
#3668=CARTESIAN_POINT('',(0.0,0.0,15.2013471881956));
#3669=DIRECTION('',(0.0,0.0,1.0));
#3670=DIRECTION('',(-1.0,0.0,0.0));
#3671=DIRECTION('',(3.17415831294077E-17,-0.518379391535704,-0.855150750704853));
#3672=CARTESIAN_POINT('',(0.0,0.0,14.5));
#3673=DIRECTION('',(0.0,0.0,-1.0));
#3674=DIRECTION('',(-1.0,0.0,0.0));
#3675=DIRECTION('',(0.766044443118978,-9.38133875270273E-17,-0.642787609686539));
#3676=DIRECTION('',(-1.40720081290541E-16,-0.766044443118979,0.642787609686539));
#3677=CARTESIAN_POINT('',(0.0,0.0,14.8899210354891));
#3678=DIRECTION('',(0.0,0.0,1.0));
#3679=DIRECTION('',(1.0,0.0,0.0));
#3680=DIRECTION('',(-0.518379391535705,-6.34831662588153E-17,-0.855150750704852));
#3681=CARTESIAN_POINT('',(0.0,0.0,15.2013471881956));
#3682=DIRECTION('',(0.0,0.0,-1.0));
#3683=DIRECTION('',(1.0,0.0,0.0));
#3684=DIRECTION('',(-5.55638138167519E-16,0.518379391535704,-0.855150750704853));
#3685=CARTESIAN_POINT('',(0.0,0.0,14.5));
#3686=DIRECTION('',(0.0,0.0,1.0));
#3687=DIRECTION('',(1.0,0.0,0.0));
#3688=CARTESIAN_POINT('',(-15.045377690846,-5.44395170255891,-18.5976493731437));
#3689=DIRECTION('',(-0.340246981409931,0.940336105677874,0.0));
#3690=DIRECTION('',(-0.940336105677874,-0.340246981409932,0.0));
#3691=CARTESIAN_POINT('',(0.0,0.0,-17.5003364901701));
#3692=DIRECTION('',(0.0,0.0,-1.0));
#3693=DIRECTION('',(1.0,0.0,0.0));
#3694=CARTESIAN_POINT('',(0.0,0.0,-17.5003364901701));
#3695=DIRECTION('',(0.0,0.0,-1.0));
#3696=DIRECTION('',(1.0,0.0,0.0));
#3697=CARTESIAN_POINT('',(1.77635683940025E-15,16.0,-18.5976493731437));
#3698=DIRECTION('',(-1.0,0.0,0.0));
#3699=DIRECTION('',(0.0,1.0,0.0));
#3700=CARTESIAN_POINT('',(0.0,0.0,-18.5976493731437));
#3701=DIRECTION('',(0.0,0.0,1.0));
#3702=DIRECTION('',(1.0,0.0,0.0));
#3703=CARTESIAN_POINT('',(15.4994562791418,-3.97074993558807,-18.5976493731437));
#3704=DIRECTION('',(0.248171870974254,0.968716017446361,0.0));
#3705=DIRECTION('',(0.968716017446361,-0.248171870974254,-0.0));
#3706=CARTESIAN_POINT('',(0.0,0.0,-18.5976493731437));
#3707=DIRECTION('',(0.0,0.0,-1.0));
#3708=DIRECTION('',(-1.0,0.0,0.0));
#3709=CARTESIAN_POINT('',(0.0,0.0,-17.5003364901701));
#3710=DIRECTION('',(0.0,0.0,1.0));
#3711=DIRECTION('',(-1.0,0.0,0.0));
#3712=CARTESIAN_POINT('',(0.0,0.0,-17.5003364901701));
#3713=DIRECTION('',(0.0,0.0,1.0));
#3714=DIRECTION('',(-1.0,0.0,0.0));
#3715=DIRECTION('',(0.548656441486823,-6.71910354898415E-17,0.836047910837062));
#3716=DIRECTION('',(-1.00786553234762E-16,0.548656441486823,0.836047910837062));
#3717=CARTESIAN_POINT('',(0.0,0.0,-14.8749495264745));
#3718=DIRECTION('',(0.0,0.0,1.0));
#3719=DIRECTION('',(-1.0,0.0,0.0));
#3720=CARTESIAN_POINT('',(0.0,0.0,-14.8749495264745));
#3721=DIRECTION('',(0.0,0.0,1.0));
#3722=DIRECTION('',(-1.0,0.0,0.0));
#3723=DIRECTION('',(-0.548656441486823,6.71910354898415E-17,0.836047910837062));
#3724=CARTESIAN_POINT('',(0.0,0.0,-17.5003364901701));
#3725=DIRECTION('',(0.0,0.0,-1.0));
#3726=DIRECTION('',(1.0,0.0,0.0));
#3727=DIRECTION('',(2.77247923323951E-16,-0.548656441486823,0.836047910837062));
#3728=CARTESIAN_POINT('',(0.0,0.0,-14.8749495264745));
#3729=DIRECTION('',(0.0,0.0,-1.0));
#3730=DIRECTION('',(1.0,0.0,0.0));
#3731=CARTESIAN_POINT('',(-14.8889891724368,5.85815682813804,18.5976493731437));
#3732=DIRECTION('',(-0.366134801758627,-0.930561823277299,0.0));
#3733=DIRECTION('',(-0.930561823277299,0.366134801758627,-0.0));
#3734=CARTESIAN_POINT('',(0.0,0.0,17.5003364901701));
#3735=DIRECTION('',(0.0,0.0,-1.0));
#3736=DIRECTION('',(1.0,0.0,0.0));
#3737=CARTESIAN_POINT('',(0.0,0.0,17.5003364901701));
#3738=DIRECTION('',(0.0,0.0,-1.0));
#3739=DIRECTION('',(1.0,0.0,0.0));
#3740=CARTESIAN_POINT('',(3.5527136788005E-15,-16.0,18.5976493731437));
#3741=DIRECTION('',(-1.0,-1.11022302462516E-16,0.0));
#3742=DIRECTION('',(1.11022302462516E-16,-1.0,0.0));
#3743=CARTESIAN_POINT('',(0.0,0.0,18.5976493731437));
#3744=DIRECTION('',(0.0,0.0,1.0));
#3745=DIRECTION('',(1.0,0.0,0.0));
#3746=CARTESIAN_POINT('',(15.4994562791418,3.97074993558805,18.5976493731437));
#3747=DIRECTION('',(0.248171870974253,-0.968716017446361,0.0));
#3748=DIRECTION('',(0.968716017446361,0.248171870974253,-0.0));
#3749=CARTESIAN_POINT('',(0.0,0.0,18.5976493731437));
#3750=DIRECTION('',(0.0,0.0,-1.0));
#3751=DIRECTION('',(-1.0,0.0,0.0));
#3752=CARTESIAN_POINT('',(0.0,0.0,17.5003364901701));
#3753=DIRECTION('',(0.0,0.0,1.0));
#3754=DIRECTION('',(-1.0,0.0,0.0));
#3755=CARTESIAN_POINT('',(0.0,0.0,17.5003364901701));
#3756=DIRECTION('',(0.0,0.0,1.0));
#3757=DIRECTION('',(-1.0,0.0,0.0));
#3758=DIRECTION('',(0.548656441486823,6.71910354898415E-17,-0.836047910837062));
#3759=DIRECTION('',(2.77247923323951E-16,-0.548656441486823,-0.836047910837062));
#3760=CARTESIAN_POINT('',(0.0,0.0,14.8749495264745));
#3761=DIRECTION('',(0.0,0.0,1.0));
#3762=DIRECTION('',(-1.0,0.0,0.0));
#3763=DIRECTION('',(-0.548656441486823,-6.71910354898415E-17,-0.836047910837062));
#3764=CARTESIAN_POINT('',(0.0,0.0,17.5003364901701));
#3765=DIRECTION('',(0.0,0.0,-1.0));
#3766=DIRECTION('',(1.0,0.0,0.0));
#3767=DIRECTION('',(-1.00786553234762E-16,0.548656441486823,-0.836047910837062));
#3768=CARTESIAN_POINT('',(0.0,0.0,14.8749495264745));
#3769=DIRECTION('',(0.0,0.0,-1.0));
#3770=DIRECTION('',(1.0,0.0,0.0));
#3771=CARTESIAN_POINT('',(0.0,0.0,14.8749495264745));
#3772=DIRECTION('',(0.0,0.0,-1.0));
#3773=DIRECTION('',(1.0,0.0,0.0));
#3774=CARTESIAN_POINT('',(15.3049635442191,3.92404012595764,-14.7103525940285));
#3775=DIRECTION('',(-0.248356969997319,0.968668578748042,0.0));
#3776=DIRECTION('',(0.968668578748041,0.248356969997319,0.0));
#3777=CARTESIAN_POINT('',(0.0,0.0,-14.7103525940285));
#3778=DIRECTION('',(0.0,0.0,-1.0));
#3779=DIRECTION('',(-1.0,0.0,0.0));
#3780=CARTESIAN_POINT('',(0.0,0.0,-14.7103525940285));
#3781=DIRECTION('',(0.0,0.0,-1.0));
#3782=DIRECTION('',(-1.0,0.0,0.0));
#3783=CARTESIAN_POINT('',(0.0,0.0,-14.8749495264745));
#3784=DIRECTION('',(0.0,0.0,1.0));
#3785=DIRECTION('',(-1.0,0.0,0.0));
#3786=DIRECTION('',(0.0,0.0,-1.0));
#3787=CARTESIAN_POINT('',(0.0,0.0,-14.3));
#3788=DIRECTION('',(0.0,0.0,-1.0));
#3789=DIRECTION('',(-1.0,0.0,0.0));
#3790=DIRECTION('',(0.0,0.0,1.0));
#3791=CARTESIAN_POINT('',(15.9818173991702,4.10262265137538,-14.6601077025534));
#3792=DIRECTION('',(-0.248643797053054,0.968594993889107,0.0));
#3793=DIRECTION('',(0.968594993889107,0.248643797053054,0.0));
#3794=CARTESIAN_POINT('',(0.0,0.0,-14.8899210354891));
#3795=DIRECTION('',(0.0,0.0,-1.0));
#3796=DIRECTION('',(-1.0,0.0,0.0));
#3797=CARTESIAN_POINT('',(0.0,0.0,-14.6601077025535));
#3798=DIRECTION('',(0.0,0.0,-1.0));
#3799=DIRECTION('',(-1.0,0.0,0.0));
#3800=CARTESIAN_POINT('',(0.0,0.0,-14.6601077025535));
#3801=DIRECTION('',(0.0,0.0,-1.0));
#3802=DIRECTION('',(-1.0,0.0,0.0));
#3803=DIRECTION('',(-0.0,-0.0,1.0));
#3804=DIRECTION('',(0.0,0.0,1.0));
#3805=CARTESIAN_POINT('',(0.0,0.0,-14.3));
#3806=DIRECTION('',(0.0,0.0,-1.0));
#3807=DIRECTION('',(-1.0,0.0,0.0));
#3808=CARTESIAN_POINT('',(-15.3049635442191,3.92404012595765,-14.7103525940285));
#3809=DIRECTION('',(-0.248356969997319,-0.968668578748041,0.0));
#3810=DIRECTION('',(-0.968668578748041,0.248356969997319,0.0));
#3811=CARTESIAN_POINT('',(0.0,0.0,-14.7103525940285));
#3812=DIRECTION('',(0.0,0.0,1.0));
#3813=DIRECTION('',(1.0,0.0,0.0));
#3814=CARTESIAN_POINT('',(0.0,0.0,-14.8749495264745));
#3815=DIRECTION('',(0.0,0.0,-1.0));
#3816=DIRECTION('',(1.0,0.0,0.0));
#3817=DIRECTION('',(0.0,0.0,1.0));
#3818=CARTESIAN_POINT('',(0.0,0.0,-14.7103525940285));
#3819=DIRECTION('',(0.0,0.0,1.0));
#3820=DIRECTION('',(1.0,0.0,0.0));
#3821=CARTESIAN_POINT('',(0.0,0.0,-14.3));
#3822=DIRECTION('',(0.0,0.0,1.0));
#3823=DIRECTION('',(1.0,0.0,0.0));
#3824=CARTESIAN_POINT('',(-15.9818173991702,4.10262265137538,-14.6601077025534));
#3825=DIRECTION('',(-0.248643797053054,-0.968594993889107,0.0));
#3826=DIRECTION('',(-0.968594993889107,0.248643797053054,0.0));
#3827=CARTESIAN_POINT('',(0.0,0.0,-14.6601077025535));
#3828=DIRECTION('',(0.0,0.0,1.0));
#3829=DIRECTION('',(1.0,0.0,0.0));
#3830=DIRECTION('',(0.0,-0.0,-1.0));
#3831=CARTESIAN_POINT('',(0.0,0.0,-14.3));
#3832=DIRECTION('',(0.0,0.0,1.0));
#3833=DIRECTION('',(1.0,0.0,0.0));
#3834=CARTESIAN_POINT('',(0.0,0.0,-14.6601077025535));
#3835=DIRECTION('',(0.0,0.0,1.0));
#3836=DIRECTION('',(1.0,0.0,0.0));
#3837=CARTESIAN_POINT('',(15.3049635442191,3.92404012595765,14.7103525940285));
#3838=DIRECTION('',(0.248356969997319,-0.968668578748041,-0.0));
#3839=DIRECTION('',(0.968668578748041,0.248356969997319,0.0));
#3840=CARTESIAN_POINT('',(0.0,0.0,14.7103525940285));
#3841=DIRECTION('',(0.0,0.0,-1.0));
#3842=DIRECTION('',(-1.0,0.0,0.0));
#3843=CARTESIAN_POINT('',(0.0,0.0,14.8749495264745));
#3844=DIRECTION('',(0.0,0.0,1.0));
#3845=DIRECTION('',(-1.0,0.0,0.0));
#3846=DIRECTION('',(0.0,0.0,-1.0));
#3847=CARTESIAN_POINT('',(0.0,0.0,14.7103525940285));
#3848=DIRECTION('',(0.0,0.0,-1.0));
#3849=DIRECTION('',(-1.0,0.0,0.0));
#3850=DIRECTION('',(0.0,0.0,1.0));
#3851=CARTESIAN_POINT('',(0.0,0.0,14.3));
#3852=DIRECTION('',(0.0,0.0,-1.0));
#3853=DIRECTION('',(-1.0,0.0,0.0));
#3854=CARTESIAN_POINT('',(15.9818173991702,4.10262265137538,14.6601077025534));
#3855=DIRECTION('',(0.248643797053054,-0.968594993889107,-0.0));
#3856=DIRECTION('',(0.968594993889107,0.248643797053054,0.0));
#3857=CARTESIAN_POINT('',(0.0,0.0,14.6601077025535));
#3858=DIRECTION('',(0.0,0.0,-1.0));
#3859=DIRECTION('',(-1.0,0.0,0.0));
#3860=DIRECTION('',(-0.0,-0.0,1.0));
#3861=CARTESIAN_POINT('',(0.0,0.0,14.3));
#3862=DIRECTION('',(0.0,0.0,-1.0));
#3863=DIRECTION('',(-1.0,0.0,0.0));
#3864=DIRECTION('',(0.0,0.0,1.0));
#3865=CARTESIAN_POINT('',(0.0,0.0,14.6601077025535));
#3866=DIRECTION('',(0.0,0.0,-1.0));
#3867=DIRECTION('',(-1.0,0.0,0.0));
#3868=DIRECTION('',(-0.0,-0.0,1.0));
#3869=CARTESIAN_POINT('',(0.0,0.0,-20.5));
#3870=DIRECTION('',(0.0,0.0,-1.0));
#3871=DIRECTION('',(-1.0,0.0,0.0));
#3872=DIRECTION('',(0.0,0.0,1.0));
#3873=DIRECTION('',(0.0,0.0,-1.0));
#3874=DIRECTION('',(0.0,0.0,1.0));
#3875=CARTESIAN_POINT('',(0.0,0.0,-14.5));
#3876=DIRECTION('',(0.0,0.0,-1.0));
#3877=DIRECTION('',(-1.0,0.0,0.0));
#3878=CARTESIAN_POINT('',(-15.3049635442191,3.92404012595764,14.7103525940285));
#3879=DIRECTION('',(0.248356969997319,0.968668578748042,-0.0));
#3880=DIRECTION('',(-0.968668578748041,0.248356969997319,0.0));
#3881=CARTESIAN_POINT('',(0.0,0.0,14.7103525940285));
#3882=DIRECTION('',(0.0,0.0,1.0));
#3883=DIRECTION('',(1.0,0.0,0.0));
#3884=CARTESIAN_POINT('',(0.0,0.0,14.7103525940285));
#3885=DIRECTION('',(0.0,0.0,1.0));
#3886=DIRECTION('',(1.0,0.0,0.0));
#3887=CARTESIAN_POINT('',(0.0,0.0,14.8749495264745));
#3888=DIRECTION('',(0.0,0.0,-1.0));
#3889=DIRECTION('',(1.0,0.0,0.0));
#3890=DIRECTION('',(0.0,0.0,1.0));
#3891=CARTESIAN_POINT('',(0.0,0.0,14.3));
#3892=DIRECTION('',(0.0,0.0,1.0));
#3893=DIRECTION('',(1.0,0.0,0.0));
#3894=CARTESIAN_POINT('',(-15.9818173991702,4.10262265137538,14.6601077025534));
#3895=DIRECTION('',(0.248643797053054,0.968594993889107,-0.0));
#3896=DIRECTION('',(-0.968594993889107,0.248643797053054,0.0));
#3897=CARTESIAN_POINT('',(0.0,0.0,14.8899210354891));
#3898=DIRECTION('',(0.0,0.0,1.0));
#3899=DIRECTION('',(1.0,0.0,0.0));
#3900=CARTESIAN_POINT('',(0.0,0.0,14.6601077025535));
#3901=DIRECTION('',(0.0,0.0,1.0));
#3902=DIRECTION('',(1.0,0.0,0.0));
#3903=CARTESIAN_POINT('',(0.0,0.0,14.6601077025535));
#3904=DIRECTION('',(0.0,0.0,1.0));
#3905=DIRECTION('',(1.0,0.0,0.0));
#3906=DIRECTION('',(0.0,-0.0,-1.0));
#3907=CARTESIAN_POINT('',(0.0,0.0,14.3));
#3908=DIRECTION('',(0.0,0.0,1.0));
#3909=DIRECTION('',(1.0,0.0,0.0));
#3910=DIRECTION('',(0.0,-0.0,-1.0));
#3911=CARTESIAN_POINT('',(0.0,0.0,20.5));
#3912=DIRECTION('',(0.0,0.0,1.0));
#3913=DIRECTION('',(1.0,0.0,0.0));
#3914=DIRECTION('',(0.0,0.0,1.0));
#3915=CARTESIAN_POINT('',(0.0,0.0,14.5));
#3916=DIRECTION('',(0.0,0.0,1.0));
#3917=DIRECTION('',(1.0,0.0,0.0));
#3918=DIRECTION('',(0.0,0.0,1.0));
#3919=CARTESIAN_POINT('',(0.0,0.0,-14.5));
#3920=DIRECTION('',(0.0,0.0,1.0));
#3921=DIRECTION('',(1.0,0.0,0.0));
#3922=CARTESIAN_POINT('',(0.0,0.0,14.3));
#3923=DIRECTION('',(0.0,0.0,1.0));
#3924=DIRECTION('',(1.0,0.0,0.0));
#3925=CARTESIAN_POINT('',(0.0,0.0,14.3));
#3926=DIRECTION('',(0.0,0.0,-1.0));
#3927=DIRECTION('',(-1.0,0.0,0.0));
#3928=CARTESIAN_POINT('',(0.0,0.0,14.3));
#3929=DIRECTION('',(0.0,0.0,-1.0));
#3930=DIRECTION('',(-1.0,0.0,0.0));
#3931=CARTESIAN_POINT('',(0.0,0.0,14.3));
#3932=DIRECTION('',(0.0,0.0,1.0));
#3933=DIRECTION('',(1.0,0.0,0.0));
#3934=CARTESIAN_POINT('',(0.0,0.0,-20.5));
#3935=DIRECTION('',(0.0,0.0,1.0));
#3936=DIRECTION('',(1.0,0.0,0.0));
#3937=DIRECTION('',(0.0,0.0,1.0));
#3938=DIRECTION('',(0.0,0.0,1.0));
#3939=CARTESIAN_POINT('',(0.0,0.0,14.6601077025535));
#3940=DIRECTION('',(0.0,0.0,1.0));
#3941=DIRECTION('',(1.0,0.0,0.0));
#3942=CARTESIAN_POINT('',(0.0,0.0,14.8899210354891));
#3943=DIRECTION('',(0.0,0.0,1.0));
#3944=DIRECTION('',(1.0,0.0,0.0));
#3945=CARTESIAN_POINT('',(0.0,0.0,14.7103525940285));
#3946=DIRECTION('',(0.0,0.0,1.0));
#3947=DIRECTION('',(1.0,0.0,0.0));
#3948=DIRECTION('',(0.0,0.0,1.0));
#3949=CARTESIAN_POINT('',(0.0,0.0,14.5));
#3950=DIRECTION('',(0.0,0.0,-1.0));
#3951=DIRECTION('',(-1.0,0.0,0.0));
#3952=CARTESIAN_POINT('',(0.0,0.0,20.5));
#3953=DIRECTION('',(0.0,0.0,-1.0));
#3954=DIRECTION('',(-1.0,0.0,0.0));
#3955=CARTESIAN_POINT('',(0.0,0.0,14.6601077025535));
#3956=DIRECTION('',(0.0,0.0,-1.0));
#3957=DIRECTION('',(-1.0,0.0,0.0));
#3958=CARTESIAN_POINT('',(0.0,0.0,14.8899210354891));
#3959=DIRECTION('',(0.0,0.0,-1.0));
#3960=DIRECTION('',(-1.0,0.0,0.0));
#3961=CARTESIAN_POINT('',(0.0,0.0,14.7103525940285));
#3962=DIRECTION('',(0.0,0.0,-1.0));
#3963=DIRECTION('',(-1.0,0.0,0.0));
#3964=CARTESIAN_POINT('',(0.0,0.0,14.8749495264745));
#3965=DIRECTION('',(0.0,0.0,1.0));
#3966=DIRECTION('',(-1.0,0.0,0.0));
#3967=CARTESIAN_POINT('',(0.0,0.0,-14.3));
#3968=DIRECTION('',(0.0,0.0,-1.0));
#3969=DIRECTION('',(-1.0,0.0,0.0));
#3970=CARTESIAN_POINT('',(0.0,0.0,-14.3));
#3971=DIRECTION('',(0.0,0.0,1.0));
#3972=DIRECTION('',(1.0,0.0,0.0));
#3973=CARTESIAN_POINT('',(0.0,0.0,-14.3));
#3974=DIRECTION('',(0.0,0.0,1.0));
#3975=DIRECTION('',(1.0,0.0,0.0));
#3976=CARTESIAN_POINT('',(0.0,0.0,-14.3));
#3977=DIRECTION('',(0.0,0.0,-1.0));
#3978=DIRECTION('',(-1.0,0.0,0.0));
#3979=CARTESIAN_POINT('',(0.0,0.0,-14.6601077025535));
#3980=DIRECTION('',(0.0,0.0,1.0));
#3981=DIRECTION('',(1.0,0.0,0.0));
#3982=DIRECTION('',(0.0,0.0,1.0));
#3983=CARTESIAN_POINT('',(0.0,0.0,-14.8899210354891));
#3984=DIRECTION('',(0.0,0.0,1.0));
#3985=DIRECTION('',(1.0,0.0,0.0));
#3986=DIRECTION('',(0.0,0.0,1.0));
#3987=CARTESIAN_POINT('',(0.0,0.0,-14.7103525940285));
#3988=DIRECTION('',(0.0,0.0,1.0));
#3989=DIRECTION('',(1.0,0.0,0.0));
#3990=CARTESIAN_POINT('',(0.0,0.0,-14.8749495264745));
#3991=DIRECTION('',(0.0,0.0,-1.0));
#3992=DIRECTION('',(1.0,0.0,0.0));
#3993=CARTESIAN_POINT('',(0.0,0.0,-14.6601077025535));
#3994=DIRECTION('',(0.0,0.0,-1.0));
#3995=DIRECTION('',(-1.0,0.0,0.0));
#3996=CARTESIAN_POINT('',(0.0,0.0,-14.8899210354891));
#3997=DIRECTION('',(0.0,0.0,-1.0));
#3998=DIRECTION('',(-1.0,0.0,0.0));
#3999=CARTESIAN_POINT('',(0.0,0.0,-14.7103525940285));
#4000=DIRECTION('',(0.0,0.0,-1.0));
#4001=DIRECTION('',(-1.0,0.0,0.0));
#4002=CARTESIAN_POINT('',(0.0,0.0,17.5003364901701));
#4003=DIRECTION('',(0.0,0.0,1.0));
#4004=DIRECTION('',(-1.0,0.0,0.0));
#4005=CARTESIAN_POINT('',(1.24344978758018E-14,16.0,18.5976493731437));
#4006=DIRECTION('',(1.0,-6.66133814775094E-16,0.0));
#4007=DIRECTION('',(6.66133814775094E-16,1.0,0.0));
#4008=CARTESIAN_POINT('',(0.0,0.0,18.5976493731437));
#4009=DIRECTION('',(0.0,0.0,-1.0));
#4010=DIRECTION('',(-1.0,0.0,0.0));
#4011=CARTESIAN_POINT('',(0.0,0.0,18.5976493731437));
#4012=DIRECTION('',(0.0,0.0,1.0));
#4013=DIRECTION('',(1.0,0.0,0.0));
#4014=CARTESIAN_POINT('',(0.0,0.0,-17.5003364901701));
#4015=DIRECTION('',(0.0,0.0,1.0));
#4016=DIRECTION('',(-1.0,0.0,0.0));
#4017=CARTESIAN_POINT('',(-7.105427357601E-15,-16.0,-18.5976493731437));
#4018=DIRECTION('',(1.0,-5.55111512312578E-16,-0.0));
#4019=DIRECTION('',(-5.55111512312578E-16,-1.0,0.0));
#4020=CARTESIAN_POINT('',(0.0,0.0,15.3251797139872));
#4021=DIRECTION('',(0.0,0.0,1.0));
#4022=DIRECTION('',(1.0,0.0,0.0));
#4023=CARTESIAN_POINT('',(0.0,0.0,15.3251797139872));
#4024=DIRECTION('',(0.0,0.0,-1.0));
#4025=DIRECTION('',(-1.0,0.0,0.0));
#4026=CARTESIAN_POINT('',(0.0,0.0,-15.2013471881956));
#4027=DIRECTION('',(0.0,0.0,-1.0));
#4028=DIRECTION('',(1.0,0.0,0.0));
#4029=CARTESIAN_POINT('',(0.0,0.0,-15.2013471881956));
#4030=DIRECTION('',(0.0,0.0,1.0));
#4031=DIRECTION('',(-1.0,0.0,0.0));
#4032=DIRECTION('',(0.0,0.0,1.0));
#4033=CARTESIAN_POINT('',(0.0,0.0,19.7928932188135));
#4034=DIRECTION('',(0.0,0.0,-1.0));
#4035=DIRECTION('',(-1.0,0.0,0.0));
#4036=CARTESIAN_POINT('',(6.28036983473559E-16,-1.25607396694712E-15,20.1464466094067));
#4037=DIRECTION('',(-4.50777660126292E-31,3.5527136788005E-15,1.0));
#4038=DIRECTION('',(1.0,1.26882631385732E-16,0.0));
#4039=CARTESIAN_POINT('',(-1.27839057404014E-15,3.81285511502718E-15,20.1464466094068));
#4040=DIRECTION('',(-8.85859603629298E-31,1.77635683940025E-15,1.0));
#4041=DIRECTION('',(-1.0,-4.98694622600935E-16,1.01150832917446E-46));
#4042=DIRECTION('',(0.0,0.0,1.0));
#4043=CARTESIAN_POINT('',(0.0,0.0,-19.7928932188135));
#4044=DIRECTION('',(0.0,0.0,1.0));
#4045=DIRECTION('',(1.0,0.0,0.0));
#4046=CARTESIAN_POINT('',(6.28036983473559E-16,-1.25607396694712E-15,-20.1464466094067));
#4047=DIRECTION('',(4.50777660126292E-31,-3.5527136788005E-15,1.0));
#4048=DIRECTION('',(1.0,1.26882631385732E-16,0.0));
#4049=CARTESIAN_POINT('',(-1.27839057404014E-15,3.81285511502718E-15,-20.1464466094068));
#4050=DIRECTION('',(8.85859603629298E-31,-1.77635683940025E-15,1.0));
#4051=DIRECTION('',(-1.0,-4.98694622600935E-16,-1.01150832917446E-46));
ENDSEC;
END-ISO-10303-21;
