ISO-10303-21;
HEADER;
FILE_DESCRIPTION(('STEP AP214'),'1');
FILE_NAME('B_02.stp','2024-10-15T09:01:55',(' '),(' '),'Spatial InterOp 3D',' ',' ');
FILE_SCHEMA(('AUTOMOTIVE_DESIGN { 1 0 10303 214 1 1 1 1 }'));
ENDSEC;
DATA;
#1=MECHANICAL_DESIGN_GEOMETRIC_PRESENTATION_REPRESENTATION(' ',(#10,#11,#12,#13,#14,#15,#16,#17,#18,#19,#20,#21,#22,#23,#24,#25,#26,#27,#28,#29,#30,#31,#32,#33,#34,#35,#36,#37,#38,#39,#40,#41,#42,#43,#44,#45,#46,#47,#48,#49,#50,#51,#52,#53,#54,#55,#56,#57,#58,#59,#60,#61,#62,#63,#64,#65,#66,#67,#68,#69,#70,#71,#72,#73,#74,#75,#76,#77,#78,#79,#80,#81,#82,#83,#84,#85,#86,#87,#88,#89,#90,#91,#92,#93,#94,#95,#96,#97,#98,#99,#100,#101,#102,#103,#104,#105,#106,#107,#108,#109,#110,#111,#112,#113,#114,#115,#116,#117,#118,#119,#120,#121,#122,#123,#124,#125,#126,#127,#128,#129,#130,#131,#132,#133,#134,#135,#136,#137,#138,#139,#140,#141,#142,#143,#144,#145,#146,#147,#148,#149,#150,#151,#152,#153,#154,#155,#156,#157,#158,#159,#160,#161,#162,#163,#164,#165,#166,#167,#168,#169,#170,#171,#172,#173,#174,#175,#176,#177,#178,#179,#180,#181,#182,#183,#184,#185,#186,#187,#188,#189,#190,#191,#192,#193,#194,#195,#196,#197,#198,#199,#200,#201,#202,#203,#204,#205,#206,#207,#208,#209,#210,#211,#212,#213,#214,#215,#216),#6);
#2=PRODUCT_DEFINITION_CONTEXT('',#217,'design');
#3=APPLICATION_PROTOCOL_DEFINITION('INTERNATIONAL STANDARD','automotive_design',1994,#217);
#4=PRODUCT_CATEGORY_RELATIONSHIP('NONE','NONE',#218,#219);
#5=SHAPE_DEFINITION_REPRESENTATION(#220,#221);
#6= (GEOMETRIC_REPRESENTATION_CONTEXT(3)GLOBAL_UNCERTAINTY_ASSIGNED_CONTEXT((#224))GLOBAL_UNIT_ASSIGNED_CONTEXT((#226,#227,#228))REPRESENTATION_CONTEXT('NONE','WORKSPACE'));
#10=STYLED_ITEM('',(#230),#231);
#11=STYLED_ITEM('',(#232),#233);
#12=STYLED_ITEM('',(#234),#235);
#13=STYLED_ITEM('',(#236),#237);
#14=STYLED_ITEM('',(#238),#239);
#15=STYLED_ITEM('',(#240),#241);
#16=STYLED_ITEM('',(#242),#243);
#17=STYLED_ITEM('',(#244),#245);
#18=STYLED_ITEM('',(#246),#247);
#19=STYLED_ITEM('',(#248),#249);
#20=STYLED_ITEM('',(#250),#251);
#21=STYLED_ITEM('',(#252),#253);
#22=STYLED_ITEM('',(#254),#255);
#23=STYLED_ITEM('',(#256),#257);
#24=STYLED_ITEM('',(#258),#259);
#25=STYLED_ITEM('',(#260),#261);
#26=STYLED_ITEM('',(#262),#263);
#27=STYLED_ITEM('',(#264),#265);
#28=STYLED_ITEM('',(#266),#267);
#29=STYLED_ITEM('',(#268),#269);
#30=STYLED_ITEM('',(#270),#271);
#31=STYLED_ITEM('',(#272),#273);
#32=STYLED_ITEM('',(#274),#275);
#33=STYLED_ITEM('',(#276),#277);
#34=STYLED_ITEM('',(#278),#279);
#35=STYLED_ITEM('',(#280),#281);
#36=STYLED_ITEM('',(#282),#283);
#37=STYLED_ITEM('',(#284),#285);
#38=STYLED_ITEM('',(#286),#287);
#39=STYLED_ITEM('',(#288),#289);
#40=STYLED_ITEM('',(#290),#291);
#41=STYLED_ITEM('',(#292),#293);
#42=STYLED_ITEM('',(#294),#295);
#43=STYLED_ITEM('',(#296),#297);
#44=STYLED_ITEM('',(#298),#299);
#45=STYLED_ITEM('',(#300),#301);
#46=STYLED_ITEM('',(#302),#303);
#47=STYLED_ITEM('',(#304),#305);
#48=STYLED_ITEM('',(#306),#307);
#49=STYLED_ITEM('',(#308),#309);
#50=STYLED_ITEM('',(#310),#311);
#51=STYLED_ITEM('',(#312),#313);
#52=STYLED_ITEM('',(#314),#315);
#53=STYLED_ITEM('',(#316),#317);
#54=STYLED_ITEM('',(#318),#319);
#55=STYLED_ITEM('',(#320),#321);
#56=STYLED_ITEM('',(#322),#323);
#57=STYLED_ITEM('',(#324),#325);
#58=STYLED_ITEM('',(#326),#327);
#59=STYLED_ITEM('',(#328),#329);
#60=STYLED_ITEM('',(#330),#331);
#61=STYLED_ITEM('',(#332),#333);
#62=STYLED_ITEM('',(#334),#335);
#63=STYLED_ITEM('',(#336),#337);
#64=STYLED_ITEM('',(#338),#339);
#65=STYLED_ITEM('',(#340),#341);
#66=STYLED_ITEM('',(#342),#343);
#67=STYLED_ITEM('',(#344),#345);
#68=STYLED_ITEM('',(#346),#347);
#69=STYLED_ITEM('',(#348),#349);
#70=STYLED_ITEM('',(#350),#351);
#71=STYLED_ITEM('',(#352),#353);
#72=STYLED_ITEM('',(#354),#355);
#73=STYLED_ITEM('',(#356),#357);
#74=STYLED_ITEM('',(#358),#359);
#75=STYLED_ITEM('',(#360),#361);
#76=STYLED_ITEM('',(#362),#363);
#77=STYLED_ITEM('',(#364),#365);
#78=STYLED_ITEM('',(#366),#367);
#79=STYLED_ITEM('',(#368),#369);
#80=STYLED_ITEM('',(#370),#371);
#81=STYLED_ITEM('',(#372),#373);
#82=STYLED_ITEM('',(#374),#375);
#83=STYLED_ITEM('',(#376),#377);
#84=STYLED_ITEM('',(#378),#379);
#85=STYLED_ITEM('',(#380),#381);
#86=STYLED_ITEM('',(#382),#383);
#87=STYLED_ITEM('',(#384),#385);
#88=STYLED_ITEM('',(#386),#387);
#89=STYLED_ITEM('',(#388),#389);
#90=STYLED_ITEM('',(#390),#391);
#91=STYLED_ITEM('',(#392),#393);
#92=STYLED_ITEM('',(#394),#395);
#93=STYLED_ITEM('',(#396),#397);
#94=STYLED_ITEM('',(#398),#399);
#95=STYLED_ITEM('',(#400),#401);
#96=STYLED_ITEM('',(#402),#403);
#97=STYLED_ITEM('',(#404),#405);
#98=STYLED_ITEM('',(#406),#407);
#99=STYLED_ITEM('',(#408),#409);
#100=STYLED_ITEM('',(#410),#411);
#101=STYLED_ITEM('',(#412),#413);
#102=STYLED_ITEM('',(#414),#415);
#103=STYLED_ITEM('',(#416),#417);
#104=STYLED_ITEM('',(#418),#419);
#105=STYLED_ITEM('',(#420),#421);
#106=STYLED_ITEM('',(#422),#423);
#107=STYLED_ITEM('',(#424),#425);
#108=STYLED_ITEM('',(#426),#427);
#109=STYLED_ITEM('',(#428),#429);
#110=STYLED_ITEM('',(#430),#431);
#111=STYLED_ITEM('',(#432),#433);
#112=STYLED_ITEM('',(#434),#435);
#113=STYLED_ITEM('',(#436),#437);
#114=STYLED_ITEM('',(#438),#439);
#115=STYLED_ITEM('',(#440),#441);
#116=STYLED_ITEM('',(#442),#443);
#117=STYLED_ITEM('',(#444),#445);
#118=STYLED_ITEM('',(#446),#447);
#119=STYLED_ITEM('',(#448),#449);
#120=STYLED_ITEM('',(#450),#451);
#121=STYLED_ITEM('',(#452),#453);
#122=STYLED_ITEM('',(#454),#455);
#123=STYLED_ITEM('',(#456),#457);
#124=STYLED_ITEM('',(#458),#459);
#125=STYLED_ITEM('',(#460),#461);
#126=STYLED_ITEM('',(#462),#463);
#127=STYLED_ITEM('',(#464),#465);
#128=STYLED_ITEM('',(#466),#467);
#129=STYLED_ITEM('',(#468),#469);
#130=STYLED_ITEM('',(#470),#471);
#131=STYLED_ITEM('',(#472),#473);
#132=STYLED_ITEM('',(#474),#475);
#133=STYLED_ITEM('',(#476),#477);
#134=STYLED_ITEM('',(#478),#479);
#135=STYLED_ITEM('',(#480),#481);
#136=STYLED_ITEM('',(#482),#483);
#137=STYLED_ITEM('',(#484),#485);
#138=STYLED_ITEM('',(#486),#487);
#139=STYLED_ITEM('',(#488),#489);
#140=STYLED_ITEM('',(#490),#491);
#141=STYLED_ITEM('',(#492),#493);
#142=STYLED_ITEM('',(#494),#495);
#143=STYLED_ITEM('',(#496),#497);
#144=STYLED_ITEM('',(#498),#499);
#145=STYLED_ITEM('',(#500),#501);
#146=STYLED_ITEM('',(#502),#503);
#147=STYLED_ITEM('',(#504),#505);
#148=STYLED_ITEM('',(#506),#507);
#149=STYLED_ITEM('',(#508),#509);
#150=STYLED_ITEM('',(#510),#511);
#151=STYLED_ITEM('',(#512),#513);
#152=STYLED_ITEM('',(#514),#515);
#153=STYLED_ITEM('',(#516),#517);
#154=STYLED_ITEM('',(#518),#519);
#155=STYLED_ITEM('',(#520),#521);
#156=STYLED_ITEM('',(#522),#523);
#157=STYLED_ITEM('',(#524),#525);
#158=STYLED_ITEM('',(#526),#527);
#159=STYLED_ITEM('',(#528),#529);
#160=STYLED_ITEM('',(#530),#531);
#161=STYLED_ITEM('',(#532),#533);
#162=STYLED_ITEM('',(#534),#535);
#163=STYLED_ITEM('',(#536),#537);
#164=STYLED_ITEM('',(#538),#539);
#165=STYLED_ITEM('',(#540),#541);
#166=STYLED_ITEM('',(#542),#543);
#167=STYLED_ITEM('',(#544),#545);
#168=STYLED_ITEM('',(#546),#547);
#169=STYLED_ITEM('',(#548),#549);
#170=STYLED_ITEM('',(#550),#551);
#171=STYLED_ITEM('',(#552),#553);
#172=STYLED_ITEM('',(#554),#555);
#173=STYLED_ITEM('',(#556),#557);
#174=STYLED_ITEM('',(#558),#559);
#175=STYLED_ITEM('',(#560),#561);
#176=STYLED_ITEM('',(#562),#563);
#177=STYLED_ITEM('',(#564),#565);
#178=STYLED_ITEM('',(#566),#567);
#179=STYLED_ITEM('',(#568),#569);
#180=STYLED_ITEM('',(#570),#571);
#181=STYLED_ITEM('',(#572),#573);
#182=STYLED_ITEM('',(#574),#575);
#183=STYLED_ITEM('',(#576),#577);
#184=STYLED_ITEM('',(#578),#579);
#185=STYLED_ITEM('',(#580),#581);
#186=STYLED_ITEM('',(#582),#583);
#187=STYLED_ITEM('',(#584),#585);
#188=STYLED_ITEM('',(#586),#587);
#189=STYLED_ITEM('',(#588),#589);
#190=STYLED_ITEM('',(#590),#591);
#191=STYLED_ITEM('',(#592),#593);
#192=STYLED_ITEM('',(#594),#595);
#193=STYLED_ITEM('',(#596),#597);
#194=STYLED_ITEM('',(#598),#599);
#195=STYLED_ITEM('',(#600),#601);
#196=STYLED_ITEM('',(#602),#603);
#197=STYLED_ITEM('',(#604),#605);
#198=STYLED_ITEM('',(#606),#607);
#199=STYLED_ITEM('',(#608),#609);
#200=STYLED_ITEM('',(#610),#611);
#201=STYLED_ITEM('',(#612),#613);
#202=STYLED_ITEM('',(#614),#615);
#203=STYLED_ITEM('',(#616),#617);
#204=STYLED_ITEM('',(#618),#619);
#205=STYLED_ITEM('',(#620),#621);
#206=STYLED_ITEM('',(#622),#623);
#207=STYLED_ITEM('',(#624),#625);
#208=STYLED_ITEM('',(#626),#627);
#209=STYLED_ITEM('',(#628),#629);
#210=STYLED_ITEM('',(#630),#631);
#211=STYLED_ITEM('',(#632),#633);
#212=STYLED_ITEM('',(#634),#635);
#213=STYLED_ITEM('',(#636),#637);
#214=STYLED_ITEM('',(#638),#639);
#215=STYLED_ITEM('',(#640),#641);
#216=STYLED_ITEM('',(#642),#643);
#217=APPLICATION_CONTEXT(' ');
#218=PRODUCT_CATEGORY('part','NONE');
#219=PRODUCT_RELATED_PRODUCT_CATEGORY('detail',' ',(#644));
#220=PRODUCT_DEFINITION_SHAPE('NONE','NONE',#645);
#221=ADVANCED_BREP_SHAPE_REPRESENTATION('1',(#643,#646),#6);
#224=UNCERTAINTY_MEASURE_WITH_UNIT(LENGTH_MEASURE(1.0E-06),#226,'','');
#226= (CONVERSION_BASED_UNIT('MILLIMETRE',#649)LENGTH_UNIT()NAMED_UNIT(#652));
#227= (NAMED_UNIT(#654)PLANE_ANGLE_UNIT()SI_UNIT($,.RADIAN.));
#228= (NAMED_UNIT(#654)SOLID_ANGLE_UNIT()SI_UNIT($,.STERADIAN.));
#230=PRESENTATION_STYLE_ASSIGNMENT((#660));
#231=ADVANCED_FACE('',(#661),#662,.T.);
#232=PRESENTATION_STYLE_ASSIGNMENT((#663));
#233=ADVANCED_FACE('',(#664),#665,.T.);
#234=PRESENTATION_STYLE_ASSIGNMENT((#666));
#235=ADVANCED_FACE('',(#667),#668,.F.);
#236=PRESENTATION_STYLE_ASSIGNMENT((#669));
#237=ADVANCED_FACE('',(#670),#671,.T.);
#238=PRESENTATION_STYLE_ASSIGNMENT((#672));
#239=ADVANCED_FACE('',(#673),#674,.F.);
#240=PRESENTATION_STYLE_ASSIGNMENT((#675));
#241=ADVANCED_FACE('',(#676),#677,.T.);
#242=PRESENTATION_STYLE_ASSIGNMENT((#678));
#243=ADVANCED_FACE('',(#679),#680,.T.);
#244=PRESENTATION_STYLE_ASSIGNMENT((#681));
#245=ADVANCED_FACE('',(#682),#683,.T.);
#246=PRESENTATION_STYLE_ASSIGNMENT((#684));
#247=ADVANCED_FACE('',(#685),#686,.F.);
#248=PRESENTATION_STYLE_ASSIGNMENT((#687));
#249=ADVANCED_FACE('',(#688),#689,.T.);
#250=PRESENTATION_STYLE_ASSIGNMENT((#690));
#251=ADVANCED_FACE('',(#691),#692,.F.);
#252=PRESENTATION_STYLE_ASSIGNMENT((#693));
#253=ADVANCED_FACE('',(#694),#695,.T.);
#254=PRESENTATION_STYLE_ASSIGNMENT((#696));
#255=ADVANCED_FACE('',(#697),#698,.F.);
#256=PRESENTATION_STYLE_ASSIGNMENT((#699));
#257=ADVANCED_FACE('',(#700),#701,.F.);
#258=PRESENTATION_STYLE_ASSIGNMENT((#702));
#259=ADVANCED_FACE('',(#703),#704,.T.);
#260=PRESENTATION_STYLE_ASSIGNMENT((#705));
#261=ADVANCED_FACE('',(#706),#707,.T.);
#262=PRESENTATION_STYLE_ASSIGNMENT((#708));
#263=ADVANCED_FACE('',(#709),#710,.T.);
#264=PRESENTATION_STYLE_ASSIGNMENT((#711));
#265=ADVANCED_FACE('',(#712),#713,.T.);
#266=PRESENTATION_STYLE_ASSIGNMENT((#714));
#267=ADVANCED_FACE('',(#715),#716,.F.);
#268=PRESENTATION_STYLE_ASSIGNMENT((#717));
#269=ADVANCED_FACE('',(#718),#719,.F.);
#270=PRESENTATION_STYLE_ASSIGNMENT((#720));
#271=ADVANCED_FACE('',(#721),#722,.T.);
#272=PRESENTATION_STYLE_ASSIGNMENT((#723));
#273=ADVANCED_FACE('',(#724),#725,.T.);
#274=PRESENTATION_STYLE_ASSIGNMENT((#726));
#275=ADVANCED_FACE('',(#727),#728,.T.);
#276=PRESENTATION_STYLE_ASSIGNMENT((#729));
#277=ADVANCED_FACE('',(#730),#731,.T.);
#278=PRESENTATION_STYLE_ASSIGNMENT((#732));
#279=ADVANCED_FACE('',(#733),#734,.T.);
#280=PRESENTATION_STYLE_ASSIGNMENT((#735));
#281=ADVANCED_FACE('',(#736),#737,.T.);
#282=PRESENTATION_STYLE_ASSIGNMENT((#738));
#283=ADVANCED_FACE('',(#739),#740,.T.);
#284=PRESENTATION_STYLE_ASSIGNMENT((#741));
#285=ADVANCED_FACE('',(#742),#743,.T.);
#286=PRESENTATION_STYLE_ASSIGNMENT((#744));
#287=ADVANCED_FACE('',(#745),#746,.T.);
#288=PRESENTATION_STYLE_ASSIGNMENT((#747));
#289=ADVANCED_FACE('',(#748),#749,.F.);
#290=PRESENTATION_STYLE_ASSIGNMENT((#750));
#291=ADVANCED_FACE('',(#751),#752,.T.);
#292=PRESENTATION_STYLE_ASSIGNMENT((#753));
#293=ADVANCED_FACE('',(#754),#755,.T.);
#294=PRESENTATION_STYLE_ASSIGNMENT((#756));
#295=ADVANCED_FACE('',(#757),#758,.T.);
#296=PRESENTATION_STYLE_ASSIGNMENT((#759));
#297=ADVANCED_FACE('',(#760),#761,.T.);
#298=PRESENTATION_STYLE_ASSIGNMENT((#762));
#299=ADVANCED_FACE('',(#763),#764,.T.);
#300=PRESENTATION_STYLE_ASSIGNMENT((#765));
#301=ADVANCED_FACE('',(#766),#767,.F.);
#302=PRESENTATION_STYLE_ASSIGNMENT((#768));
#303=ADVANCED_FACE('',(#769),#770,.T.);
#304=PRESENTATION_STYLE_ASSIGNMENT((#771));
#305=ADVANCED_FACE('',(#772),#773,.T.);
#306=PRESENTATION_STYLE_ASSIGNMENT((#774));
#307=ADVANCED_FACE('',(#775),#776,.T.);
#308=PRESENTATION_STYLE_ASSIGNMENT((#777));
#309=ADVANCED_FACE('',(#778),#779,.T.);
#310=PRESENTATION_STYLE_ASSIGNMENT((#780));
#311=ADVANCED_FACE('',(#781),#782,.T.);
#312=PRESENTATION_STYLE_ASSIGNMENT((#783));
#313=ADVANCED_FACE('',(#784),#785,.F.);
#314=PRESENTATION_STYLE_ASSIGNMENT((#786));
#315=ADVANCED_FACE('',(#787),#788,.F.);
#316=PRESENTATION_STYLE_ASSIGNMENT((#789));
#317=ADVANCED_FACE('',(#790),#791,.T.);
#318=PRESENTATION_STYLE_ASSIGNMENT((#792));
#319=ADVANCED_FACE('',(#793),#794,.T.);
#320=PRESENTATION_STYLE_ASSIGNMENT((#795));
#321=ADVANCED_FACE('',(#796),#797,.T.);
#322=PRESENTATION_STYLE_ASSIGNMENT((#798));
#323=ADVANCED_FACE('',(#799),#800,.T.);
#324=PRESENTATION_STYLE_ASSIGNMENT((#801));
#325=ADVANCED_FACE('',(#802),#803,.T.);
#326=PRESENTATION_STYLE_ASSIGNMENT((#804));
#327=ADVANCED_FACE('',(#805),#806,.T.);
#328=PRESENTATION_STYLE_ASSIGNMENT((#807));
#329=ADVANCED_FACE('',(#808),#809,.F.);
#330=PRESENTATION_STYLE_ASSIGNMENT((#810));
#331=ADVANCED_FACE('',(#811),#812,.F.);
#332=PRESENTATION_STYLE_ASSIGNMENT((#813));
#333=ADVANCED_FACE('',(#814),#815,.T.);
#334=PRESENTATION_STYLE_ASSIGNMENT((#816));
#335=ADVANCED_FACE('',(#817),#818,.T.);
#336=PRESENTATION_STYLE_ASSIGNMENT((#819));
#337=ADVANCED_FACE('',(#820,#821),#822,.T.);
#338=PRESENTATION_STYLE_ASSIGNMENT((#823));
#339=ADVANCED_FACE('',(#824),#825,.F.);
#340=PRESENTATION_STYLE_ASSIGNMENT((#826));
#341=ADVANCED_FACE('',(#827),#828,.F.);
#342=PRESENTATION_STYLE_ASSIGNMENT((#829));
#343=ADVANCED_FACE('',(#830),#831,.T.);
#344=PRESENTATION_STYLE_ASSIGNMENT((#832));
#345=ADVANCED_FACE('',(#833),#834,.T.);
#346=PRESENTATION_STYLE_ASSIGNMENT((#835));
#347=ADVANCED_FACE('',(#836),#837,.T.);
#348=PRESENTATION_STYLE_ASSIGNMENT((#838));
#349=ADVANCED_FACE('',(#839),#840,.T.);
#350=PRESENTATION_STYLE_ASSIGNMENT((#841));
#351=ADVANCED_FACE('',(#842),#843,.F.);
#352=PRESENTATION_STYLE_ASSIGNMENT((#844));
#353=ADVANCED_FACE('',(#845),#846,.F.);
#354=PRESENTATION_STYLE_ASSIGNMENT((#847));
#355=ADVANCED_FACE('',(#848),#849,.F.);
#356=PRESENTATION_STYLE_ASSIGNMENT((#850));
#357=ADVANCED_FACE('',(#851),#852,.F.);
#358=PRESENTATION_STYLE_ASSIGNMENT((#853));
#359=ADVANCED_FACE('',(#854),#855,.T.);
#360=PRESENTATION_STYLE_ASSIGNMENT((#856));
#361=ADVANCED_FACE('',(#857),#858,.T.);
#362=PRESENTATION_STYLE_ASSIGNMENT((#859));
#363=ADVANCED_FACE('',(#860),#861,.T.);
#364=PRESENTATION_STYLE_ASSIGNMENT((#862));
#365=ADVANCED_FACE('',(#863),#864,.T.);
#366=PRESENTATION_STYLE_ASSIGNMENT((#865));
#367=ADVANCED_FACE('',(#866),#867,.F.);
#368=PRESENTATION_STYLE_ASSIGNMENT((#868));
#369=ADVANCED_FACE('',(#869),#870,.F.);
#370=PRESENTATION_STYLE_ASSIGNMENT((#871));
#371=ADVANCED_FACE('',(#872),#873,.T.);
#372=PRESENTATION_STYLE_ASSIGNMENT((#874));
#373=ADVANCED_FACE('',(#875),#876,.T.);
#374=PRESENTATION_STYLE_ASSIGNMENT((#877));
#375=ADVANCED_FACE('',(#878),#879,.T.);
#376=PRESENTATION_STYLE_ASSIGNMENT((#880));
#377=ADVANCED_FACE('',(#881),#882,.T.);
#378=PRESENTATION_STYLE_ASSIGNMENT((#883));
#379=ADVANCED_FACE('',(#884),#885,.T.);
#380=PRESENTATION_STYLE_ASSIGNMENT((#886));
#381=ADVANCED_FACE('',(#887),#888,.T.);
#382=PRESENTATION_STYLE_ASSIGNMENT((#889));
#383=ADVANCED_FACE('',(#890),#891,.T.);
#384=PRESENTATION_STYLE_ASSIGNMENT((#892));
#385=ADVANCED_FACE('',(#893),#894,.T.);
#386=PRESENTATION_STYLE_ASSIGNMENT((#895));
#387=ADVANCED_FACE('',(#896),#897,.T.);
#388=PRESENTATION_STYLE_ASSIGNMENT((#898));
#389=ADVANCED_FACE('',(#899),#900,.F.);
#390=PRESENTATION_STYLE_ASSIGNMENT((#901));
#391=ADVANCED_FACE('',(#902),#903,.F.);
#392=PRESENTATION_STYLE_ASSIGNMENT((#904));
#393=ADVANCED_FACE('',(#905,#906),#907,.F.);
#394=PRESENTATION_STYLE_ASSIGNMENT((#908));
#395=ADVANCED_FACE('',(#909),#910,.F.);
#396=PRESENTATION_STYLE_ASSIGNMENT((#911));
#397=ADVANCED_FACE('',(#912),#913,.T.);
#398=PRESENTATION_STYLE_ASSIGNMENT((#914));
#399=ADVANCED_FACE('',(#915),#916,.T.);
#400=PRESENTATION_STYLE_ASSIGNMENT((#917));
#401=ADVANCED_FACE('',(#918),#919,.T.);
#402=PRESENTATION_STYLE_ASSIGNMENT((#920));
#403=ADVANCED_FACE('',(#921),#922,.T.);
#404=PRESENTATION_STYLE_ASSIGNMENT((#923));
#405=ADVANCED_FACE('',(#924),#925,.T.);
#406=PRESENTATION_STYLE_ASSIGNMENT((#926));
#407=ADVANCED_FACE('',(#927),#928,.T.);
#408=PRESENTATION_STYLE_ASSIGNMENT((#929));
#409=ADVANCED_FACE('',(#930),#931,.T.);
#410=PRESENTATION_STYLE_ASSIGNMENT((#932));
#411=ADVANCED_FACE('',(#933),#934,.T.);
#412=PRESENTATION_STYLE_ASSIGNMENT((#935));
#413=ADVANCED_FACE('',(#936),#937,.T.);
#414=PRESENTATION_STYLE_ASSIGNMENT((#938));
#415=ADVANCED_FACE('',(#939),#940,.F.);
#416=PRESENTATION_STYLE_ASSIGNMENT((#941));
#417=ADVANCED_FACE('',(#942),#943,.F.);
#418=PRESENTATION_STYLE_ASSIGNMENT((#944));
#419=ADVANCED_FACE('',(#945),#946,.F.);
#420=PRESENTATION_STYLE_ASSIGNMENT((#947));
#421=ADVANCED_FACE('',(#948),#949,.T.);
#422=PRESENTATION_STYLE_ASSIGNMENT((#950));
#423=ADVANCED_FACE('',(#951),#952,.T.);
#424=PRESENTATION_STYLE_ASSIGNMENT((#953));
#425=ADVANCED_FACE('',(#954),#955,.T.);
#426=PRESENTATION_STYLE_ASSIGNMENT((#956));
#427=ADVANCED_FACE('',(#957),#958,.T.);
#428=PRESENTATION_STYLE_ASSIGNMENT((#959));
#429=ADVANCED_FACE('',(#960),#961,.F.);
#430=PRESENTATION_STYLE_ASSIGNMENT((#962));
#431=ADVANCED_FACE('',(#963),#964,.F.);
#432=PRESENTATION_STYLE_ASSIGNMENT((#965));
#433=ADVANCED_FACE('',(#966),#967,.F.);
#434=PRESENTATION_STYLE_ASSIGNMENT((#968));
#435=ADVANCED_FACE('',(#969),#970,.F.);
#436=PRESENTATION_STYLE_ASSIGNMENT((#971));
#437=ADVANCED_FACE('',(#972),#973,.T.);
#438=PRESENTATION_STYLE_ASSIGNMENT((#974));
#439=ADVANCED_FACE('',(#975),#976,.T.);
#440=PRESENTATION_STYLE_ASSIGNMENT((#977));
#441=ADVANCED_FACE('',(#978),#979,.T.);
#442=PRESENTATION_STYLE_ASSIGNMENT((#980));
#443=ADVANCED_FACE('',(#981),#982,.T.);
#444=PRESENTATION_STYLE_ASSIGNMENT((#983));
#445=ADVANCED_FACE('',(#984),#985,.T.);
#446=PRESENTATION_STYLE_ASSIGNMENT((#986));
#447=ADVANCED_FACE('',(#987),#988,.T.);
#448=PRESENTATION_STYLE_ASSIGNMENT((#989));
#449=ADVANCED_FACE('',(#990),#991,.F.);
#450=PRESENTATION_STYLE_ASSIGNMENT((#992));
#451=ADVANCED_FACE('',(#993),#994,.T.);
#452=PRESENTATION_STYLE_ASSIGNMENT((#995));
#453=ADVANCED_FACE('',(#996),#997,.T.);
#454=PRESENTATION_STYLE_ASSIGNMENT((#998));
#455=ADVANCED_FACE('',(#999),#1000,.F.);
#456=PRESENTATION_STYLE_ASSIGNMENT((#1001));
#457=ADVANCED_FACE('',(#1002),#1003,.T.);
#458=PRESENTATION_STYLE_ASSIGNMENT((#1004));
#459=ADVANCED_FACE('',(#1005),#1006,.F.);
#460=PRESENTATION_STYLE_ASSIGNMENT((#1007));
#461=ADVANCED_FACE('',(#1008),#1009,.T.);
#462=PRESENTATION_STYLE_ASSIGNMENT((#1010));
#463=ADVANCED_FACE('',(#1011),#1012,.T.);
#464=PRESENTATION_STYLE_ASSIGNMENT((#1013));
#465=ADVANCED_FACE('',(#1014),#1015,.F.);
#466=PRESENTATION_STYLE_ASSIGNMENT((#1016));
#467=ADVANCED_FACE('',(#1017),#1018,.F.);
#468=PRESENTATION_STYLE_ASSIGNMENT((#1019));
#469=ADVANCED_FACE('',(#1020),#1021,.F.);
#470=PRESENTATION_STYLE_ASSIGNMENT((#1022));
#471=ADVANCED_FACE('',(#1023),#1024,.T.);
#472=PRESENTATION_STYLE_ASSIGNMENT((#1025));
#473=ADVANCED_FACE('',(#1026),#1027,.T.);
#474=PRESENTATION_STYLE_ASSIGNMENT((#1028));
#475=ADVANCED_FACE('',(#1029),#1030,.F.);
#476=PRESENTATION_STYLE_ASSIGNMENT((#1031));
#477=ADVANCED_FACE('',(#1032),#1033,.T.);
#478=PRESENTATION_STYLE_ASSIGNMENT((#1034));
#479=ADVANCED_FACE('',(#1035),#1036,.F.);
#480=PRESENTATION_STYLE_ASSIGNMENT((#1037));
#481=ADVANCED_FACE('',(#1038),#1039,.T.);
#482=PRESENTATION_STYLE_ASSIGNMENT((#1040));
#483=ADVANCED_FACE('',(#1041),#1042,.F.);
#484=PRESENTATION_STYLE_ASSIGNMENT((#1043));
#485=ADVANCED_FACE('',(#1044),#1045,.F.);
#486=PRESENTATION_STYLE_ASSIGNMENT((#1046));
#487=ADVANCED_FACE('',(#1047),#1048,.F.);
#488=PRESENTATION_STYLE_ASSIGNMENT((#1049));
#489=ADVANCED_FACE('',(#1050),#1051,.F.);
#490=PRESENTATION_STYLE_ASSIGNMENT((#1052));
#491=ADVANCED_FACE('',(#1053),#1054,.F.);
#492=PRESENTATION_STYLE_ASSIGNMENT((#1055));
#493=ADVANCED_FACE('',(#1056),#1057,.F.);
#494=PRESENTATION_STYLE_ASSIGNMENT((#1058));
#495=ADVANCED_FACE('',(#1059),#1060,.T.);
#496=PRESENTATION_STYLE_ASSIGNMENT((#1061));
#497=ADVANCED_FACE('',(#1062),#1063,.F.);
#498=PRESENTATION_STYLE_ASSIGNMENT((#1064));
#499=ADVANCED_FACE('',(#1065),#1066,.F.);
#500=PRESENTATION_STYLE_ASSIGNMENT((#1067));
#501=ADVANCED_FACE('',(#1068),#1069,.T.);
#502=PRESENTATION_STYLE_ASSIGNMENT((#1070));
#503=ADVANCED_FACE('',(#1071),#1072,.F.);
#504=PRESENTATION_STYLE_ASSIGNMENT((#1073));
#505=ADVANCED_FACE('',(#1074),#1075,.T.);
#506=PRESENTATION_STYLE_ASSIGNMENT((#1076));
#507=ADVANCED_FACE('',(#1077),#1078,.F.);
#508=PRESENTATION_STYLE_ASSIGNMENT((#1079));
#509=ADVANCED_FACE('',(#1080),#1081,.T.);
#510=PRESENTATION_STYLE_ASSIGNMENT((#1082));
#511=ADVANCED_FACE('',(#1083),#1084,.F.);
#512=PRESENTATION_STYLE_ASSIGNMENT((#1085));
#513=ADVANCED_FACE('',(#1086),#1087,.T.);
#514=PRESENTATION_STYLE_ASSIGNMENT((#1088));
#515=ADVANCED_FACE('',(#1089),#1090,.T.);
#516=PRESENTATION_STYLE_ASSIGNMENT((#1091));
#517=ADVANCED_FACE('',(#1092),#1093,.T.);
#518=PRESENTATION_STYLE_ASSIGNMENT((#1094));
#519=ADVANCED_FACE('',(#1095),#1096,.T.);
#520=PRESENTATION_STYLE_ASSIGNMENT((#1097));
#521=ADVANCED_FACE('',(#1098),#1099,.T.);
#522=PRESENTATION_STYLE_ASSIGNMENT((#1100));
#523=ADVANCED_FACE('',(#1101),#1102,.F.);
#524=PRESENTATION_STYLE_ASSIGNMENT((#1103));
#525=ADVANCED_FACE('',(#1104),#1105,.T.);
#526=PRESENTATION_STYLE_ASSIGNMENT((#1106));
#527=ADVANCED_FACE('',(#1107),#1108,.F.);
#528=PRESENTATION_STYLE_ASSIGNMENT((#1109));
#529=ADVANCED_FACE('',(#1110),#1111,.T.);
#530=PRESENTATION_STYLE_ASSIGNMENT((#1112));
#531=ADVANCED_FACE('',(#1113),#1114,.F.);
#532=PRESENTATION_STYLE_ASSIGNMENT((#1115));
#533=ADVANCED_FACE('',(#1116),#1117,.T.);
#534=PRESENTATION_STYLE_ASSIGNMENT((#1118));
#535=ADVANCED_FACE('',(#1119),#1120,.F.);
#536=PRESENTATION_STYLE_ASSIGNMENT((#1121));
#537=ADVANCED_FACE('',(#1122),#1123,.F.);
#538=PRESENTATION_STYLE_ASSIGNMENT((#1124));
#539=ADVANCED_FACE('',(#1125),#1126,.F.);
#540=PRESENTATION_STYLE_ASSIGNMENT((#1127));
#541=ADVANCED_FACE('',(#1128),#1129,.F.);
#542=PRESENTATION_STYLE_ASSIGNMENT((#1130));
#543=ADVANCED_FACE('',(#1131),#1132,.F.);
#544=PRESENTATION_STYLE_ASSIGNMENT((#1133));
#545=ADVANCED_FACE('',(#1134),#1135,.F.);
#546=PRESENTATION_STYLE_ASSIGNMENT((#1136));
#547=ADVANCED_FACE('',(#1137),#1138,.T.);
#548=PRESENTATION_STYLE_ASSIGNMENT((#1139));
#549=ADVANCED_FACE('',(#1140),#1141,.F.);
#550=PRESENTATION_STYLE_ASSIGNMENT((#1142));
#551=ADVANCED_FACE('',(#1143),#1144,.T.);
#552=PRESENTATION_STYLE_ASSIGNMENT((#1145));
#553=ADVANCED_FACE('',(#1146),#1147,.F.);
#554=PRESENTATION_STYLE_ASSIGNMENT((#1148));
#555=ADVANCED_FACE('',(#1149),#1150,.T.);
#556=PRESENTATION_STYLE_ASSIGNMENT((#1151));
#557=ADVANCED_FACE('',(#1152),#1153,.T.);
#558=PRESENTATION_STYLE_ASSIGNMENT((#1154));
#559=ADVANCED_FACE('',(#1155),#1156,.T.);
#560=PRESENTATION_STYLE_ASSIGNMENT((#1157));
#561=ADVANCED_FACE('',(#1158),#1159,.F.);
#562=PRESENTATION_STYLE_ASSIGNMENT((#1160));
#563=ADVANCED_FACE('',(#1161),#1162,.T.);
#564=PRESENTATION_STYLE_ASSIGNMENT((#1163));
#565=ADVANCED_FACE('',(#1164),#1165,.F.);
#566=PRESENTATION_STYLE_ASSIGNMENT((#1166));
#567=ADVANCED_FACE('',(#1167),#1168,.T.);
#568=PRESENTATION_STYLE_ASSIGNMENT((#1169));
#569=ADVANCED_FACE('',(#1170),#1171,.T.);
#570=PRESENTATION_STYLE_ASSIGNMENT((#1172));
#571=ADVANCED_FACE('',(#1173),#1174,.T.);
#572=PRESENTATION_STYLE_ASSIGNMENT((#1175));
#573=ADVANCED_FACE('',(#1176),#1177,.T.);
#574=PRESENTATION_STYLE_ASSIGNMENT((#1178));
#575=ADVANCED_FACE('',(#1179),#1180,.T.);
#576=PRESENTATION_STYLE_ASSIGNMENT((#1181));
#577=ADVANCED_FACE('',(#1182),#1183,.T.);
#578=PRESENTATION_STYLE_ASSIGNMENT((#1184));
#579=ADVANCED_FACE('',(#1185),#1186,.T.);
#580=PRESENTATION_STYLE_ASSIGNMENT((#1187));
#581=ADVANCED_FACE('',(#1188),#1189,.T.);
#582=PRESENTATION_STYLE_ASSIGNMENT((#1190));
#583=ADVANCED_FACE('',(#1191),#1192,.T.);
#584=PRESENTATION_STYLE_ASSIGNMENT((#1193));
#585=ADVANCED_FACE('',(#1194),#1195,.T.);
#586=PRESENTATION_STYLE_ASSIGNMENT((#1196));
#587=ADVANCED_FACE('',(#1197),#1198,.T.);
#588=PRESENTATION_STYLE_ASSIGNMENT((#1199));
#589=ADVANCED_FACE('',(#1200),#1201,.T.);
#590=PRESENTATION_STYLE_ASSIGNMENT((#1202));
#591=ADVANCED_FACE('',(#1203),#1204,.T.);
#592=PRESENTATION_STYLE_ASSIGNMENT((#1205));
#593=ADVANCED_FACE('',(#1206),#1207,.T.);
#594=PRESENTATION_STYLE_ASSIGNMENT((#1208));
#595=ADVANCED_FACE('',(#1209),#1210,.T.);
#596=PRESENTATION_STYLE_ASSIGNMENT((#1211));
#597=ADVANCED_FACE('',(#1212),#1213,.T.);
#598=PRESENTATION_STYLE_ASSIGNMENT((#1214));
#599=ADVANCED_FACE('',(#1215),#1216,.T.);
#600=PRESENTATION_STYLE_ASSIGNMENT((#1217));
#601=ADVANCED_FACE('',(#1218),#1219,.T.);
#602=PRESENTATION_STYLE_ASSIGNMENT((#1220));
#603=ADVANCED_FACE('',(#1221),#1222,.T.);
#604=PRESENTATION_STYLE_ASSIGNMENT((#1223));
#605=ADVANCED_FACE('',(#1224),#1225,.F.);
#606=PRESENTATION_STYLE_ASSIGNMENT((#1226));
#607=ADVANCED_FACE('',(#1227),#1228,.T.);
#608=PRESENTATION_STYLE_ASSIGNMENT((#1229));
#609=ADVANCED_FACE('',(#1230),#1231,.T.);
#610=PRESENTATION_STYLE_ASSIGNMENT((#1232));
#611=ADVANCED_FACE('',(#1233),#1234,.T.);
#612=PRESENTATION_STYLE_ASSIGNMENT((#1235));
#613=ADVANCED_FACE('',(#1236),#1237,.T.);
#614=PRESENTATION_STYLE_ASSIGNMENT((#1238));
#615=ADVANCED_FACE('',(#1239),#1240,.T.);
#616=PRESENTATION_STYLE_ASSIGNMENT((#1241));
#617=ADVANCED_FACE('',(#1242),#1243,.T.);
#618=PRESENTATION_STYLE_ASSIGNMENT((#1244));
#619=ADVANCED_FACE('',(#1245),#1246,.F.);
#620=PRESENTATION_STYLE_ASSIGNMENT((#1247));
#621=ADVANCED_FACE('',(#1248),#1249,.F.);
#622=PRESENTATION_STYLE_ASSIGNMENT((#1250));
#623=ADVANCED_FACE('',(#1251),#1252,.T.);
#624=PRESENTATION_STYLE_ASSIGNMENT((#1253));
#625=ADVANCED_FACE('',(#1254),#1255,.T.);
#626=PRESENTATION_STYLE_ASSIGNMENT((#1256));
#627=ADVANCED_FACE('',(#1257),#1258,.T.);
#628=PRESENTATION_STYLE_ASSIGNMENT((#1259));
#629=ADVANCED_FACE('',(#1260),#1261,.T.);
#630=PRESENTATION_STYLE_ASSIGNMENT((#1262));
#631=ADVANCED_FACE('',(#1263),#1264,.T.);
#632=PRESENTATION_STYLE_ASSIGNMENT((#1265));
#633=ADVANCED_FACE('',(#1266),#1267,.T.);
#634=PRESENTATION_STYLE_ASSIGNMENT((#1268));
#635=ADVANCED_FACE('',(#1269),#1270,.T.);
#636=PRESENTATION_STYLE_ASSIGNMENT((#1271));
#637=ADVANCED_FACE('',(#1272),#1273,.T.);
#638=PRESENTATION_STYLE_ASSIGNMENT((#1274));
#639=ADVANCED_FACE('',(#1275),#1276,.T.);
#640=PRESENTATION_STYLE_ASSIGNMENT((#1277));
#641=ADVANCED_FACE('',(#1278),#1279,.F.);
#642=PRESENTATION_STYLE_ASSIGNMENT((#1280));
#643=MANIFOLD_SOLID_BREP('1',#1281);
#644=PRODUCT('1','','PART--DESC',(#1282));
#645=PRODUCT_DEFINITION('','NONE',#1283,#2);
#646=AXIS2_PLACEMENT_3D('',#1284,#1285,#1286);
#649=LENGTH_MEASURE_WITH_UNIT(LENGTH_MEASURE(1.0),#1287);
#652=DIMENSIONAL_EXPONENTS(1.0,0.0,0.0,0.0,0.0,0.0,0.0);
#654=DIMENSIONAL_EXPONENTS(0.0,0.0,0.0,0.0,0.0,0.0,0.0);
#660=SURFACE_STYLE_USAGE(.BOTH.,#1288);
#661=FACE_OUTER_BOUND('',#1289,.T.);
#662=TOROIDAL_SURFACE('',#1290,17.1891945873998,0.8);
#663=SURFACE_STYLE_USAGE(.BOTH.,#1291);
#664=FACE_OUTER_BOUND('',#1292,.T.);
#665=TOROIDAL_SURFACE('',#1293,17.1891945873998,0.8);
#666=SURFACE_STYLE_USAGE(.BOTH.,#1294);
#667=FACE_OUTER_BOUND('',#1295,.T.);
#668=CONICAL_SURFACE('',#1296,16.0999999999999,0.872664625997166);
#669=SURFACE_STYLE_USAGE(.BOTH.,#1297);
#670=FACE_OUTER_BOUND('',#1298,.T.);
#671=CONICAL_SURFACE('',#1299,17.1725782333348,0.904914600980329);
#672=SURFACE_STYLE_USAGE(.BOTH.,#1300);
#673=FACE_OUTER_BOUND('',#1301,.T.);
#674=CONICAL_SURFACE('',#1302,16.0999999999999,0.872664625997166);
#675=SURFACE_STYLE_USAGE(.BOTH.,#1303);
#676=FACE_OUTER_BOUND('',#1304,.T.);
#677=CONICAL_SURFACE('',#1305,17.1725782333348,0.904914600980329);
#678=SURFACE_STYLE_USAGE(.BOTH.,#1306);
#679=FACE_OUTER_BOUND('',#1307,.T.);
#680=TOROIDAL_SURFACE('',#1308,17.1891945873998,0.8);
#681=SURFACE_STYLE_USAGE(.BOTH.,#1309);
#682=FACE_OUTER_BOUND('',#1310,.T.);
#683=TOROIDAL_SURFACE('',#1311,17.1891945873998,0.8);
#684=SURFACE_STYLE_USAGE(.BOTH.,#1312);
#685=FACE_OUTER_BOUND('',#1313,.T.);
#686=CONICAL_SURFACE('',#1314,16.0999999999999,0.872664625997166);
#687=SURFACE_STYLE_USAGE(.BOTH.,#1315);
#688=FACE_OUTER_BOUND('',#1316,.T.);
#689=CONICAL_SURFACE('',#1317,17.1725782333348,0.904914600980329);
#690=SURFACE_STYLE_USAGE(.BOTH.,#1318);
#691=FACE_OUTER_BOUND('',#1319,.T.);
#692=CONICAL_SURFACE('',#1320,16.0999999999999,0.872664625997166);
#693=SURFACE_STYLE_USAGE(.BOTH.,#1321);
#694=FACE_OUTER_BOUND('',#1322,.T.);
#695=CONICAL_SURFACE('',#1323,17.1725782333348,0.904914600980329);
#696=SURFACE_STYLE_USAGE(.BOTH.,#1324);
#697=FACE_OUTER_BOUND('',#1325,.T.);
#698=TOROIDAL_SURFACE('',#1326,16.0,2.0);
#699=SURFACE_STYLE_USAGE(.BOTH.,#1327);
#700=FACE_OUTER_BOUND('',#1328,.T.);
#701=TOROIDAL_SURFACE('',#1329,16.0,2.0);
#702=SURFACE_STYLE_USAGE(.BOTH.,#1330);
#703=FACE_OUTER_BOUND('',#1331,.T.);
#704=CYLINDRICAL_SURFACE('',#1332,14.0);
#705=SURFACE_STYLE_USAGE(.BOTH.,#1333);
#706=FACE_OUTER_BOUND('',#1334,.T.);
#707=CONICAL_SURFACE('',#1335,14.0,0.927295218001613);
#708=SURFACE_STYLE_USAGE(.BOTH.,#1336);
#709=FACE_OUTER_BOUND('',#1337,.T.);
#710=CYLINDRICAL_SURFACE('',#1338,14.0);
#711=SURFACE_STYLE_USAGE(.BOTH.,#1339);
#712=FACE_OUTER_BOUND('',#1340,.T.);
#713=CONICAL_SURFACE('',#1341,14.0,0.927295218001613);
#714=SURFACE_STYLE_USAGE(.BOTH.,#1342);
#715=FACE_OUTER_BOUND('',#1343,.T.);
#716=TOROIDAL_SURFACE('',#1344,16.0,2.0);
#717=SURFACE_STYLE_USAGE(.BOTH.,#1345);
#718=FACE_OUTER_BOUND('',#1346,.T.);
#719=TOROIDAL_SURFACE('',#1347,16.0,2.0);
#720=SURFACE_STYLE_USAGE(.BOTH.,#1348);
#721=FACE_OUTER_BOUND('',#1349,.T.);
#722=CYLINDRICAL_SURFACE('',#1350,14.0);
#723=SURFACE_STYLE_USAGE(.BOTH.,#1351);
#724=FACE_OUTER_BOUND('',#1352,.T.);
#725=CONICAL_SURFACE('',#1353,14.0,0.927295218001613);
#726=SURFACE_STYLE_USAGE(.BOTH.,#1354);
#727=FACE_OUTER_BOUND('',#1355,.T.);
#728=CYLINDRICAL_SURFACE('',#1356,14.0);
#729=SURFACE_STYLE_USAGE(.BOTH.,#1357);
#730=FACE_OUTER_BOUND('',#1358,.T.);
#731=CONICAL_SURFACE('',#1359,14.0,0.927295218001613);
#732=SURFACE_STYLE_USAGE(.BOTH.,#1360);
#733=FACE_OUTER_BOUND('',#1361,.T.);
#734=TOROIDAL_SURFACE('',#1362,13.5,0.5);
#735=SURFACE_STYLE_USAGE(.BOTH.,#1363);
#736=FACE_OUTER_BOUND('',#1364,.T.);
#737=CONICAL_SURFACE('',#1365,1.0,0.785398163397446);
#738=SURFACE_STYLE_USAGE(.BOTH.,#1366);
#739=FACE_OUTER_BOUND('',#1367,.T.);
#740=TOROIDAL_SURFACE('',#1368,15.7,0.3);
#741=SURFACE_STYLE_USAGE(.BOTH.,#1369);
#742=FACE_OUTER_BOUND('',#1370,.T.);
#743=CYLINDRICAL_SURFACE('',#1371,16.0);
#744=SURFACE_STYLE_USAGE(.BOTH.,#1372);
#745=FACE_OUTER_BOUND('',#1373,.T.);
#746=TOROIDAL_SURFACE('',#1374,16.3999999999999,0.3);
#747=SURFACE_STYLE_USAGE(.BOTH.,#1375);
#748=FACE_OUTER_BOUND('',#1376,.T.);
#749=CYLINDRICAL_SURFACE('',#1377,16.1);
#750=SURFACE_STYLE_USAGE(.BOTH.,#1378);
#751=FACE_OUTER_BOUND('',#1379,.T.);
#752=TOROIDAL_SURFACE('',#1380,13.5,0.5);
#753=SURFACE_STYLE_USAGE(.BOTH.,#1381);
#754=FACE_OUTER_BOUND('',#1382,.T.);
#755=CONICAL_SURFACE('',#1383,1.0,0.785398163397446);
#756=SURFACE_STYLE_USAGE(.BOTH.,#1384);
#757=FACE_OUTER_BOUND('',#1385,.T.);
#758=TOROIDAL_SURFACE('',#1386,15.7,0.3);
#759=SURFACE_STYLE_USAGE(.BOTH.,#1387);
#760=FACE_OUTER_BOUND('',#1388,.T.);
#761=CYLINDRICAL_SURFACE('',#1389,16.0);
#762=SURFACE_STYLE_USAGE(.BOTH.,#1390);
#763=FACE_OUTER_BOUND('',#1391,.T.);
#764=TOROIDAL_SURFACE('',#1392,16.3999999999999,0.3);
#765=SURFACE_STYLE_USAGE(.BOTH.,#1393);
#766=FACE_OUTER_BOUND('',#1394,.T.);
#767=CYLINDRICAL_SURFACE('',#1395,16.1);
#768=SURFACE_STYLE_USAGE(.BOTH.,#1396);
#769=FACE_OUTER_BOUND('',#1397,.T.);
#770=TOROIDAL_SURFACE('',#1398,13.5,0.5);
#771=SURFACE_STYLE_USAGE(.BOTH.,#1399);
#772=FACE_OUTER_BOUND('',#1400,.T.);
#773=CONICAL_SURFACE('',#1401,1.0,0.785398163397446);
#774=SURFACE_STYLE_USAGE(.BOTH.,#1402);
#775=FACE_OUTER_BOUND('',#1403,.T.);
#776=TOROIDAL_SURFACE('',#1404,15.7,0.3);
#777=SURFACE_STYLE_USAGE(.BOTH.,#1405);
#778=FACE_OUTER_BOUND('',#1406,.T.);
#779=CYLINDRICAL_SURFACE('',#1407,16.0);
#780=SURFACE_STYLE_USAGE(.BOTH.,#1408);
#781=FACE_OUTER_BOUND('',#1409,.T.);
#782=TOROIDAL_SURFACE('',#1410,16.3999999999999,0.3);
#783=SURFACE_STYLE_USAGE(.BOTH.,#1411);
#784=FACE_OUTER_BOUND('',#1412,.T.);
#785=CYLINDRICAL_SURFACE('',#1413,16.1);
#786=SURFACE_STYLE_USAGE(.BOTH.,#1414);
#787=FACE_OUTER_BOUND('',#1415,.T.);
#788=CYLINDRICAL_SURFACE('',#1416,13.5);
#789=SURFACE_STYLE_USAGE(.BOTH.,#1417);
#790=FACE_OUTER_BOUND('',#1418,.T.);
#791=CYLINDRICAL_SURFACE('',#1419,18.0);
#792=SURFACE_STYLE_USAGE(.BOTH.,#1420);
#793=FACE_OUTER_BOUND('',#1421,.T.);
#794=TOROIDAL_SURFACE('',#1422,13.5,0.5);
#795=SURFACE_STYLE_USAGE(.BOTH.,#1423);
#796=FACE_OUTER_BOUND('',#1424,.T.);
#797=CONICAL_SURFACE('',#1425,1.0,0.785398163397446);
#798=SURFACE_STYLE_USAGE(.BOTH.,#1426);
#799=FACE_OUTER_BOUND('',#1427,.T.);
#800=TOROIDAL_SURFACE('',#1428,15.7,0.3);
#801=SURFACE_STYLE_USAGE(.BOTH.,#1429);
#802=FACE_OUTER_BOUND('',#1430,.T.);
#803=CYLINDRICAL_SURFACE('',#1431,16.0);
#804=SURFACE_STYLE_USAGE(.BOTH.,#1432);
#805=FACE_OUTER_BOUND('',#1433,.T.);
#806=TOROIDAL_SURFACE('',#1434,16.3999999999999,0.3);
#807=SURFACE_STYLE_USAGE(.BOTH.,#1435);
#808=FACE_OUTER_BOUND('',#1436,.T.);
#809=CYLINDRICAL_SURFACE('',#1437,16.1);
#810=SURFACE_STYLE_USAGE(.BOTH.,#1438);
#811=FACE_OUTER_BOUND('',#1439,.T.);
#812=CYLINDRICAL_SURFACE('',#1440,13.5);
#813=SURFACE_STYLE_USAGE(.BOTH.,#1441);
#814=FACE_OUTER_BOUND('',#1442,.T.);
#815=CYLINDRICAL_SURFACE('',#1443,18.0);
#816=SURFACE_STYLE_USAGE(.BOTH.,#1444);
#817=FACE_OUTER_BOUND('',#1445,.T.);
#818=CYLINDRICAL_SURFACE('',#1446,18.0);
#819=SURFACE_STYLE_USAGE(.BOTH.,#1447);
#820=FACE_OUTER_BOUND('',#1448,.T.);
#821=FACE_BOUND('',#1449,.T.);
#822=PLANE('',#1450);
#823=SURFACE_STYLE_USAGE(.BOTH.,#1451);
#824=FACE_OUTER_BOUND('',#1452,.T.);
#825=CYLINDRICAL_SURFACE('',#1453,13.5);
#826=SURFACE_STYLE_USAGE(.BOTH.,#1454);
#827=FACE_OUTER_BOUND('',#1455,.T.);
#828=CYLINDRICAL_SURFACE('',#1456,16.1);
#829=SURFACE_STYLE_USAGE(.BOTH.,#1457);
#830=FACE_OUTER_BOUND('',#1458,.T.);
#831=TOROIDAL_SURFACE('',#1459,16.3999999999999,0.3);
#832=SURFACE_STYLE_USAGE(.BOTH.,#1460);
#833=FACE_OUTER_BOUND('',#1461,.T.);
#834=CYLINDRICAL_SURFACE('',#1462,16.0);
#835=SURFACE_STYLE_USAGE(.BOTH.,#1463);
#836=FACE_OUTER_BOUND('',#1464,.T.);
#837=TOROIDAL_SURFACE('',#1465,15.7,0.3);
#838=SURFACE_STYLE_USAGE(.BOTH.,#1466);
#839=FACE_OUTER_BOUND('',#1467,.T.);
#840=CONICAL_SURFACE('',#1468,1.0,0.785398163397446);
#841=SURFACE_STYLE_USAGE(.BOTH.,#1469);
#842=FACE_OUTER_BOUND('',#1470,.T.);
#843=B_SPLINE_SURFACE_WITH_KNOTS('',5,5,((#1471,#1472,#1473,#1474,#1475,#1476),(#1477,#1478,#1479,#1480,#1481,#1482),(#1483,#1484,#1485,#1486,#1487,#1488),(#1489,#1490,#1491,#1492,#1493,#1494),(#1495,#1496,#1497,#1498,#1499,#1500),(#1501,#1502,#1503,#1504,#1505,#1506)),.UNSPECIFIED.,.F.,.F.,.F.,(6,6),(6,6),(17.8711265945478,18.9194230601742),(0.0,1.0),.UNSPECIFIED.);
#844=SURFACE_STYLE_USAGE(.BOTH.,#1507);
#845=FACE_OUTER_BOUND('',#1508,.T.);
#846=B_SPLINE_SURFACE_WITH_KNOTS('',5,5,((#1509,#1510,#1511,#1512,#1513,#1514),(#1515,#1516,#1517,#1518,#1519,#1520),(#1521,#1522,#1523,#1524,#1525,#1526),(#1527,#1528,#1529,#1530,#1531,#1532),(#1533,#1534,#1535,#1536,#1537,#1538),(#1539,#1540,#1541,#1542,#1543,#1544),(#1545,#1546,#1547,#1548,#1549,#1550),(#1551,#1552,#1553,#1554,#1555,#1556),(#1557,#1558,#1559,#1560,#1561,#1562)),.UNSPECIFIED.,.F.,.F.,.F.,(6,3,6),(6,6),(1.45600706863367,6.03994066426331,10.1622838341644),(0.0,0.999999999999999),.UNSPECIFIED.);
#847=SURFACE_STYLE_USAGE(.BOTH.,#1563);
#848=FACE_OUTER_BOUND('',#1564,.T.);
#849=B_SPLINE_SURFACE_WITH_KNOTS('',5,5,((#1565,#1566,#1567,#1568,#1569,#1570),(#1571,#1572,#1573,#1574,#1575,#1576),(#1577,#1578,#1579,#1580,#1581,#1582),(#1583,#1584,#1585,#1586,#1587,#1588),(#1589,#1590,#1591,#1592,#1593,#1594),(#1595,#1596,#1597,#1598,#1599,#1600)),.UNSPECIFIED.,.F.,.F.,.F.,(6,6),(6,6),(17.8711223899168,18.919416110214),(0.0,1.0),.UNSPECIFIED.);
#850=SURFACE_STYLE_USAGE(.BOTH.,#1601);
#851=FACE_OUTER_BOUND('',#1602,.T.);
#852=B_SPLINE_SURFACE_WITH_KNOTS('',5,5,((#1603,#1604,#1605,#1606,#1607,#1608),(#1609,#1610,#1611,#1612,#1613,#1614),(#1615,#1616,#1617,#1618,#1619,#1620),(#1621,#1622,#1623,#1624,#1625,#1626),(#1627,#1628,#1629,#1630,#1631,#1632),(#1633,#1634,#1635,#1636,#1637,#1638),(#1639,#1640,#1641,#1642,#1643,#1644),(#1645,#1646,#1647,#1648,#1649,#1650),(#1651,#1652,#1653,#1654,#1655,#1656)),.UNSPECIFIED.,.F.,.F.,.F.,(6,3,6),(6,6),(1.45595342932793,6.03992780579586,10.1622695767381),(0.0,1.0),.UNSPECIFIED.);
#853=SURFACE_STYLE_USAGE(.BOTH.,#1657);
#854=FACE_OUTER_BOUND('',#1658,.T.);
#855=TOROIDAL_SURFACE('',#1659,13.5,0.5);
#856=SURFACE_STYLE_USAGE(.BOTH.,#1660);
#857=FACE_OUTER_BOUND('',#1661,.T.);
#858=B_SPLINE_SURFACE_WITH_KNOTS('',5,5,((#1662,#1663,#1664,#1665,#1666,#1667),(#1668,#1669,#1670,#1671,#1672,#1673),(#1674,#1675,#1676,#1677,#1678,#1679),(#1680,#1681,#1682,#1683,#1684,#1685),(#1686,#1687,#1688,#1689,#1690,#1691),(#1692,#1693,#1694,#1695,#1696,#1697)),.UNSPECIFIED.,.F.,.F.,.F.,(6,6),(6,6),(0.647332594521291,1.45890169212895),(0.0,1.0),.UNSPECIFIED.);
#859=SURFACE_STYLE_USAGE(.BOTH.,#1698);
#860=FACE_OUTER_BOUND('',#1699,.T.);
#861=B_SPLINE_SURFACE_WITH_KNOTS('',5,5,((#1700,#1701,#1702,#1703,#1704,#1705),(#1706,#1707,#1708,#1709,#1710,#1711),(#1712,#1713,#1714,#1715,#1716,#1717),(#1718,#1719,#1720,#1721,#1722,#1723),(#1724,#1725,#1726,#1727,#1728,#1729),(#1730,#1731,#1732,#1733,#1734,#1735)),.UNSPECIFIED.,.F.,.F.,.F.,(6,6),(6,6),(0.647323408737882,1.45888596017593),(0.0,1.0),.UNSPECIFIED.);
#862=SURFACE_STYLE_USAGE(.BOTH.,#1736);
#863=FACE_OUTER_BOUND('',#1737,.T.);
#864=CYLINDRICAL_SURFACE('',#1738,18.0);
#865=SURFACE_STYLE_USAGE(.BOTH.,#1739);
#866=FACE_OUTER_BOUND('',#1740,.T.);
#867=CYLINDRICAL_SURFACE('',#1741,13.5);
#868=SURFACE_STYLE_USAGE(.BOTH.,#1742);
#869=FACE_OUTER_BOUND('',#1743,.T.);
#870=CYLINDRICAL_SURFACE('',#1744,16.1);
#871=SURFACE_STYLE_USAGE(.BOTH.,#1745);
#872=FACE_OUTER_BOUND('',#1746,.T.);
#873=TOROIDAL_SURFACE('',#1747,16.3999999999999,0.3);
#874=SURFACE_STYLE_USAGE(.BOTH.,#1748);
#875=FACE_OUTER_BOUND('',#1749,.T.);
#876=CYLINDRICAL_SURFACE('',#1750,16.0);
#877=SURFACE_STYLE_USAGE(.BOTH.,#1751);
#878=FACE_OUTER_BOUND('',#1752,.T.);
#879=TOROIDAL_SURFACE('',#1753,15.7,0.3);
#880=SURFACE_STYLE_USAGE(.BOTH.,#1754);
#881=FACE_OUTER_BOUND('',#1755,.T.);
#882=CONICAL_SURFACE('',#1756,1.0,0.785398163397446);
#883=SURFACE_STYLE_USAGE(.BOTH.,#1757);
#884=FACE_OUTER_BOUND('',#1758,.T.);
#885=B_SPLINE_SURFACE_WITH_KNOTS('',5,5,((#1759,#1760,#1761,#1762,#1763,#1764),(#1765,#1766,#1767,#1768,#1769,#1770),(#1771,#1772,#1773,#1774,#1775,#1776),(#1777,#1778,#1779,#1780,#1781,#1782),(#1783,#1784,#1785,#1786,#1787,#1788),(#1789,#1790,#1791,#1792,#1793,#1794),(#1795,#1796,#1797,#1798,#1799,#1800),(#1801,#1802,#1803,#1804,#1805,#1806),(#1807,#1808,#1809,#1810,#1811,#1812)),.UNSPECIFIED.,.F.,.F.,.F.,(6,3,6),(6,6),(1.45600706863623,6.03994066426188,10.1622838342111),(0.0,1.0),.UNSPECIFIED.);
#886=SURFACE_STYLE_USAGE(.BOTH.,#1813);
#887=FACE_OUTER_BOUND('',#1814,.T.);
#888=B_SPLINE_SURFACE_WITH_KNOTS('',5,5,((#1815,#1816,#1817,#1818,#1819,#1820),(#1821,#1822,#1823,#1824,#1825,#1826),(#1827,#1828,#1829,#1830,#1831,#1832),(#1833,#1834,#1835,#1836,#1837,#1838),(#1839,#1840,#1841,#1842,#1843,#1844),(#1845,#1846,#1847,#1848,#1849,#1850)),.UNSPECIFIED.,.F.,.F.,.F.,(6,6),(6,6),(17.8711265945718,18.9194230602008),(0.0,0.999999999999999),.UNSPECIFIED.);
#889=SURFACE_STYLE_USAGE(.BOTH.,#1851);
#890=FACE_OUTER_BOUND('',#1852,.T.);
#891=B_SPLINE_SURFACE_WITH_KNOTS('',5,5,((#1853,#1854,#1855,#1856,#1857,#1858),(#1859,#1860,#1861,#1862,#1863,#1864),(#1865,#1866,#1867,#1868,#1869,#1870),(#1871,#1872,#1873,#1874,#1875,#1876),(#1877,#1878,#1879,#1880,#1881,#1882),(#1883,#1884,#1885,#1886,#1887,#1888),(#1889,#1890,#1891,#1892,#1893,#1894),(#1895,#1896,#1897,#1898,#1899,#1900),(#1901,#1902,#1903,#1904,#1905,#1906)),.UNSPECIFIED.,.F.,.F.,.F.,(6,3,6),(6,6),(1.45595342933577,6.03992780583655,10.1622695767829),(0.0,1.0),.UNSPECIFIED.);
#892=SURFACE_STYLE_USAGE(.BOTH.,#1907);
#893=FACE_OUTER_BOUND('',#1908,.T.);
#894=B_SPLINE_SURFACE_WITH_KNOTS('',5,5,((#1909,#1910,#1911,#1912,#1913,#1914),(#1915,#1916,#1917,#1918,#1919,#1920),(#1921,#1922,#1923,#1924,#1925,#1926),(#1927,#1928,#1929,#1930,#1931,#1932),(#1933,#1934,#1935,#1936,#1937,#1938),(#1939,#1940,#1941,#1942,#1943,#1944)),.UNSPECIFIED.,.F.,.F.,.F.,(6,6),(6,6),(17.8711223895493,18.9194161098646),(0.0,1.0),.UNSPECIFIED.);
#895=SURFACE_STYLE_USAGE(.BOTH.,#1945);
#896=FACE_OUTER_BOUND('',#1946,.T.);
#897=TOROIDAL_SURFACE('',#1947,13.5,0.5);
#898=SURFACE_STYLE_USAGE(.BOTH.,#1948);
#899=FACE_OUTER_BOUND('',#1949,.T.);
#900=B_SPLINE_SURFACE_WITH_KNOTS('',5,5,((#1950,#1951,#1952,#1953,#1954,#1955),(#1956,#1957,#1958,#1959,#1960,#1961),(#1962,#1963,#1964,#1965,#1966,#1967),(#1968,#1969,#1970,#1971,#1972,#1973),(#1974,#1975,#1976,#1977,#1978,#1979),(#1980,#1981,#1982,#1983,#1984,#1985)),.UNSPECIFIED.,.F.,.F.,.F.,(6,6),(6,6),(0.647332594520907,1.45890169212888),(0.0,1.0),.UNSPECIFIED.);
#901=SURFACE_STYLE_USAGE(.BOTH.,#1986);
#902=FACE_OUTER_BOUND('',#1987,.T.);
#903=B_SPLINE_SURFACE_WITH_KNOTS('',5,5,((#1988,#1989,#1990,#1991,#1992,#1993),(#1994,#1995,#1996,#1997,#1998,#1999),(#2000,#2001,#2002,#2003,#2004,#2005),(#2006,#2007,#2008,#2009,#2010,#2011),(#2012,#2013,#2014,#2015,#2016,#2017),(#2018,#2019,#2020,#2021,#2022,#2023)),.UNSPECIFIED.,.F.,.F.,.F.,(6,6),(6,6),(0.647323408737129,1.45888596017516),(0.0,1.0),.UNSPECIFIED.);
#904=SURFACE_STYLE_USAGE(.BOTH.,#2024);
#905=FACE_OUTER_BOUND('',#2025,.T.);
#906=FACE_BOUND('',#2026,.T.);
#907=PLANE('',#2027);
#908=SURFACE_STYLE_USAGE(.BOTH.,#2028);
#909=FACE_OUTER_BOUND('',#2029,.T.);
#910=CYLINDRICAL_SURFACE('',#2030,16.1);
#911=SURFACE_STYLE_USAGE(.BOTH.,#2031);
#912=FACE_OUTER_BOUND('',#2032,.T.);
#913=TOROIDAL_SURFACE('',#2033,16.3999999999999,0.3);
#914=SURFACE_STYLE_USAGE(.BOTH.,#2034);
#915=FACE_OUTER_BOUND('',#2035,.T.);
#916=CYLINDRICAL_SURFACE('',#2036,16.0);
#917=SURFACE_STYLE_USAGE(.BOTH.,#2037);
#918=FACE_OUTER_BOUND('',#2038,.T.);
#919=TOROIDAL_SURFACE('',#2039,15.7,0.3);
#920=SURFACE_STYLE_USAGE(.BOTH.,#2040);
#921=FACE_OUTER_BOUND('',#2041,.T.);
#922=CONICAL_SURFACE('',#2042,1.0,0.785398163397446);
#923=SURFACE_STYLE_USAGE(.BOTH.,#2043);
#924=FACE_OUTER_BOUND('',#2044,.T.);
#925=B_SPLINE_SURFACE_WITH_KNOTS('',5,5,((#2045,#2046,#2047,#2048,#2049,#2050),(#2051,#2052,#2053,#2054,#2055,#2056),(#2057,#2058,#2059,#2060,#2061,#2062),(#2063,#2064,#2065,#2066,#2067,#2068),(#2069,#2070,#2071,#2072,#2073,#2074),(#2075,#2076,#2077,#2078,#2079,#2080)),.UNSPECIFIED.,.F.,.F.,.F.,(6,6),(6,6),(17.8711265945965,18.9194230602306),(0.0,1.0),.UNSPECIFIED.);
#926=SURFACE_STYLE_USAGE(.BOTH.,#2081);
#927=FACE_OUTER_BOUND('',#2082,.T.);
#928=B_SPLINE_SURFACE_WITH_KNOTS('',5,5,((#2083,#2084,#2085,#2086,#2087,#2088),(#2089,#2090,#2091,#2092,#2093,#2094),(#2095,#2096,#2097,#2098,#2099,#2100),(#2101,#2102,#2103,#2104,#2105,#2106),(#2107,#2108,#2109,#2110,#2111,#2112),(#2113,#2114,#2115,#2116,#2117,#2118),(#2119,#2120,#2121,#2122,#2123,#2124),(#2125,#2126,#2127,#2128,#2129,#2130),(#2131,#2132,#2133,#2134,#2135,#2136)),.UNSPECIFIED.,.F.,.F.,.F.,(6,3,6),(6,6),(1.45600706870435,6.03994066698069,10.1622838342219),(0.0,1.0),.UNSPECIFIED.);
#929=SURFACE_STYLE_USAGE(.BOTH.,#2137);
#930=FACE_OUTER_BOUND('',#2138,.T.);
#931=B_SPLINE_SURFACE_WITH_KNOTS('',5,5,((#2139,#2140,#2141,#2142,#2143,#2144),(#2145,#2146,#2147,#2148,#2149,#2150),(#2151,#2152,#2153,#2154,#2155,#2156),(#2157,#2158,#2159,#2160,#2161,#2162),(#2163,#2164,#2165,#2166,#2167,#2168),(#2169,#2170,#2171,#2172,#2173,#2174)),.UNSPECIFIED.,.F.,.F.,.F.,(6,6),(6,6),(4.01348405846009,5.06624839233404),(0.0,1.0),.UNSPECIFIED.);
#932=SURFACE_STYLE_USAGE(.BOTH.,#2175);
#933=FACE_OUTER_BOUND('',#2176,.T.);
#934=B_SPLINE_SURFACE_WITH_KNOTS('',5,5,((#2177,#2178,#2179,#2180,#2181,#2182),(#2183,#2184,#2185,#2186,#2187,#2188),(#2189,#2190,#2191,#2192,#2193,#2194),(#2195,#2196,#2197,#2198,#2199,#2200),(#2201,#2202,#2203,#2204,#2205,#2206),(#2207,#2208,#2209,#2210,#2211,#2212),(#2213,#2214,#2215,#2216,#2217,#2218),(#2219,#2220,#2221,#2222,#2223,#2224),(#2225,#2226,#2227,#2228,#2229,#2230)),.UNSPECIFIED.,.F.,.F.,.F.,(6,3,6),(6,6),(4.57855633628529,8.70091028613168,13.2918566282895),(0.0,1.0),.UNSPECIFIED.);
#935=SURFACE_STYLE_USAGE(.BOTH.,#2231);
#936=FACE_OUTER_BOUND('',#2232,.T.);
#937=TOROIDAL_SURFACE('',#2233,13.5,0.5);
#938=SURFACE_STYLE_USAGE(.BOTH.,#2234);
#939=FACE_OUTER_BOUND('',#2235,.T.);
#940=B_SPLINE_SURFACE_WITH_KNOTS('',5,5,((#2236,#2237,#2238,#2239,#2240,#2241),(#2242,#2243,#2244,#2245,#2246,#2247),(#2248,#2249,#2250,#2251,#2252,#2253),(#2254,#2255,#2256,#2257,#2258,#2259),(#2260,#2261,#2262,#2263,#2264,#2265),(#2266,#2267,#2268,#2269,#2270,#2271)),.UNSPECIFIED.,.F.,.F.,.F.,(6,6),(6,6),(0.647332594521103,1.45890169212854),(0.0,1.0),.UNSPECIFIED.);
#941=SURFACE_STYLE_USAGE(.BOTH.,#2272);
#942=FACE_OUTER_BOUND('',#2273,.T.);
#943=B_SPLINE_SURFACE_WITH_KNOTS('',5,5,((#2274,#2275,#2276,#2277,#2278,#2279),(#2280,#2281,#2282,#2283,#2284,#2285),(#2286,#2287,#2288,#2289,#2290,#2291),(#2292,#2293,#2294,#2295,#2296,#2297),(#2298,#2299,#2300,#2301,#2302,#2303),(#2304,#2305,#2306,#2307,#2308,#2309)),.UNSPECIFIED.,.F.,.F.,.F.,(6,6),(6,6),(0.595902776372439,1.40752304500873),(0.0,1.0),.UNSPECIFIED.);
#944=SURFACE_STYLE_USAGE(.BOTH.,#2310);
#945=FACE_OUTER_BOUND('',#2311,.T.);
#946=CYLINDRICAL_SURFACE('',#2312,16.1);
#947=SURFACE_STYLE_USAGE(.BOTH.,#2313);
#948=FACE_OUTER_BOUND('',#2314,.T.);
#949=TOROIDAL_SURFACE('',#2315,16.3999999999999,0.3);
#950=SURFACE_STYLE_USAGE(.BOTH.,#2316);
#951=FACE_OUTER_BOUND('',#2317,.T.);
#952=CYLINDRICAL_SURFACE('',#2318,16.0);
#953=SURFACE_STYLE_USAGE(.BOTH.,#2319);
#954=FACE_OUTER_BOUND('',#2320,.T.);
#955=TOROIDAL_SURFACE('',#2321,15.7,0.3);
#956=SURFACE_STYLE_USAGE(.BOTH.,#2322);
#957=FACE_OUTER_BOUND('',#2323,.T.);
#958=CONICAL_SURFACE('',#2324,1.0,0.785398163397446);
#959=SURFACE_STYLE_USAGE(.BOTH.,#2325);
#960=FACE_OUTER_BOUND('',#2326,.T.);
#961=B_SPLINE_SURFACE_WITH_KNOTS('',5,5,((#2327,#2328,#2329,#2330,#2331,#2332),(#2333,#2334,#2335,#2336,#2337,#2338),(#2339,#2340,#2341,#2342,#2343,#2344),(#2345,#2346,#2347,#2348,#2349,#2350),(#2351,#2352,#2353,#2354,#2355,#2356),(#2357,#2358,#2359,#2360,#2361,#2362),(#2363,#2364,#2365,#2366,#2367,#2368),(#2369,#2370,#2371,#2372,#2373,#2374),(#2375,#2376,#2377,#2378,#2379,#2380)),.UNSPECIFIED.,.F.,.F.,.F.,(6,3,6),(6,6),(1.45600706871706,6.03994066702029,10.1622838342621),(0.0,1.0),.UNSPECIFIED.);
#962=SURFACE_STYLE_USAGE(.BOTH.,#2381);
#963=FACE_OUTER_BOUND('',#2382,.T.);
#964=B_SPLINE_SURFACE_WITH_KNOTS('',5,5,((#2383,#2384,#2385,#2386,#2387,#2388),(#2389,#2390,#2391,#2392,#2393,#2394),(#2395,#2396,#2397,#2398,#2399,#2400),(#2401,#2402,#2403,#2404,#2405,#2406),(#2407,#2408,#2409,#2410,#2411,#2412),(#2413,#2414,#2415,#2416,#2417,#2418)),.UNSPECIFIED.,.F.,.F.,.F.,(6,6),(6,6),(17.8711265946098,18.9194230602379),(0.0,0.999999999999999),.UNSPECIFIED.);
#965=SURFACE_STYLE_USAGE(.BOTH.,#2419);
#966=FACE_OUTER_BOUND('',#2420,.T.);
#967=B_SPLINE_SURFACE_WITH_KNOTS('',5,5,((#2421,#2422,#2423,#2424,#2425,#2426),(#2427,#2428,#2429,#2430,#2431,#2432),(#2433,#2434,#2435,#2436,#2437,#2438),(#2439,#2440,#2441,#2442,#2443,#2444),(#2445,#2446,#2447,#2448,#2449,#2450),(#2451,#2452,#2453,#2454,#2455,#2456),(#2457,#2458,#2459,#2460,#2461,#2462),(#2463,#2464,#2465,#2466,#2467,#2468),(#2469,#2470,#2471,#2472,#2473,#2474)),.UNSPECIFIED.,.F.,.F.,.F.,(6,3,6),(6,6),(4.57855633629514,8.70091028614503,13.2918566283365),(0.0,1.0),.UNSPECIFIED.);
#968=SURFACE_STYLE_USAGE(.BOTH.,#2475);
#969=FACE_OUTER_BOUND('',#2476,.T.);
#970=B_SPLINE_SURFACE_WITH_KNOTS('',5,5,((#2477,#2478,#2479,#2480,#2481,#2482),(#2483,#2484,#2485,#2486,#2487,#2488),(#2489,#2490,#2491,#2492,#2493,#2494),(#2495,#2496,#2497,#2498,#2499,#2500),(#2501,#2502,#2503,#2504,#2505,#2506),(#2507,#2508,#2509,#2510,#2511,#2512)),.UNSPECIFIED.,.F.,.F.,.F.,(6,6),(6,6),(4.01348405846915,5.06624839233359),(0.0,0.999999999999999),.UNSPECIFIED.);
#971=SURFACE_STYLE_USAGE(.BOTH.,#2513);
#972=FACE_OUTER_BOUND('',#2514,.T.);
#973=TOROIDAL_SURFACE('',#2515,13.5,0.5);
#974=SURFACE_STYLE_USAGE(.BOTH.,#2516);
#975=FACE_OUTER_BOUND('',#2517,.T.);
#976=B_SPLINE_SURFACE_WITH_KNOTS('',5,5,((#2518,#2519,#2520,#2521,#2522,#2523),(#2524,#2525,#2526,#2527,#2528,#2529),(#2530,#2531,#2532,#2533,#2534,#2535),(#2536,#2537,#2538,#2539,#2540,#2541),(#2542,#2543,#2544,#2545,#2546,#2547),(#2548,#2549,#2550,#2551,#2552,#2553)),.UNSPECIFIED.,.F.,.F.,.F.,(6,6),(6,6),(0.647332594520915,1.45890169212895),(0.0,1.0),.UNSPECIFIED.);
#977=SURFACE_STYLE_USAGE(.BOTH.,#2554);
#978=FACE_OUTER_BOUND('',#2555,.T.);
#979=B_SPLINE_SURFACE_WITH_KNOTS('',5,5,((#2556,#2557,#2558,#2559,#2560,#2561),(#2562,#2563,#2564,#2565,#2566,#2567),(#2568,#2569,#2570,#2571,#2572,#2573),(#2574,#2575,#2576,#2577,#2578,#2579),(#2580,#2581,#2582,#2583,#2584,#2585),(#2586,#2587,#2588,#2589,#2590,#2591)),.UNSPECIFIED.,.F.,.F.,.F.,(6,6),(6,6),(0.59590277637238,1.40752304500896),(0.0,1.0),.UNSPECIFIED.);
#980=SURFACE_STYLE_USAGE(.BOTH.,#2592);
#981=FACE_OUTER_BOUND('',#2593,.T.);
#982=CONICAL_SURFACE('',#2594,14.0,0.927295218001613);
#983=SURFACE_STYLE_USAGE(.BOTH.,#2595);
#984=FACE_OUTER_BOUND('',#2596,.T.);
#985=B_SPLINE_SURFACE_WITH_KNOTS('',5,5,((#2597,#2598,#2599,#2600,#2601,#2602),(#2603,#2604,#2605,#2606,#2607,#2608),(#2609,#2610,#2611,#2612,#2613,#2614),(#2615,#2616,#2617,#2618,#2619,#2620),(#2621,#2622,#2623,#2624,#2625,#2626),(#2627,#2628,#2629,#2630,#2631,#2632)),.UNSPECIFIED.,.F.,.F.,.F.,(6,6),(6,6),(3.81709135503481,6.56077622789074),(0.0,1.0),.UNSPECIFIED.);
#986=SURFACE_STYLE_USAGE(.BOTH.,#2633);
#987=FACE_OUTER_BOUND('',#2634,.T.);
#988=B_SPLINE_SURFACE_WITH_KNOTS('',5,5,((#2635,#2636,#2637,#2638,#2639,#2640),(#2641,#2642,#2643,#2644,#2645,#2646),(#2647,#2648,#2649,#2650,#2651,#2652),(#2653,#2654,#2655,#2656,#2657,#2658),(#2659,#2660,#2661,#2662,#2663,#2664),(#2665,#2666,#2667,#2668,#2669,#2670),(#2671,#2672,#2673,#2674,#2675,#2676),(#2677,#2678,#2679,#2680,#2681,#2682),(#2683,#2684,#2685,#2686,#2687,#2688)),.UNSPECIFIED.,.F.,.F.,.F.,(6,3,6),(6,6),(2.36553438088208,3.81681093605454,4.88259257820536),(0.0,1.0),.UNSPECIFIED.);
#989=SURFACE_STYLE_USAGE(.BOTH.,#2689);
#990=FACE_OUTER_BOUND('',#2690,.T.);
#991=B_SPLINE_SURFACE_WITH_KNOTS('',5,5,((#2691,#2692,#2693,#2694,#2695,#2696),(#2697,#2698,#2699,#2700,#2701,#2702),(#2703,#2704,#2705,#2706,#2707,#2708),(#2709,#2710,#2711,#2712,#2713,#2714),(#2715,#2716,#2717,#2718,#2719,#2720),(#2721,#2722,#2723,#2724,#2725,#2726)),.UNSPECIFIED.,.F.,.F.,.F.,(6,6),(6,6),(6.56077157880174,9.30378552824596),(0.0,1.0),.UNSPECIFIED.);
#992=SURFACE_STYLE_USAGE(.BOTH.,#2727);
#993=FACE_OUTER_BOUND('',#2728,.T.);
#994=B_SPLINE_SURFACE_WITH_KNOTS('',5,5,((#2729,#2730,#2731,#2732,#2733,#2734),(#2735,#2736,#2737,#2738,#2739,#2740),(#2741,#2742,#2743,#2744,#2745,#2746),(#2747,#2748,#2749,#2750,#2751,#2752),(#2753,#2754,#2755,#2756,#2757,#2758),(#2759,#2760,#2761,#2762,#2763,#2764),(#2765,#2766,#2767,#2768,#2769,#2770),(#2771,#2772,#2773,#2774,#2775,#2776),(#2777,#2778,#2779,#2780,#2781,#2782)),.UNSPECIFIED.,.F.,.F.,.F.,(6,3,6),(6,6),(2.36554458183638,3.81682404911724,4.88261064255931),(0.0,1.0),.UNSPECIFIED.);
#995=SURFACE_STYLE_USAGE(.BOTH.,#2783);
#996=FACE_OUTER_BOUND('',#2784,.T.);
#997=CYLINDRICAL_SURFACE('',#2785,14.0);
#998=SURFACE_STYLE_USAGE(.BOTH.,#2786);
#999=FACE_OUTER_BOUND('',#2787,.T.);
#1000=CYLINDRICAL_SURFACE('',#2788,1.0);
#1001=SURFACE_STYLE_USAGE(.BOTH.,#2789);
#1002=FACE_OUTER_BOUND('',#2790,.T.);
#1003=B_SPLINE_SURFACE_WITH_KNOTS('',5,5,((#2791,#2792,#2793,#2794,#2795,#2796),(#2797,#2798,#2799,#2800,#2801,#2802),(#2803,#2804,#2805,#2806,#2807,#2808),(#2809,#2810,#2811,#2812,#2813,#2814),(#2815,#2816,#2817,#2818,#2819,#2820),(#2821,#2822,#2823,#2824,#2825,#2826)),.UNSPECIFIED.,.F.,.F.,.F.,(6,6),(6,6),(3.67749008290659,4.00635690123296),(0.0,1.0),.UNSPECIFIED.);
#1004=SURFACE_STYLE_USAGE(.BOTH.,#2827);
#1005=FACE_OUTER_BOUND('',#2828,.T.);
#1006=CYLINDRICAL_SURFACE('',#2829,1.0);
#1007=SURFACE_STYLE_USAGE(.BOTH.,#2830);
#1008=FACE_OUTER_BOUND('',#2831,.T.);
#1009=B_SPLINE_SURFACE_WITH_KNOTS('',5,5,((#2832,#2833,#2834,#2835,#2836,#2837),(#2838,#2839,#2840,#2841,#2842,#2843),(#2844,#2845,#2846,#2847,#2848,#2849),(#2850,#2851,#2852,#2853,#2854,#2855),(#2856,#2857,#2858,#2859,#2860,#2861),(#2862,#2863,#2864,#2865,#2866,#2867)),.UNSPECIFIED.,.F.,.F.,.F.,(6,6),(6,6),(3.67748746361196,4.00635398371031),(0.0,1.0),.UNSPECIFIED.);
#1010=SURFACE_STYLE_USAGE(.BOTH.,#2868);
#1011=FACE_OUTER_BOUND('',#2869,.T.);
#1012=CONICAL_SURFACE('',#2870,14.0,0.927295218001613);
#1013=SURFACE_STYLE_USAGE(.BOTH.,#2871);
#1014=FACE_OUTER_BOUND('',#2872,.T.);
#1015=B_SPLINE_SURFACE_WITH_KNOTS('',5,5,((#2873,#2874,#2875,#2876,#2877,#2878),(#2879,#2880,#2881,#2882,#2883,#2884),(#2885,#2886,#2887,#2888,#2889,#2890),(#2891,#2892,#2893,#2894,#2895,#2896),(#2897,#2898,#2899,#2900,#2901,#2902),(#2903,#2904,#2905,#2906,#2907,#2908),(#2909,#2910,#2911,#2912,#2913,#2914),(#2915,#2916,#2917,#2918,#2919,#2920),(#2921,#2922,#2923,#2924,#2925,#2926)),.UNSPECIFIED.,.F.,.F.,.F.,(6,3,6),(6,6),(2.36552561599543,3.93544669651929,4.88323743742281),(0.0,1.0),.UNSPECIFIED.);
#1016=SURFACE_STYLE_USAGE(.BOTH.,#2927);
#1017=FACE_OUTER_BOUND('',#2928,.T.);
#1018=B_SPLINE_SURFACE_WITH_KNOTS('',5,5,((#2929,#2930,#2931,#2932,#2933,#2934),(#2935,#2936,#2937,#2938,#2939,#2940),(#2941,#2942,#2943,#2944,#2945,#2946),(#2947,#2948,#2949,#2950,#2951,#2952),(#2953,#2954,#2955,#2956,#2957,#2958),(#2959,#2960,#2961,#2962,#2963,#2964)),.UNSPECIFIED.,.F.,.F.,.F.,(6,6),(6,6),(3.8169025882191,6.56030224776583),(0.0,1.0),.UNSPECIFIED.);
#1019=SURFACE_STYLE_USAGE(.BOTH.,#2965);
#1020=FACE_OUTER_BOUND('',#2966,.T.);
#1021=B_SPLINE_SURFACE_WITH_KNOTS('',5,5,((#2967,#2968,#2969,#2970,#2971,#2972),(#2973,#2974,#2975,#2976,#2977,#2978),(#2979,#2980,#2981,#2982,#2983,#2984),(#2985,#2986,#2987,#2988,#2989,#2990),(#2991,#2992,#2993,#2994,#2995,#2996),(#2997,#2998,#2999,#3000,#3001,#3002),(#3003,#3004,#3005,#3006,#3007,#3008),(#3009,#3010,#3011,#3012,#3013,#3014),(#3015,#3016,#3017,#3018,#3019,#3020)),.UNSPECIFIED.,.F.,.F.,.F.,(6,3,6),(6,6),(2.36553585157502,3.93545998699346,4.88325098757489),(0.0,0.999999999999999),.UNSPECIFIED.);
#1022=SURFACE_STYLE_USAGE(.BOTH.,#3021);
#1023=FACE_OUTER_BOUND('',#3022,.T.);
#1024=B_SPLINE_SURFACE_WITH_KNOTS('',5,5,((#3023,#3024,#3025,#3026,#3027,#3028),(#3029,#3030,#3031,#3032,#3033,#3034),(#3035,#3036,#3037,#3038,#3039,#3040),(#3041,#3042,#3043,#3044,#3045,#3046),(#3047,#3048,#3049,#3050,#3051,#3052),(#3053,#3054,#3055,#3056,#3057,#3058)),.UNSPECIFIED.,.F.,.F.,.F.,(6,6),(6,6),(6.56114908171587,9.3041537547026),(0.0,1.0),.UNSPECIFIED.);
#1025=SURFACE_STYLE_USAGE(.BOTH.,#3059);
#1026=FACE_OUTER_BOUND('',#3060,.T.);
#1027=CYLINDRICAL_SURFACE('',#3061,14.0);
#1028=SURFACE_STYLE_USAGE(.BOTH.,#3062);
#1029=FACE_OUTER_BOUND('',#3063,.T.);
#1030=CYLINDRICAL_SURFACE('',#3064,1.0);
#1031=SURFACE_STYLE_USAGE(.BOTH.,#3065);
#1032=FACE_OUTER_BOUND('',#3066,.T.);
#1033=B_SPLINE_SURFACE_WITH_KNOTS('',5,5,((#3067,#3068,#3069,#3070,#3071,#3072),(#3073,#3074,#3075,#3076,#3077,#3078),(#3079,#3080,#3081,#3082,#3083,#3084),(#3085,#3086,#3087,#3088,#3089,#3090),(#3091,#3092,#3093,#3094,#3095,#3096),(#3097,#3098,#3099,#3100,#3101,#3102)),.UNSPECIFIED.,.F.,.F.,.F.,(6,6),(6,6),(7.54760269566356,7.87646427187543),(0.0,1.0),.UNSPECIFIED.);
#1034=SURFACE_STYLE_USAGE(.BOTH.,#3103);
#1035=FACE_OUTER_BOUND('',#3104,.T.);
#1036=CYLINDRICAL_SURFACE('',#3105,1.0);
#1037=SURFACE_STYLE_USAGE(.BOTH.,#3106);
#1038=FACE_OUTER_BOUND('',#3107,.T.);
#1039=B_SPLINE_SURFACE_WITH_KNOTS('',5,5,((#3108,#3109,#3110,#3111,#3112,#3113),(#3114,#3115,#3116,#3117,#3118,#3119),(#3120,#3121,#3122,#3123,#3124,#3125),(#3126,#3127,#3128,#3129,#3130,#3131),(#3132,#3133,#3134,#3135,#3136,#3137),(#3138,#3139,#3140,#3141,#3142,#3143)),.UNSPECIFIED.,.F.,.F.,.F.,(6,6),(6,6),(7.54760251862147,7.87646384620463),(0.0,1.0),.UNSPECIFIED.);
#1040=SURFACE_STYLE_USAGE(.BOTH.,#3144);
#1041=FACE_OUTER_BOUND('',#3145,.T.);
#1042=TOROIDAL_SURFACE('',#3146,16.0,2.0);
#1043=SURFACE_STYLE_USAGE(.BOTH.,#3147);
#1044=FACE_OUTER_BOUND('',#3148,.T.);
#1045=B_SPLINE_SURFACE_WITH_KNOTS('',5,5,((#3149,#3150,#3151,#3152,#3153,#3154),(#3155,#3156,#3157,#3158,#3159,#3160),(#3161,#3162,#3163,#3164,#3165,#3166),(#3167,#3168,#3169,#3170,#3171,#3172),(#3173,#3174,#3175,#3176,#3177,#3178),(#3179,#3180,#3181,#3182,#3183,#3184)),.UNSPECIFIED.,.F.,.F.,.F.,(6,6),(6,6),(5.7931265984028,7.86691974961443),(0.0,1.0),.UNSPECIFIED.);
#1046=SURFACE_STYLE_USAGE(.BOTH.,#3185);
#1047=FACE_OUTER_BOUND('',#3186,.T.);
#1048=B_SPLINE_SURFACE_WITH_KNOTS('',5,5,((#3187,#3188,#3189,#3190,#3191,#3192),(#3193,#3194,#3195,#3196,#3197,#3198),(#3199,#3200,#3201,#3202,#3203,#3204),(#3205,#3206,#3207,#3208,#3209,#3210),(#3211,#3212,#3213,#3214,#3215,#3216),(#3217,#3218,#3219,#3220,#3221,#3222)),.UNSPECIFIED.,.F.,.F.,.F.,(6,6),(6,6),(5.79315882176726,7.86694435697479),(0.0,1.0),.UNSPECIFIED.);
#1049=SURFACE_STYLE_USAGE(.BOTH.,#3223);
#1050=FACE_OUTER_BOUND('',#3224,.T.);
#1051=TOROIDAL_SURFACE('',#3225,16.0,2.0);
#1052=SURFACE_STYLE_USAGE(.BOTH.,#3226);
#1053=FACE_OUTER_BOUND('',#3227,.T.);
#1054=B_SPLINE_SURFACE_WITH_KNOTS('',5,5,((#3228,#3229,#3230,#3231,#3232,#3233),(#3234,#3235,#3236,#3237,#3238,#3239),(#3240,#3241,#3242,#3243,#3244,#3245),(#3246,#3247,#3248,#3249,#3250,#3251),(#3252,#3253,#3254,#3255,#3256,#3257),(#3258,#3259,#3260,#3261,#3262,#3263)),.UNSPECIFIED.,.F.,.F.,.F.,(6,6),(6,6),(3.71945861974156,5.79320391438258),(0.0,1.0),.UNSPECIFIED.);
#1055=SURFACE_STYLE_USAGE(.BOTH.,#3264);
#1056=FACE_OUTER_BOUND('',#3265,.T.);
#1057=B_SPLINE_SURFACE_WITH_KNOTS('',5,5,((#3266,#3267,#3268,#3269,#3270,#3271),(#3272,#3273,#3274,#3275,#3276,#3277),(#3278,#3279,#3280,#3281,#3282,#3283),(#3284,#3285,#3286,#3287,#3288,#3289),(#3290,#3291,#3292,#3293,#3294,#3295),(#3296,#3297,#3298,#3299,#3300,#3301)),.UNSPECIFIED.,.F.,.F.,.F.,(6,6),(6,6),(3.71930784138267,5.79301689064192),(0.0,1.0),.UNSPECIFIED.);
#1058=SURFACE_STYLE_USAGE(.BOTH.,#3302);
#1059=FACE_OUTER_BOUND('',#3303,.T.);
#1060=CONICAL_SURFACE('',#3304,14.0,0.927295218001613);
#1061=SURFACE_STYLE_USAGE(.BOTH.,#3305);
#1062=FACE_OUTER_BOUND('',#3306,.T.);
#1063=B_SPLINE_SURFACE_WITH_KNOTS('',5,5,((#3307,#3308,#3309,#3310,#3311,#3312),(#3313,#3314,#3315,#3316,#3317,#3318),(#3319,#3320,#3321,#3322,#3323,#3324),(#3325,#3326,#3327,#3328,#3329,#3330),(#3331,#3332,#3333,#3334,#3335,#3336),(#3337,#3338,#3339,#3340,#3341,#3342)),.UNSPECIFIED.,.F.,.F.,.F.,(6,6),(6,6),(3.817091355035,6.56077622789109),(0.0,1.0),.UNSPECIFIED.);
#1064=SURFACE_STYLE_USAGE(.BOTH.,#3343);
#1065=FACE_OUTER_BOUND('',#3344,.T.);
#1066=B_SPLINE_SURFACE_WITH_KNOTS('',5,5,((#3345,#3346,#3347,#3348,#3349,#3350),(#3351,#3352,#3353,#3354,#3355,#3356),(#3357,#3358,#3359,#3360,#3361,#3362),(#3363,#3364,#3365,#3366,#3367,#3368),(#3369,#3370,#3371,#3372,#3373,#3374),(#3375,#3376,#3377,#3378,#3379,#3380),(#3381,#3382,#3383,#3384,#3385,#3386),(#3387,#3388,#3389,#3390,#3391,#3392),(#3393,#3394,#3395,#3396,#3397,#3398)),.UNSPECIFIED.,.F.,.F.,.F.,(6,3,6),(6,6),(2.36553438087943,3.81681093605037,4.88259257820039),(0.0,1.0),.UNSPECIFIED.);
#1067=SURFACE_STYLE_USAGE(.BOTH.,#3399);
#1068=FACE_OUTER_BOUND('',#3400,.T.);
#1069=B_SPLINE_SURFACE_WITH_KNOTS('',5,5,((#3401,#3402,#3403,#3404,#3405,#3406),(#3407,#3408,#3409,#3410,#3411,#3412),(#3413,#3414,#3415,#3416,#3417,#3418),(#3419,#3420,#3421,#3422,#3423,#3424),(#3425,#3426,#3427,#3428,#3429,#3430),(#3431,#3432,#3433,#3434,#3435,#3436)),.UNSPECIFIED.,.F.,.F.,.F.,(6,6),(6,6),(3.81709135499621,6.56077622782213),(0.0,1.0),.UNSPECIFIED.);
#1070=SURFACE_STYLE_USAGE(.BOTH.,#3437);
#1071=FACE_OUTER_BOUND('',#3438,.T.);
#1072=B_SPLINE_SURFACE_WITH_KNOTS('',5,5,((#3439,#3440,#3441,#3442,#3443,#3444),(#3445,#3446,#3447,#3448,#3449,#3450),(#3451,#3452,#3453,#3454,#3455,#3456),(#3457,#3458,#3459,#3460,#3461,#3462),(#3463,#3464,#3465,#3466,#3467,#3468),(#3469,#3470,#3471,#3472,#3473,#3474),(#3475,#3476,#3477,#3478,#3479,#3480),(#3481,#3482,#3483,#3484,#3485,#3486),(#3487,#3488,#3489,#3490,#3491,#3492)),.UNSPECIFIED.,.F.,.F.,.F.,(6,3,6),(6,6),(2.2983444153917,3.74868700779909,4.8150106631819),(0.0,1.0),.UNSPECIFIED.);
#1073=SURFACE_STYLE_USAGE(.BOTH.,#3493);
#1074=FACE_OUTER_BOUND('',#3494,.T.);
#1075=CYLINDRICAL_SURFACE('',#3495,14.0);
#1076=SURFACE_STYLE_USAGE(.BOTH.,#3496);
#1077=FACE_OUTER_BOUND('',#3497,.T.);
#1078=CYLINDRICAL_SURFACE('',#3498,1.0);
#1079=SURFACE_STYLE_USAGE(.BOTH.,#3499);
#1080=FACE_OUTER_BOUND('',#3500,.T.);
#1081=B_SPLINE_SURFACE_WITH_KNOTS('',5,5,((#3501,#3502,#3503,#3504,#3505,#3506),(#3507,#3508,#3509,#3510,#3511,#3512),(#3513,#3514,#3515,#3516,#3517,#3518),(#3519,#3520,#3521,#3522,#3523,#3524),(#3525,#3526,#3527,#3528,#3529,#3530),(#3531,#3532,#3533,#3534,#3535,#3536)),.UNSPECIFIED.,.F.,.F.,.F.,(6,6),(6,6),(7.54760269566425,7.87646427187616),(0.0,1.0),.UNSPECIFIED.);
#1082=SURFACE_STYLE_USAGE(.BOTH.,#3537);
#1083=FACE_OUTER_BOUND('',#3538,.T.);
#1084=CYLINDRICAL_SURFACE('',#3539,1.0);
#1085=SURFACE_STYLE_USAGE(.BOTH.,#3540);
#1086=FACE_OUTER_BOUND('',#3541,.T.);
#1087=B_SPLINE_SURFACE_WITH_KNOTS('',5,5,((#3542,#3543,#3544,#3545,#3546,#3547),(#3548,#3549,#3550,#3551,#3552,#3553),(#3554,#3555,#3556,#3557,#3558,#3559),(#3560,#3561,#3562,#3563,#3564,#3565),(#3566,#3567,#3568,#3569,#3570,#3571),(#3572,#3573,#3574,#3575,#3576,#3577)),.UNSPECIFIED.,.F.,.F.,.F.,(6,6),(6,6),(3.67749008291013,4.00635690123664),(0.0,1.0),.UNSPECIFIED.);
#1088=SURFACE_STYLE_USAGE(.BOTH.,#3578);
#1089=FACE_OUTER_BOUND('',#3579,.T.);
#1090=CONICAL_SURFACE('',#3580,14.0,0.927295218001613);
#1091=SURFACE_STYLE_USAGE(.BOTH.,#3581);
#1092=FACE_OUTER_BOUND('',#3582,.T.);
#1093=B_SPLINE_SURFACE_WITH_KNOTS('',5,5,((#3583,#3584,#3585,#3586,#3587,#3588),(#3589,#3590,#3591,#3592,#3593,#3594),(#3595,#3596,#3597,#3598,#3599,#3600),(#3601,#3602,#3603,#3604,#3605,#3606),(#3607,#3608,#3609,#3610,#3611,#3612),(#3613,#3614,#3615,#3616,#3617,#3618),(#3619,#3620,#3621,#3622,#3623,#3624),(#3625,#3626,#3627,#3628,#3629,#3630),(#3631,#3632,#3633,#3634,#3635,#3636)),.UNSPECIFIED.,.F.,.F.,.F.,(6,3,6),(6,6),(2.36550841968356,3.62221555249445,4.88227366539663),(0.0,1.0),.UNSPECIFIED.);
#1094=SURFACE_STYLE_USAGE(.BOTH.,#3637);
#1095=FACE_OUTER_BOUND('',#3638,.T.);
#1096=B_SPLINE_SURFACE_WITH_KNOTS('',5,5,((#3639,#3640,#3641,#3642,#3643,#3644),(#3645,#3646,#3647,#3648,#3649,#3650),(#3651,#3652,#3653,#3654,#3655,#3656),(#3657,#3658,#3659,#3660,#3661,#3662),(#3663,#3664,#3665,#3666,#3667,#3668),(#3669,#3670,#3671,#3672,#3673,#3674)),.UNSPECIFIED.,.F.,.F.,.F.,(6,6),(6,6),(3.81690258746342,6.56030224650439),(0.0,1.0),.UNSPECIFIED.);
#1097=SURFACE_STYLE_USAGE(.BOTH.,#3675);
#1098=FACE_OUTER_BOUND('',#3676,.T.);
#1099=B_SPLINE_SURFACE_WITH_KNOTS('',5,5,((#3677,#3678,#3679,#3680,#3681,#3682),(#3683,#3684,#3685,#3686,#3687,#3688),(#3689,#3690,#3691,#3692,#3693,#3694),(#3695,#3696,#3697,#3698,#3699,#3700),(#3701,#3702,#3703,#3704,#3705,#3706),(#3707,#3708,#3709,#3710,#3711,#3712),(#3713,#3714,#3715,#3716,#3717,#3718),(#3719,#3720,#3721,#3722,#3723,#3724),(#3725,#3726,#3727,#3728,#3729,#3730)),.UNSPECIFIED.,.F.,.F.,.F.,(6,3,6),(6,6),(2.29834441539589,3.74868700780118,4.81501066318469),(0.0,1.0),.UNSPECIFIED.);
#1100=SURFACE_STYLE_USAGE(.BOTH.,#3731);
#1101=FACE_OUTER_BOUND('',#3732,.T.);
#1102=B_SPLINE_SURFACE_WITH_KNOTS('',5,5,((#3733,#3734,#3735,#3736,#3737,#3738),(#3739,#3740,#3741,#3742,#3743,#3744),(#3745,#3746,#3747,#3748,#3749,#3750),(#3751,#3752,#3753,#3754,#3755,#3756),(#3757,#3758,#3759,#3760,#3761,#3762),(#3763,#3764,#3765,#3766,#3767,#3768)),.UNSPECIFIED.,.F.,.F.,.F.,(6,6),(6,6),(3.8171524161537,6.56093623809194),(0.0,1.0),.UNSPECIFIED.);
#1103=SURFACE_STYLE_USAGE(.BOTH.,#3769);
#1104=FACE_OUTER_BOUND('',#3770,.T.);
#1105=CYLINDRICAL_SURFACE('',#3771,14.0);
#1106=SURFACE_STYLE_USAGE(.BOTH.,#3772);
#1107=FACE_OUTER_BOUND('',#3773,.T.);
#1108=CYLINDRICAL_SURFACE('',#3774,1.0);
#1109=SURFACE_STYLE_USAGE(.BOTH.,#3775);
#1110=FACE_OUTER_BOUND('',#3776,.T.);
#1111=B_SPLINE_SURFACE_WITH_KNOTS('',5,5,((#3777,#3778,#3779,#3780,#3781,#3782),(#3783,#3784,#3785,#3786,#3787,#3788),(#3789,#3790,#3791,#3792,#3793,#3794),(#3795,#3796,#3797,#3798,#3799,#3800),(#3801,#3802,#3803,#3804,#3805,#3806),(#3807,#3808,#3809,#3810,#3811,#3812)),.UNSPECIFIED.,.F.,.F.,.F.,(6,6),(6,6),(3.67749008291082,4.00635690123732),(0.0,1.0),.UNSPECIFIED.);
#1112=SURFACE_STYLE_USAGE(.BOTH.,#3813);
#1113=FACE_OUTER_BOUND('',#3814,.T.);
#1114=CYLINDRICAL_SURFACE('',#3815,1.0);
#1115=SURFACE_STYLE_USAGE(.BOTH.,#3816);
#1116=FACE_OUTER_BOUND('',#3817,.T.);
#1117=B_SPLINE_SURFACE_WITH_KNOTS('',5,5,((#3818,#3819,#3820,#3821,#3822,#3823),(#3824,#3825,#3826,#3827,#3828,#3829),(#3830,#3831,#3832,#3833,#3834,#3835),(#3836,#3837,#3838,#3839,#3840,#3841),(#3842,#3843,#3844,#3845,#3846,#3847),(#3848,#3849,#3850,#3851,#3852,#3853)),.UNSPECIFIED.,.F.,.F.,.F.,(6,6),(6,6),(7.54760269566564,7.87646427187757),(0.0,1.0),.UNSPECIFIED.);
#1118=SURFACE_STYLE_USAGE(.BOTH.,#3854);
#1119=FACE_OUTER_BOUND('',#3855,.T.);
#1120=TOROIDAL_SURFACE('',#3856,16.0,2.0);
#1121=SURFACE_STYLE_USAGE(.BOTH.,#3857);
#1122=FACE_OUTER_BOUND('',#3858,.T.);
#1123=B_SPLINE_SURFACE_WITH_KNOTS('',5,5,((#3859,#3860,#3861,#3862,#3863,#3864),(#3865,#3866,#3867,#3868,#3869,#3870),(#3871,#3872,#3873,#3874,#3875,#3876),(#3877,#3878,#3879,#3880,#3881,#3882),(#3883,#3884,#3885,#3886,#3887,#3888),(#3889,#3890,#3891,#3892,#3893,#3894)),.UNSPECIFIED.,.F.,.F.,.F.,(6,6),(6,6),(5.79312659840236,7.86691974961267),(0.0,1.0),.UNSPECIFIED.);
#1124=SURFACE_STYLE_USAGE(.BOTH.,#3895);
#1125=FACE_OUTER_BOUND('',#3896,.T.);
#1126=B_SPLINE_SURFACE_WITH_KNOTS('',5,5,((#3897,#3898,#3899,#3900,#3901,#3902),(#3903,#3904,#3905,#3906,#3907,#3908),(#3909,#3910,#3911,#3912,#3913,#3914),(#3915,#3916,#3917,#3918,#3919,#3920),(#3921,#3922,#3923,#3924,#3925,#3926),(#3927,#3928,#3929,#3930,#3931,#3932)),.UNSPECIFIED.,.F.,.F.,.F.,(6,6),(6,6),(3.71945861972546,5.7932039143627),(0.0,1.0),.UNSPECIFIED.);
#1127=SURFACE_STYLE_USAGE(.BOTH.,#3933);
#1128=FACE_OUTER_BOUND('',#3934,.T.);
#1129=TOROIDAL_SURFACE('',#3935,16.0,2.0);
#1130=SURFACE_STYLE_USAGE(.BOTH.,#3936);
#1131=FACE_OUTER_BOUND('',#3937,.T.);
#1132=B_SPLINE_SURFACE_WITH_KNOTS('',5,5,((#3938,#3939,#3940,#3941,#3942,#3943),(#3944,#3945,#3946,#3947,#3948,#3949),(#3950,#3951,#3952,#3953,#3954,#3955),(#3956,#3957,#3958,#3959,#3960,#3961),(#3962,#3963,#3964,#3965,#3966,#3967),(#3968,#3969,#3970,#3971,#3972,#3973)),.UNSPECIFIED.,.F.,.F.,.F.,(6,6),(6,6),(3.71932332075764,5.79305093339747),(0.0,1.0),.UNSPECIFIED.);
#1133=SURFACE_STYLE_USAGE(.BOTH.,#3974);
#1134=FACE_OUTER_BOUND('',#3975,.T.);
#1135=B_SPLINE_SURFACE_WITH_KNOTS('',5,5,((#3976,#3977,#3978,#3979,#3980,#3981),(#3982,#3983,#3984,#3985,#3986,#3987),(#3988,#3989,#3990,#3991,#3992,#3993),(#3994,#3995,#3996,#3997,#3998,#3999),(#4000,#4001,#4002,#4003,#4004,#4005),(#4006,#4007,#4008,#4009,#4010,#4011)),.UNSPECIFIED.,.F.,.F.,.F.,(6,6),(6,6),(5.79312659840673,7.86691974961834),(0.0,1.0),.UNSPECIFIED.);
#1136=SURFACE_STYLE_USAGE(.BOTH.,#4012);
#1137=FACE_OUTER_BOUND('',#4013,.T.);
#1138=CONICAL_SURFACE('',#4014,17.1725782333348,0.904914600980329);
#1139=SURFACE_STYLE_USAGE(.BOTH.,#4015);
#1140=FACE_OUTER_BOUND('',#4016,.T.);
#1141=CONICAL_SURFACE('',#4017,16.0999999999999,0.872664625997166);
#1142=SURFACE_STYLE_USAGE(.BOTH.,#4018);
#1143=FACE_OUTER_BOUND('',#4019,.T.);
#1144=CONICAL_SURFACE('',#4020,17.1725782333348,0.904914600980329);
#1145=SURFACE_STYLE_USAGE(.BOTH.,#4021);
#1146=FACE_OUTER_BOUND('',#4022,.T.);
#1147=CONICAL_SURFACE('',#4023,16.0999999999999,0.872664625997166);
#1148=SURFACE_STYLE_USAGE(.BOTH.,#4024);
#1149=FACE_OUTER_BOUND('',#4025,.T.);
#1150=TOROIDAL_SURFACE('',#4026,17.1891945873998,0.8);
#1151=SURFACE_STYLE_USAGE(.BOTH.,#4027);
#1152=FACE_OUTER_BOUND('',#4028,.T.);
#1153=TOROIDAL_SURFACE('',#4029,17.1891945873998,0.8);
#1154=SURFACE_STYLE_USAGE(.BOTH.,#4030);
#1155=FACE_OUTER_BOUND('',#4031,.T.);
#1156=CONICAL_SURFACE('',#4032,17.1725782333348,0.904914600980329);
#1157=SURFACE_STYLE_USAGE(.BOTH.,#4033);
#1158=FACE_OUTER_BOUND('',#4034,.T.);
#1159=CONICAL_SURFACE('',#4035,16.0999999999999,0.872664625997166);
#1160=SURFACE_STYLE_USAGE(.BOTH.,#4036);
#1161=FACE_OUTER_BOUND('',#4037,.T.);
#1162=CONICAL_SURFACE('',#4038,17.1725782333348,0.904914600980329);
#1163=SURFACE_STYLE_USAGE(.BOTH.,#4039);
#1164=FACE_OUTER_BOUND('',#4040,.T.);
#1165=CONICAL_SURFACE('',#4041,16.0999999999999,0.872664625997166);
#1166=SURFACE_STYLE_USAGE(.BOTH.,#4042);
#1167=FACE_OUTER_BOUND('',#4043,.T.);
#1168=TOROIDAL_SURFACE('',#4044,17.1891945873998,0.8);
#1169=SURFACE_STYLE_USAGE(.BOTH.,#4045);
#1170=FACE_OUTER_BOUND('',#4046,.T.);
#1171=TOROIDAL_SURFACE('',#4047,17.1891945873998,0.8);
#1172=SURFACE_STYLE_USAGE(.BOTH.,#4048);
#1173=FACE_OUTER_BOUND('',#4049,.T.);
#1174=CYLINDRICAL_SURFACE('',#4050,1.0);
#1175=SURFACE_STYLE_USAGE(.BOTH.,#4051);
#1176=FACE_OUTER_BOUND('',#4052,.T.);
#1177=CYLINDRICAL_SURFACE('',#4053,1.0);
#1178=SURFACE_STYLE_USAGE(.BOTH.,#4054);
#1179=FACE_OUTER_BOUND('',#4055,.T.);
#1180=CYLINDRICAL_SURFACE('',#4056,1.0);
#1181=SURFACE_STYLE_USAGE(.BOTH.,#4057);
#1182=FACE_OUTER_BOUND('',#4058,.T.);
#1183=CYLINDRICAL_SURFACE('',#4059,1.0);
#1184=SURFACE_STYLE_USAGE(.BOTH.,#4060);
#1185=FACE_OUTER_BOUND('',#4061,.T.);
#1186=SPHERICAL_SURFACE('',#4062,1.0);
#1187=SURFACE_STYLE_USAGE(.BOTH.,#4063);
#1188=FACE_OUTER_BOUND('',#4064,.T.);
#1189=SPHERICAL_SURFACE('',#4065,1.0);
#1190=SURFACE_STYLE_USAGE(.BOTH.,#4066);
#1191=FACE_OUTER_BOUND('',#4067,.T.);
#1192=PLANE('',#4068);
#1193=SURFACE_STYLE_USAGE(.BOTH.,#4069);
#1194=FACE_OUTER_BOUND('',#4070,.T.);
#1195=PLANE('',#4071);
#1196=SURFACE_STYLE_USAGE(.BOTH.,#4072);
#1197=FACE_OUTER_BOUND('',#4073,.T.);
#1198=CYLINDRICAL_SURFACE('',#4074,1.0);
#1199=SURFACE_STYLE_USAGE(.BOTH.,#4075);
#1200=FACE_OUTER_BOUND('',#4076,.T.);
#1201=CYLINDRICAL_SURFACE('',#4077,1.0);
#1202=SURFACE_STYLE_USAGE(.BOTH.,#4078);
#1203=FACE_OUTER_BOUND('',#4079,.T.);
#1204=CYLINDRICAL_SURFACE('',#4080,1.0);
#1205=SURFACE_STYLE_USAGE(.BOTH.,#4081);
#1206=FACE_OUTER_BOUND('',#4082,.T.);
#1207=CYLINDRICAL_SURFACE('',#4083,1.0);
#1208=SURFACE_STYLE_USAGE(.BOTH.,#4084);
#1209=FACE_OUTER_BOUND('',#4085,.T.);
#1210=SPHERICAL_SURFACE('',#4086,0.999999999999999);
#1211=SURFACE_STYLE_USAGE(.BOTH.,#4087);
#1212=FACE_OUTER_BOUND('',#4088,.T.);
#1213=SPHERICAL_SURFACE('',#4089,0.999999999999999);
#1214=SURFACE_STYLE_USAGE(.BOTH.,#4090);
#1215=FACE_OUTER_BOUND('',#4091,.T.);
#1216=CYLINDRICAL_SURFACE('',#4092,1.0);
#1217=SURFACE_STYLE_USAGE(.BOTH.,#4093);
#1218=FACE_OUTER_BOUND('',#4094,.T.);
#1219=CYLINDRICAL_SURFACE('',#4095,1.0);
#1220=SURFACE_STYLE_USAGE(.BOTH.,#4096);
#1221=FACE_OUTER_BOUND('',#4097,.T.);
#1222=PLANE('',#4098);
#1223=SURFACE_STYLE_USAGE(.BOTH.,#4099);
#1224=FACE_OUTER_BOUND('',#4100,.T.);
#1225=PLANE('',#4101);
#1226=SURFACE_STYLE_USAGE(.BOTH.,#4102);
#1227=FACE_OUTER_BOUND('',#4103,.T.);
#1228=CYLINDRICAL_SURFACE('',#4104,1.0);
#1229=SURFACE_STYLE_USAGE(.BOTH.,#4105);
#1230=FACE_OUTER_BOUND('',#4106,.T.);
#1231=CYLINDRICAL_SURFACE('',#4107,1.0);
#1232=SURFACE_STYLE_USAGE(.BOTH.,#4108);
#1233=FACE_OUTER_BOUND('',#4109,.T.);
#1234=CYLINDRICAL_SURFACE('',#4110,1.0);
#1235=SURFACE_STYLE_USAGE(.BOTH.,#4111);
#1236=FACE_OUTER_BOUND('',#4112,.T.);
#1237=CYLINDRICAL_SURFACE('',#4113,1.0);
#1238=SURFACE_STYLE_USAGE(.BOTH.,#4114);
#1239=FACE_OUTER_BOUND('',#4115,.T.);
#1240=SPHERICAL_SURFACE('',#4116,0.999999999999999);
#1241=SURFACE_STYLE_USAGE(.BOTH.,#4117);
#1242=FACE_OUTER_BOUND('',#4118,.T.);
#1243=SPHERICAL_SURFACE('',#4119,0.999999999999999);
#1244=SURFACE_STYLE_USAGE(.BOTH.,#4120);
#1245=FACE_OUTER_BOUND('',#4121,.T.);
#1246=PLANE('',#4122);
#1247=SURFACE_STYLE_USAGE(.BOTH.,#4123);
#1248=FACE_OUTER_BOUND('',#4124,.T.);
#1249=PLANE('',#4125);
#1250=SURFACE_STYLE_USAGE(.BOTH.,#4126);
#1251=FACE_OUTER_BOUND('',#4127,.T.);
#1252=CYLINDRICAL_SURFACE('',#4128,1.0);
#1253=SURFACE_STYLE_USAGE(.BOTH.,#4129);
#1254=FACE_OUTER_BOUND('',#4130,.T.);
#1255=CYLINDRICAL_SURFACE('',#4131,1.0);
#1256=SURFACE_STYLE_USAGE(.BOTH.,#4132);
#1257=FACE_OUTER_BOUND('',#4133,.T.);
#1258=CYLINDRICAL_SURFACE('',#4134,1.0);
#1259=SURFACE_STYLE_USAGE(.BOTH.,#4135);
#1260=FACE_OUTER_BOUND('',#4136,.T.);
#1261=CYLINDRICAL_SURFACE('',#4137,1.0);
#1262=SURFACE_STYLE_USAGE(.BOTH.,#4138);
#1263=FACE_OUTER_BOUND('',#4139,.T.);
#1264=SPHERICAL_SURFACE('',#4140,1.0);
#1265=SURFACE_STYLE_USAGE(.BOTH.,#4141);
#1266=FACE_OUTER_BOUND('',#4142,.T.);
#1267=SPHERICAL_SURFACE('',#4143,1.0);
#1268=SURFACE_STYLE_USAGE(.BOTH.,#4144);
#1269=FACE_OUTER_BOUND('',#4145,.T.);
#1270=CYLINDRICAL_SURFACE('',#4146,1.0);
#1271=SURFACE_STYLE_USAGE(.BOTH.,#4147);
#1272=FACE_OUTER_BOUND('',#4148,.T.);
#1273=CYLINDRICAL_SURFACE('',#4149,1.0);
#1274=SURFACE_STYLE_USAGE(.BOTH.,#4150);
#1275=FACE_OUTER_BOUND('',#4151,.T.);
#1276=PLANE('',#4152);
#1277=SURFACE_STYLE_USAGE(.BOTH.,#4153);
#1278=FACE_OUTER_BOUND('',#4154,.T.);
#1279=PLANE('',#4155);
#1280=SURFACE_STYLE_USAGE(.BOTH.,#4156);
#1281=CLOSED_SHELL('',(#231,#233,#235,#237,#239,#241,#243,#245,#247,#249,#251,#253,#255,#257,#259,#261,#263,#265,#267,#269,#271,#273,#275,#277,#279,#281,#283,#285,#287,#289,#291,#293,#295,#297,#299,#301,#303,#305,#307,#309,#311,#313,#315,#317,#319,#321,#323,#325,#327,#329,#331,#333,#335,#337,#339,#341,#343,#345,#347,#349,#351,#353,#355,#357,#359,#361,#363,#365,#367,#369,#371,#373,#375,#377,#379,#381,#383,#385,#387,#389,#391,#393,#395,#397,#399,#401,#403,#405,#407,#409,#411,#413,#415,#417,#419,#421,#423,#425,#427,#429,#431,#433,#435,#437,#439,#441,#443,#445,#447,#449,#451,#453,#455,#457,#459,#461,#463,#465,#467,#469,#471,#473,#475,#477,#479,#481,#483,#485,#487,#489,#491,#493,#495,#497,#499,#501,#503,#505,#507,#509,#511,#513,#515,#517,#519,#521,#523,#525,#527,#529,#531,#533,#535,#537,#539,#541,#543,#545,#547,#549,#551,#553,#555,#557,#559,#561,#563,#565,#567,#569,#571,#573,#575,#577,#579,#581,#583,#585,#587,#589,#591,#593,#595,#597,#599,#601,#603,#605,#607,#609,#611,#613,#615,#617,#619,#621,#623,#625,#627,#629,#631,#633,#635,#637,#639,#641));
#1282=PRODUCT_CONTEXT('',#217,'mechanical');
#1283=PRODUCT_DEFINITION_FORMATION_WITH_SPECIFIED_SOURCE(' ','NONE',#644,.NOT_KNOWN.);
#1284=CARTESIAN_POINT('',(0.0,0.0,0.0));
#1285=DIRECTION('',(0.0,0.0,1.0));
#1286=DIRECTION('',(1.0,0.0,0.0));
#1287= (NAMED_UNIT(#652)LENGTH_UNIT()SI_UNIT(.MILLI.,.METRE.));
#1288=SURFACE_SIDE_STYLE('',(#4158));
#1289=EDGE_LOOP('',(#4159,#4160,#4161,#4162,#4163,#4164));
#1290=AXIS2_PLACEMENT_3D('',#4165,#4166,#4167);
#1291=SURFACE_SIDE_STYLE('',(#4168));
#1292=EDGE_LOOP('',(#4169,#4170,#4171,#4172,#4173,#4174));
#1293=AXIS2_PLACEMENT_3D('',#4175,#4176,#4177);
#1294=SURFACE_SIDE_STYLE('',(#4178));
#1295=EDGE_LOOP('',(#4179,#4180,#4181,#4182,#4183));
#1296=AXIS2_PLACEMENT_3D('',#4184,#4185,#4186);
#1297=SURFACE_SIDE_STYLE('',(#4187));
#1298=EDGE_LOOP('',(#4188,#4189,#4190,#4191));
#1299=AXIS2_PLACEMENT_3D('',#4192,#4193,#4194);
#1300=SURFACE_SIDE_STYLE('',(#4195));
#1301=EDGE_LOOP('',(#4196,#4197,#4198,#4199,#4200,#4201));
#1302=AXIS2_PLACEMENT_3D('',#4202,#4203,#4204);
#1303=SURFACE_SIDE_STYLE('',(#4205));
#1304=EDGE_LOOP('',(#4206,#4207,#4208,#4209));
#1305=AXIS2_PLACEMENT_3D('',#4210,#4211,#4212);
#1306=SURFACE_SIDE_STYLE('',(#4213));
#1307=EDGE_LOOP('',(#4214,#4215,#4216,#4217,#4218,#4219));
#1308=AXIS2_PLACEMENT_3D('',#4220,#4221,#4222);
#1309=SURFACE_SIDE_STYLE('',(#4223));
#1310=EDGE_LOOP('',(#4224,#4225,#4226,#4227,#4228,#4229));
#1311=AXIS2_PLACEMENT_3D('',#4230,#4231,#4232);
#1312=SURFACE_SIDE_STYLE('',(#4233));
#1313=EDGE_LOOP('',(#4234,#4235,#4236,#4237,#4238));
#1314=AXIS2_PLACEMENT_3D('',#4239,#4240,#4241);
#1315=SURFACE_SIDE_STYLE('',(#4242));
#1316=EDGE_LOOP('',(#4243,#4244,#4245,#4246,#4247));
#1317=AXIS2_PLACEMENT_3D('',#4248,#4249,#4250);
#1318=SURFACE_SIDE_STYLE('',(#4251));
#1319=EDGE_LOOP('',(#4252,#4253,#4254,#4255));
#1320=AXIS2_PLACEMENT_3D('',#4256,#4257,#4258);
#1321=SURFACE_SIDE_STYLE('',(#4259));
#1322=EDGE_LOOP('',(#4260,#4261,#4262,#4263,#4264));
#1323=AXIS2_PLACEMENT_3D('',#4265,#4266,#4267);
#1324=SURFACE_SIDE_STYLE('',(#4268));
#1325=EDGE_LOOP('',(#4269,#4270,#4271,#4272,#4273,#4274));
#1326=AXIS2_PLACEMENT_3D('',#4275,#4276,#4277);
#1327=SURFACE_SIDE_STYLE('',(#4278));
#1328=EDGE_LOOP('',(#4279,#4280,#4281,#4282,#4283,#4284));
#1329=AXIS2_PLACEMENT_3D('',#4285,#4286,#4287);
#1330=SURFACE_SIDE_STYLE('',(#4288));
#1331=EDGE_LOOP('',(#4289,#4290,#4291,#4292,#4293,#4294));
#1332=AXIS2_PLACEMENT_3D('',#4295,#4296,#4297);
#1333=SURFACE_SIDE_STYLE('',(#4298));
#1334=EDGE_LOOP('',(#4299,#4300,#4301,#4302,#4303,#4304,#4305,#4306));
#1335=AXIS2_PLACEMENT_3D('',#4307,#4308,#4309);
#1336=SURFACE_SIDE_STYLE('',(#4310));
#1337=EDGE_LOOP('',(#4311,#4312,#4313,#4314,#4315,#4316));
#1338=AXIS2_PLACEMENT_3D('',#4317,#4318,#4319);
#1339=SURFACE_SIDE_STYLE('',(#4320));
#1340=EDGE_LOOP('',(#4321,#4322,#4323,#4324,#4325,#4326));
#1341=AXIS2_PLACEMENT_3D('',#4327,#4328,#4329);
#1342=SURFACE_SIDE_STYLE('',(#4330));
#1343=EDGE_LOOP('',(#4331,#4332,#4333,#4334,#4335,#4336));
#1344=AXIS2_PLACEMENT_3D('',#4337,#4338,#4339);
#1345=SURFACE_SIDE_STYLE('',(#4340));
#1346=EDGE_LOOP('',(#4341,#4342,#4343,#4344,#4345,#4346));
#1347=AXIS2_PLACEMENT_3D('',#4347,#4348,#4349);
#1348=SURFACE_SIDE_STYLE('',(#4350));
#1349=EDGE_LOOP('',(#4351,#4352,#4353,#4354,#4355,#4356));
#1350=AXIS2_PLACEMENT_3D('',#4357,#4358,#4359);
#1351=SURFACE_SIDE_STYLE('',(#4360));
#1352=EDGE_LOOP('',(#4361,#4362,#4363,#4364,#4365,#4366));
#1353=AXIS2_PLACEMENT_3D('',#4367,#4368,#4369);
#1354=SURFACE_SIDE_STYLE('',(#4370));
#1355=EDGE_LOOP('',(#4371,#4372,#4373,#4374,#4375,#4376));
#1356=AXIS2_PLACEMENT_3D('',#4377,#4378,#4379);
#1357=SURFACE_SIDE_STYLE('',(#4380));
#1358=EDGE_LOOP('',(#4381,#4382,#4383,#4384,#4385,#4386,#4387,#4388));
#1359=AXIS2_PLACEMENT_3D('',#4389,#4390,#4391);
#1360=SURFACE_SIDE_STYLE('',(#4392));
#1361=EDGE_LOOP('',(#4393,#4394,#4395,#4396,#4397,#4398));
#1362=AXIS2_PLACEMENT_3D('',#4399,#4400,#4401);
#1363=SURFACE_SIDE_STYLE('',(#4402));
#1364=EDGE_LOOP('',(#4403,#4404,#4405,#4406,#4407));
#1365=AXIS2_PLACEMENT_3D('',#4408,#4409,#4410);
#1366=SURFACE_SIDE_STYLE('',(#4411));
#1367=EDGE_LOOP('',(#4412,#4413,#4414,#4415,#4416,#4417));
#1368=AXIS2_PLACEMENT_3D('',#4418,#4419,#4420);
#1369=SURFACE_SIDE_STYLE('',(#4421));
#1370=EDGE_LOOP('',(#4422,#4423,#4424,#4425));
#1371=AXIS2_PLACEMENT_3D('',#4426,#4427,#4428);
#1372=SURFACE_SIDE_STYLE('',(#4429));
#1373=EDGE_LOOP('',(#4430,#4431,#4432,#4433,#4434,#4435));
#1374=AXIS2_PLACEMENT_3D('',#4436,#4437,#4438);
#1375=SURFACE_SIDE_STYLE('',(#4439));
#1376=EDGE_LOOP('',(#4440,#4441,#4442,#4443));
#1377=AXIS2_PLACEMENT_3D('',#4444,#4445,#4446);
#1378=SURFACE_SIDE_STYLE('',(#4447));
#1379=EDGE_LOOP('',(#4448,#4449,#4450,#4451));
#1380=AXIS2_PLACEMENT_3D('',#4452,#4453,#4454);
#1381=SURFACE_SIDE_STYLE('',(#4455));
#1382=EDGE_LOOP('',(#4456,#4457,#4458,#4459,#4460,#4461));
#1383=AXIS2_PLACEMENT_3D('',#4462,#4463,#4464);
#1384=SURFACE_SIDE_STYLE('',(#4465));
#1385=EDGE_LOOP('',(#4466,#4467,#4468,#4469));
#1386=AXIS2_PLACEMENT_3D('',#4470,#4471,#4472);
#1387=SURFACE_SIDE_STYLE('',(#4473));
#1388=EDGE_LOOP('',(#4474,#4475,#4476,#4477));
#1389=AXIS2_PLACEMENT_3D('',#4478,#4479,#4480);
#1390=SURFACE_SIDE_STYLE('',(#4481));
#1391=EDGE_LOOP('',(#4482,#4483,#4484,#4485));
#1392=AXIS2_PLACEMENT_3D('',#4486,#4487,#4488);
#1393=SURFACE_SIDE_STYLE('',(#4489));
#1394=EDGE_LOOP('',(#4490,#4491,#4492,#4493));
#1395=AXIS2_PLACEMENT_3D('',#4494,#4495,#4496);
#1396=SURFACE_SIDE_STYLE('',(#4497));
#1397=EDGE_LOOP('',(#4498,#4499,#4500,#4501));
#1398=AXIS2_PLACEMENT_3D('',#4502,#4503,#4504);
#1399=SURFACE_SIDE_STYLE('',(#4505));
#1400=EDGE_LOOP('',(#4506,#4507,#4508,#4509,#4510,#4511));
#1401=AXIS2_PLACEMENT_3D('',#4512,#4513,#4514);
#1402=SURFACE_SIDE_STYLE('',(#4515));
#1403=EDGE_LOOP('',(#4516,#4517,#4518,#4519));
#1404=AXIS2_PLACEMENT_3D('',#4520,#4521,#4522);
#1405=SURFACE_SIDE_STYLE('',(#4523));
#1406=EDGE_LOOP('',(#4524,#4525,#4526,#4527));
#1407=AXIS2_PLACEMENT_3D('',#4528,#4529,#4530);
#1408=SURFACE_SIDE_STYLE('',(#4531));
#1409=EDGE_LOOP('',(#4532,#4533,#4534,#4535));
#1410=AXIS2_PLACEMENT_3D('',#4536,#4537,#4538);
#1411=SURFACE_SIDE_STYLE('',(#4539));
#1412=EDGE_LOOP('',(#4540,#4541,#4542,#4543));
#1413=AXIS2_PLACEMENT_3D('',#4544,#4545,#4546);
#1414=SURFACE_SIDE_STYLE('',(#4547));
#1415=EDGE_LOOP('',(#4548,#4549,#4550,#4551,#4552,#4553,#4554,#4555));
#1416=AXIS2_PLACEMENT_3D('',#4556,#4557,#4558);
#1417=SURFACE_SIDE_STYLE('',(#4559));
#1418=EDGE_LOOP('',(#4560,#4561,#4562,#4563));
#1419=AXIS2_PLACEMENT_3D('',#4564,#4565,#4566);
#1420=SURFACE_SIDE_STYLE('',(#4567));
#1421=EDGE_LOOP('',(#4568,#4569,#4570,#4571,#4572,#4573));
#1422=AXIS2_PLACEMENT_3D('',#4574,#4575,#4576);
#1423=SURFACE_SIDE_STYLE('',(#4577));
#1424=EDGE_LOOP('',(#4578,#4579,#4580,#4581,#4582));
#1425=AXIS2_PLACEMENT_3D('',#4583,#4584,#4585);
#1426=SURFACE_SIDE_STYLE('',(#4586));
#1427=EDGE_LOOP('',(#4587,#4588,#4589,#4590,#4591,#4592));
#1428=AXIS2_PLACEMENT_3D('',#4593,#4594,#4595);
#1429=SURFACE_SIDE_STYLE('',(#4596));
#1430=EDGE_LOOP('',(#4597,#4598,#4599,#4600));
#1431=AXIS2_PLACEMENT_3D('',#4601,#4602,#4603);
#1432=SURFACE_SIDE_STYLE('',(#4604));
#1433=EDGE_LOOP('',(#4605,#4606,#4607,#4608,#4609,#4610));
#1434=AXIS2_PLACEMENT_3D('',#4611,#4612,#4613);
#1435=SURFACE_SIDE_STYLE('',(#4614));
#1436=EDGE_LOOP('',(#4615,#4616,#4617,#4618));
#1437=AXIS2_PLACEMENT_3D('',#4619,#4620,#4621);
#1438=SURFACE_SIDE_STYLE('',(#4622));
#1439=EDGE_LOOP('',(#4623,#4624,#4625,#4626,#4627,#4628,#4629,#4630));
#1440=AXIS2_PLACEMENT_3D('',#4631,#4632,#4633);
#1441=SURFACE_SIDE_STYLE('',(#4634));
#1442=EDGE_LOOP('',(#4635,#4636,#4637,#4638));
#1443=AXIS2_PLACEMENT_3D('',#4639,#4640,#4641);
#1444=SURFACE_SIDE_STYLE('',(#4642));
#1445=EDGE_LOOP('',(#4643,#4644,#4645,#4646));
#1446=AXIS2_PLACEMENT_3D('',#4647,#4648,#4649);
#1447=SURFACE_SIDE_STYLE('',(#4650));
#1448=EDGE_LOOP('',(#4651,#4652,#4653,#4654));
#1449=EDGE_LOOP('',(#4655,#4656,#4657,#4658));
#1450=AXIS2_PLACEMENT_3D('',#4659,#4660,#4661);
#1451=SURFACE_SIDE_STYLE('',(#4662));
#1452=EDGE_LOOP('',(#4663,#4664,#4665,#4666,#4667,#4668,#4669,#4670));
#1453=AXIS2_PLACEMENT_3D('',#4671,#4672,#4673);
#1454=SURFACE_SIDE_STYLE('',(#4674));
#1455=EDGE_LOOP('',(#4675,#4676,#4677,#4678,#4679));
#1456=AXIS2_PLACEMENT_3D('',#4680,#4681,#4682);
#1457=SURFACE_SIDE_STYLE('',(#4683));
#1458=EDGE_LOOP('',(#4684,#4685,#4686,#4687));
#1459=AXIS2_PLACEMENT_3D('',#4688,#4689,#4690);
#1460=SURFACE_SIDE_STYLE('',(#4691));
#1461=EDGE_LOOP('',(#4692,#4693,#4694,#4695,#4696));
#1462=AXIS2_PLACEMENT_3D('',#4697,#4698,#4699);
#1463=SURFACE_SIDE_STYLE('',(#4700));
#1464=EDGE_LOOP('',(#4701,#4702,#4703,#4704));
#1465=AXIS2_PLACEMENT_3D('',#4705,#4706,#4707);
#1466=SURFACE_SIDE_STYLE('',(#4708));
#1467=EDGE_LOOP('',(#4709,#4710,#4711,#4712,#4713,#4714));
#1468=AXIS2_PLACEMENT_3D('',#4715,#4716,#4717);
#1469=SURFACE_SIDE_STYLE('',(#4718));
#1470=EDGE_LOOP('',(#4719,#4720,#4721,#4722));
#1471=CARTESIAN_POINT('',(-2.73274443793445,14.0711234436972,19.676777929108));
#1472=CARTESIAN_POINT('',(-2.80281315682455,13.9256543901169,19.6162026009054));
#1473=CARTESIAN_POINT('',(-2.90012185655011,13.7828293696557,19.5807866818344));
#1474=CARTESIAN_POINT('',(-3.02035944775595,13.6516824038864,19.574326123827));
#1475=CARTESIAN_POINT('',(-3.1556490149956,13.5408050950702,19.5972441661438));
#1476=CARTESIAN_POINT('',(-3.29719495744426,13.4554593055675,19.64644910027));
#1477=CARTESIAN_POINT('',(-2.71358077258137,14.0524342025191,19.6994912499577));
#1478=CARTESIAN_POINT('',(-2.78098843492433,13.9040578475364,19.6421026652025));
#1479=CARTESIAN_POINT('',(-2.87500320335518,13.7576384677093,19.610791328608));
#1480=CARTESIAN_POINT('',(-2.99146575077457,13.622416077325,19.6091678872489));
#1481=CARTESIAN_POINT('',(-3.12272232023277,13.5072756036453,19.6373399937074));
#1482=CARTESIAN_POINT('',(-3.26020385889078,13.4177533729919,19.6918757484636));
#1483=CARTESIAN_POINT('',(-2.69509608312628,14.0369967349101,19.7188499905514));
#1484=CARTESIAN_POINT('',(-2.75995707717162,13.8862012100909,19.6641445933362));
#1485=CARTESIAN_POINT('',(-2.85081166999552,13.736791352378,19.6363151195606));
#1486=CARTESIAN_POINT('',(-2.96364652795395,13.5981841133401,19.6388164811189));
#1487=CARTESIAN_POINT('',(-3.09102348839302,13.4795143462996,19.6714849611993));
#1488=CARTESIAN_POINT('',(-3.22459267604247,13.3865490788096,19.7305931995522));
#1489=CARTESIAN_POINT('',(-2.6766951770924,14.0230953376249,19.7366594638602));
#1490=CARTESIAN_POINT('',(-2.73903762972413,13.8701115195703,19.6844016566879));
#1491=CARTESIAN_POINT('',(-2.82675833593927,13.7179957341105,19.6597652953729));
#1492=CARTESIAN_POINT('',(-2.93598932411377,13.576328504945,19.666063088926));
#1493=CARTESIAN_POINT('',(-3.05950825474715,13.4544747144285,19.7028797048508));
#1494=CARTESIAN_POINT('',(-3.18918495047178,13.3584119186028,19.7662121501536));
#1495=CARTESIAN_POINT('',(-2.65885581180615,14.0109265031937,19.7526166248258));
#1496=CARTESIAN_POINT('',(-2.71877236170289,13.8560174325513,19.7025324871149));
#1497=CARTESIAN_POINT('',(-2.80346587770835,13.7015203460577,19.6807477653174));
#1498=CARTESIAN_POINT('',(-2.90920938661945,13.5571629837243,19.6904487535612));
#1499=CARTESIAN_POINT('',(-3.02899106276534,13.4325163102076,19.7309928290523));
#1500=CARTESIAN_POINT('',(-3.15489531983033,13.3337447755872,19.7981264862597));
#1501=CARTESIAN_POINT('',(-2.64134334549581,13.9999964284805,19.7672561003794));
#1502=CARTESIAN_POINT('',(-2.69889273295469,13.8433502685105,19.7191507564857));
#1503=CARTESIAN_POINT('',(-2.78062400307733,13.6867039731442,19.6999748409219));
#1504=CARTESIAN_POINT('',(-2.88294873586885,13.5399207649089,19.7127993880243));
#1505=CARTESIAN_POINT('',(-2.99906314871766,13.412760562181,19.7567716671952));
#1506=CARTESIAN_POINT('',(-3.12126401270135,13.3115578339299,19.8274054409554));
#1507=SURFACE_SIDE_STYLE('',(#4723));
#1508=EDGE_LOOP('',(#4724,#4725,#4726,#4727));
#1509=CARTESIAN_POINT('',(-2.64133976888566,13.9999998136858,19.7672542295234));
#1510=CARTESIAN_POINT('',(-2.69888892910407,13.8433542629834,19.7191489663318));
#1511=CARTESIAN_POINT('',(-2.78061970388715,13.6867087122812,19.6999729016102));
#1512=CARTESIAN_POINT('',(-2.88294370686009,13.5399262913014,19.7127970470546));
#1513=CARTESIAN_POINT('',(-2.99905724338111,13.412766809494,19.7567687037176));
#1514=CARTESIAN_POINT('',(-3.12125718536606,13.3115646644087,19.8274017078418));
#1515=CARTESIAN_POINT('',(-2.56497338353733,13.9046661751619,19.8310939626388));
#1516=CARTESIAN_POINT('',(-2.61623355995661,13.7495071638246,19.7979773603214));
#1517=CARTESIAN_POINT('',(-2.68668619945725,13.5943481524874,19.7936730451738));
#1518=CARTESIAN_POINT('',(-2.77344312326428,13.4480948365127,19.8200357879959));
#1519=CARTESIAN_POINT('',(-2.87135929416636,13.3195773312925,19.8753908393953));
#1520=CARTESIAN_POINT('',(-2.97460170557281,13.2148061939618,19.95508112398));
#1521=CARTESIAN_POINT('',(-2.49194906786115,13.845174463258,19.8760139429882));
#1522=CARTESIAN_POINT('',(-2.53495534862692,13.6907153300025,19.8534123597138));
#1523=CARTESIAN_POINT('',(-2.59380494360406,13.5362561967471,19.8593490787821));
#1524=CARTESIAN_POINT('',(-2.66621826933285,13.3901799554872,19.8950609245889));
#1525=CARTESIAN_POINT('',(-2.74812432122284,13.2608038619816,19.958495372038));
#1526=CARTESIAN_POINT('',(-2.83486187981589,13.1539070749452,20.0449211245612));
#1527=CARTESIAN_POINT('',(-2.42323150357463,13.8035775481097,19.9105354632356));
#1528=CARTESIAN_POINT('',(-2.45785272871105,13.6495243596933,19.8957156175224));
#1529=CARTESIAN_POINT('',(-2.50559081892942,13.495471171277,19.9093665138364));
#1530=CARTESIAN_POINT('',(-2.56467484873727,13.3494445139097,19.9522740333639));
#1531=CARTESIAN_POINT('',(-2.63191490673013,13.2194132131469,20.0220804735231));
#1532=CARTESIAN_POINT('',(-2.70360630568729,13.1110071281243,20.1139642065798));
#1533=CARTESIAN_POINT('',(-2.29427509968343,13.7512285523966,19.9613941463193));
#1534=CARTESIAN_POINT('',(-2.31211526246526,13.5974553235396,19.9575150836495));
#1535=CARTESIAN_POINT('',(-2.33864037912761,13.443682094683,19.9822094228227));
#1536=CARTESIAN_POINT('',(-2.37298769734669,13.2975318213057,20.0356910149302));
#1537=CARTESIAN_POINT('',(-2.41339684560995,13.1665774976368,20.1151836155725));
#1538=CARTESIAN_POINT('',(-2.45768787052083,13.0562686213452,20.2156814563292));
#1539=CARTESIAN_POINT('',(-2.1705158198568,13.7409353623143,19.9879937795286));
#1540=CARTESIAN_POINT('',(-2.17133489974872,13.5867510291299,19.9885781047649));
#1541=CARTESIAN_POINT('',(-2.17720270950477,13.4325666959455,20.0184013145691));
#1542=CARTESIAN_POINT('',(-2.18808195645332,13.2859960336702,20.0774608897158));
#1543=CARTESIAN_POINT('',(-2.20341058157265,13.1546032777728,20.1627081377941));
#1544=CARTESIAN_POINT('',(-2.22225450373788,13.0438396312271,20.2688808274428));
#1545=CARTESIAN_POINT('',(-2.11298742039761,13.743745322301,19.9960446410485));
#1546=CARTESIAN_POINT('',(-2.10583861249205,13.5892454769173,19.9975249986397));
#1547=CARTESIAN_POINT('',(-2.10208515462171,13.4347456315336,20.0286734018526));
#1548=CARTESIAN_POINT('',(-2.10207867195038,13.2879258088794,20.0894443036802));
#1549=CARTESIAN_POINT('',(-2.10580941742354,13.1564154635693,20.176681159273));
#1550=CARTESIAN_POINT('',(-2.11291124302529,13.0456992410567,20.2849825419006));
#1551=CARTESIAN_POINT('',(-2.05622936905105,13.7534208986842,20.000001021397));
#1552=CARTESIAN_POINT('',(-2.04126403403828,13.5984998255283,20.0012712561513));
#1553=CARTESIAN_POINT('',(-2.02803296817915,13.4435787523725,20.0327490029308));
#1554=CARTESIAN_POINT('',(-2.01728418928732,13.2964666171409,20.0943975218677));
#1555=CARTESIAN_POINT('',(-2.00957208269369,13.1649195633652,20.1829664541952));
#1556=CARTESIAN_POINT('',(-2.00510645068558,13.0544850728085,20.2928953008604));
#1557=CARTESIAN_POINT('',(-1.99998002648384,13.7697603406337,20.0000020725351));
#1558=CARTESIAN_POINT('',(-1.97739923741255,13.6143113564773,20.000002422327));
#1559=CARTESIAN_POINT('',(-1.95481783424099,13.458862372321,20.0308453410797));
#1560=CARTESIAN_POINT('',(-1.93339809603748,13.3114146672275,20.0925612920937));
#1561=CARTESIAN_POINT('',(-1.91429416976446,13.1799130778397,20.181824871636));
#1562=CARTESIAN_POINT('',(-1.89832492722657,13.0699940337763,20.2928973949008));
#1563=SURFACE_SIDE_STYLE('',(#4728));
#1564=EDGE_LOOP('',(#4729,#4730,#4731,#4732));
#1565=CARTESIAN_POINT('',(-3.29719645537965,-13.455460892113,19.6464472019321));
#1566=CARTESIAN_POINT('',(-3.15565034889541,-13.5408065088392,19.5972424943771));
#1567=CARTESIAN_POINT('',(-3.02036061920253,-13.6516836394066,19.5743246737388));
#1568=CARTESIAN_POINT('',(-2.90012287560991,-13.7828304331821,19.5807854338556));
#1569=CARTESIAN_POINT('',(-2.80281404195544,-13.9256553009091,19.6162015223127));
#1570=CARTESIAN_POINT('',(-2.73274521353293,-14.0711242304212,19.6767769799394));
#1571=CARTESIAN_POINT('',(-3.2602045745382,-13.4177540376855,19.6918749330919));
#1572=CARTESIAN_POINT('',(-3.12272295787478,-13.5072761987929,19.6373392797426));
#1573=CARTESIAN_POINT('',(-2.99146631149696,-13.6224165986695,19.6091672708704));
#1574=CARTESIAN_POINT('',(-2.87500369181044,-13.7576389161913,19.6107907991069));
#1575=CARTESIAN_POINT('',(-2.78098885931011,-13.9040582303429,19.6421022061439));
#1576=CARTESIAN_POINT('',(-2.71358114377523,-14.0524345316038,19.6994908422718));
#1577=CARTESIAN_POINT('',(-3.22459209139585,-13.3865484513685,19.7305939488738));
#1578=CARTESIAN_POINT('',(-3.09102296767842,-13.4795137881703,19.6714856227765));
#1579=CARTESIAN_POINT('',(-2.96364607072869,-13.5981836259443,19.6388170562401));
#1580=CARTESIAN_POINT('',(-2.85081127238348,-13.7367909326895,19.6363156149877));
#1581=CARTESIAN_POINT('',(-2.75995673187014,-13.8862008502757,19.6641450209383));
#1582=CARTESIAN_POINT('',(-2.69509578048018,-14.0369964237395,19.7188503652115));
#1583=CARTESIAN_POINT('',(-3.18918550005052,-13.3584123080276,19.7662116448037));
#1584=CARTESIAN_POINT('',(-3.05950874399288,-13.4544750615957,19.7028792602561));
#1585=CARTESIAN_POINT('',(-2.93598975364164,-13.5763288082176,19.6660627036562));
#1586=CARTESIAN_POINT('',(-2.82675870968204,-13.7179959948215,19.6597649639682));
#1587=CARTESIAN_POINT('',(-2.73903795487457,-13.870111742404,19.6844013701196));
#1588=CARTESIAN_POINT('',(-2.6766954630641,-14.0230955296955,19.7366592111853));
#1589=CARTESIAN_POINT('',(-3.15489567119089,-13.33374503419,19.79812615339));
#1590=CARTESIAN_POINT('',(-3.02899137562912,-13.4325165425996,19.7309925389185));
#1591=CARTESIAN_POINT('',(-2.90920966165448,-13.5571631875813,19.6904485040921));
#1592=CARTESIAN_POINT('',(-2.80346611735571,-13.7015205212126,19.6807475513889));
#1593=CARTESIAN_POINT('',(-2.71877257015388,-13.8560175815778,19.7025323011818));
#1594=CARTESIAN_POINT('',(-2.65885599455863,-14.0109266308134,19.7526164583911));
#1595=CARTESIAN_POINT('',(-3.1212639954358,-13.3115578684896,19.8274054095243));
#1596=CARTESIAN_POINT('',(-2.99906313352265,-13.4127605954398,19.7567716430547));
#1597=CARTESIAN_POINT('',(-2.88294872308042,-13.5399207951387,19.712799369608));
#1598=CARTESIAN_POINT('',(-2.780623992404,-13.686703999102,19.6999748259097));
#1599=CARTESIAN_POINT('',(-2.69889272350517,-13.8433502898972,19.7191507422745));
#1600=CARTESIAN_POINT('',(-2.64134333614465,-13.9999964458828,19.7672560846641));
#1601=SURFACE_SIDE_STYLE('',(#4733));
#1602=EDGE_LOOP('',(#4734,#4735,#4736,#4737));
#1603=CARTESIAN_POINT('',(-3.12126487740729,-13.3115697747141,19.827394975224));
#1604=CARTESIAN_POINT('',(-2.99906394036898,-13.412771734344,19.7567624526136));
#1605=CARTESIAN_POINT('',(-2.88294944928646,-13.5399311455141,19.7127913984689));
#1606=CARTESIAN_POINT('',(-2.78062463004692,-13.6867135938489,19.6999679669798));
#1607=CARTESIAN_POINT('',(-2.69889326396758,-13.8433592216024,19.7191448136825));
#1608=CARTESIAN_POINT('',(-2.64134377399002,-14.0000048493194,19.7672508632134));
#1609=CARTESIAN_POINT('',(-2.97460699380406,-13.2148083395212,19.9550778850349));
#1610=CARTESIAN_POINT('',(-2.87136396522449,-13.3195794007606,19.875387842453));
#1611=CARTESIAN_POINT('',(-2.773447194403,-13.448096875012,19.8200330808575));
#1612=CARTESIAN_POINT('',(-2.68668972974422,-13.5943501965364,19.7936706737726));
#1613=CARTESIAN_POINT('',(-2.6162366471108,-13.7495092318433,19.797975358484));
#1614=CARTESIAN_POINT('',(-2.56497614832703,-13.9046682671655,19.8310923431643));
#1615=CARTESIAN_POINT('',(-2.83486703299368,-13.1539090413939,20.044918124083));
#1616=CARTESIAN_POINT('',(-2.7481288709717,-13.2608057600451,19.95849260627));
#1617=CARTESIAN_POINT('',(-2.66622223283601,-13.390181824713,19.8950584357884));
#1618=CARTESIAN_POINT('',(-2.59380838013647,-13.536258070254,19.8593469045428));
#1619=CARTESIAN_POINT('',(-2.53495835573916,-13.6907172245582,19.8534105222666));
#1620=CARTESIAN_POINT('',(-2.49195176339409,-13.8451763788482,19.8760124427549));
#1621=CARTESIAN_POINT('',(-2.70360856266767,-13.1110075664315,20.1139633390694));
#1622=CARTESIAN_POINT('',(-2.63191691415554,-13.2194136415214,20.0220796885571));
#1623=CARTESIAN_POINT('',(-2.56467661244345,-13.3494449362983,19.9522733360012));
#1624=CARTESIAN_POINT('',(-2.5055923570415,-13.4954715907165,19.9093659065226));
#1625=CARTESIAN_POINT('',(-2.45785407095542,-13.6495247776385,19.895715099295));
#1626=CARTESIAN_POINT('',(-2.42323268763338,-13.8035779644355,19.9105350294789));
#1627=CARTESIAN_POINT('',(-2.45768905704201,-13.056268755784,20.2156811131674));
#1628=CARTESIAN_POINT('',(-2.41339790188015,-13.1665776225264,20.1151832987878));
#1629=CARTESIAN_POINT('',(-2.37298862472884,-13.2975319415929,20.0356907295597));
#1630=CARTESIAN_POINT('',(-2.33864118687184,-13.4436822145901,19.9822091734686));
#1631=CARTESIAN_POINT('',(-2.31211596728728,-13.5974554452707,19.9575148731075));
#1632=CARTESIAN_POINT('',(-2.2942757228156,-13.7512286760635,19.9613939747396));
#1633=CARTESIAN_POINT('',(-2.22225454167448,-13.0438395747287,20.2688808796573));
#1634=CARTESIAN_POINT('',(-2.20341061709225,-13.15460322752,20.1627081933122));
#1635=CARTESIAN_POINT('',(-2.18808199007788,-13.2859959854313,20.0774609445261));
#1636=CARTESIAN_POINT('',(-2.1772027405429,-13.4325666461208,20.0184013638588));
#1637=CARTESIAN_POINT('',(-2.17133492644546,-13.5867509758389,19.9885781440494));
#1638=CARTESIAN_POINT('',(-2.170515840276,-13.7409353054559,19.987993805635));
#1639=CARTESIAN_POINT('',(-2.11291131252265,-13.0456992481859,20.2849825220998));
#1640=CARTESIAN_POINT('',(-2.10580947638277,-13.1564154736887,20.1766811462956));
#1641=CARTESIAN_POINT('',(-2.10207872191394,-13.2879258198822,20.089444295736));
#1642=CARTESIAN_POINT('',(-2.10208519763548,-13.4347456416846,20.0286733962916));
#1643=CARTESIAN_POINT('',(-2.10583865097763,-13.5892454852809,19.997524992369));
#1644=CARTESIAN_POINT('',(-2.11298745691812,-13.743745328766,19.9960446311484));
#1645=CARTESIAN_POINT('',(-2.00510648747001,-13.0544850863291,20.2928952790826));
#1646=CARTESIAN_POINT('',(-2.00957211119362,-13.1649195796352,20.182966438858));
#1647=CARTESIAN_POINT('',(-2.01728421154225,-13.2964666342637,20.0943975114271));
#1648=CARTESIAN_POINT('',(-2.02803298668605,-13.4435787687704,20.0327489950475));
#1649=CARTESIAN_POINT('',(-2.0412640515612,-13.5984998403359,20.0012712480699));
#1650=CARTESIAN_POINT('',(-2.05622938833919,-13.7534209117751,20.0000010105084));
#1651=CARTESIAN_POINT('',(-1.89832492756817,-13.069994053693,20.2928973718118));
#1652=CARTESIAN_POINT('',(-1.91429416538334,-13.1799130996966,20.1818248536985));
#1653=CARTESIAN_POINT('',(-1.93339808909296,-13.3114146897214,20.0925612783286));
#1654=CARTESIAN_POINT('',(-1.95481782718233,-13.4588623943547,20.0308453299253));
#1655=CARTESIAN_POINT('',(-1.97739923276098,-13.6143113774322,20.0000024118925));
#1656=CARTESIAN_POINT('',(-1.99998002657772,-13.7697603603911,20.0000020609907));
#1657=SURFACE_SIDE_STYLE('',(#4738));
#1658=EDGE_LOOP('',(#4739,#4740,#4741,#4742));
#1659=AXIS2_PLACEMENT_3D('',#4743,#4744,#4745);
#1660=SURFACE_SIDE_STYLE('',(#4746));
#1661=EDGE_LOOP('',(#4747,#4748,#4749,#4750));
#1662=CARTESIAN_POINT('',(-2.7327445623208,14.0711245842902,19.6767766612868));
#1663=CARTESIAN_POINT('',(-2.80281329606027,13.9256557005491,19.6162011577207));
#1664=CARTESIAN_POINT('',(-2.90012201040765,13.7828308908037,19.5807850122938));
#1665=CARTESIAN_POINT('',(-3.02035961545542,13.6516841653604,19.5743241874207));
#1666=CARTESIAN_POINT('',(-3.15564919556271,13.5408071099591,19.5972419398066));
#1667=CARTESIAN_POINT('',(-3.29719514992762,13.4554615709615,19.6464465794915));
#1668=CARTESIAN_POINT('',(-2.79353556984005,14.1304081206682,19.6047282490061));
#1669=CARTESIAN_POINT('',(-2.86108879664947,13.9698838507324,19.5484585527463));
#1670=CARTESIAN_POINT('',(-2.96135317019298,13.8145192397037,19.5176357573618));
#1671=CARTESIAN_POINT('',(-3.08967554432457,13.6753558394571,19.5162419621309));
#1672=CARTESIAN_POINT('',(-3.23667438169313,13.5625738581727,19.5444208715353));
#1673=CARTESIAN_POINT('',(-3.39167468244787,13.4817632226452,19.598414322904));
#1674=CARTESIAN_POINT('',(-2.85173323196149,14.1849544342716,19.5130807527208));
#1675=CARTESIAN_POINT('',(-2.91492720421361,14.0082215263331,19.465738326008));
#1676=CARTESIAN_POINT('',(-3.01700691331497,13.8396502811279,19.4427359355521));
#1677=CARTESIAN_POINT('',(-3.15312236982399,13.6926869351651,19.4478947613627));
#1678=CARTESIAN_POINT('',(-3.31218950171555,13.5793065988389,19.480881745211));
#1679=CARTESIAN_POINT('',(-3.48131783521627,13.5052270160628,19.5373160606482));
#1680=CARTESIAN_POINT('',(-2.90169406458712,14.2260245781614,19.4015401475444));
#1681=CARTESIAN_POINT('',(-2.95901658071822,14.0336617767682,19.3697747366643));
#1682=CARTESIAN_POINT('',(-3.06164258402723,13.8525858873158,19.3590517570423));
#1683=CARTESIAN_POINT('',(-3.20478617067844,13.698951870582,19.3723415685362));
#1684=CARTESIAN_POINT('',(-3.37556606187386,13.5866071110505,19.4085504300214));
#1685=CARTESIAN_POINT('',(-3.5586184788251,13.5210488881679,19.4629551452804));
#1686=CARTESIAN_POINT('',(-2.93858834983066,14.2451610420424,19.2761344150925));
#1687=CARTESIAN_POINT('',(-2.9906771350166,14.0418890900776,19.2670617867497));
#1688=CARTESIAN_POINT('',(-3.0936256140855,13.8519331449708,19.2733297492594));
#1689=CARTESIAN_POINT('',(-3.24283726896059,13.6937655224728,19.2959315744656));
#1690=CARTESIAN_POINT('',(-3.42376043134217,13.5828285545975,19.3327111129186));
#1691=CARTESIAN_POINT('',(-3.61869825301722,13.5243006118125,19.3793517559373));
#1692=CARTESIAN_POINT('',(-2.95980894349863,14.239416337315,19.1464466094067));
#1693=CARTESIAN_POINT('',(-3.00886145650394,14.0322441126938,19.1636499747752));
#1694=CARTESIAN_POINT('',(-3.11264999649057,13.8387253335712,19.1892049038776));
#1695=CARTESIAN_POINT('',(-3.26666611460659,13.678681298553,19.221495674496));
#1696=CARTESIAN_POINT('',(-3.45503713314772,13.5686059137151,19.2571944466548));
#1697=CARTESIAN_POINT('',(-3.65831002786411,13.5135771629879,19.2928932188135));
#1698=SURFACE_SIDE_STYLE('',(#4751));
#1699=EDGE_LOOP('',(#4752,#4753,#4754,#4755));
#1700=CARTESIAN_POINT('',(-3.29719512948332,-13.4554615635488,19.6464465677641));
#1701=CARTESIAN_POINT('',(-3.15564917390981,-13.5408070986206,19.5972419208466));
#1702=CARTESIAN_POINT('',(-3.02035959276936,-13.6516841522099,19.5743241637857));
#1703=CARTESIAN_POINT('',(-2.9001219882894,-13.7828308773994,19.5807849874726));
#1704=CARTESIAN_POINT('',(-2.80281327733746,-13.9256556870878,19.6162011352131));
#1705=CARTESIAN_POINT('',(-2.73274455007067,-14.0711245696565,19.6767766436954));
#1706=CARTESIAN_POINT('',(-3.39167554380925,-13.4817634672987,19.5984139600254));
#1707=CARTESIAN_POINT('',(-3.23667512732459,-13.5625740706941,19.5444204806865));
#1708=CARTESIAN_POINT('',(-3.0896761892404,-13.6753560718676,19.5162415360388));
#1709=CARTESIAN_POINT('',(-2.96135374322703,-13.8145195423478,19.5176352928624));
#1710=CARTESIAN_POINT('',(-2.86108933750709,-13.9698842626393,19.5484580489352));
#1711=CARTESIAN_POINT('',(-2.79353612060216,-14.1304086657745,19.6047277046888));
#1712=CARTESIAN_POINT('',(-3.4813135869376,-13.5052258269887,19.5373180868973));
#1713=CARTESIAN_POINT('',(-3.3121858764849,-13.579305616133,19.4808840925135));
#1714=CARTESIAN_POINT('',(-3.15311929007364,-13.6926858590817,19.4478973950493));
#1715=CARTESIAN_POINT('',(-3.01700420763596,-13.8396488349012,19.4427387811894));
#1716=CARTESIAN_POINT('',(-2.91492462286054,-14.0082195162304,19.4657412991395));
#1717=CARTESIAN_POINT('',(-2.85173050554032,-14.1849517638264,19.5130837920956));
#1718=CARTESIAN_POINT('',(-3.55861944803854,-13.5210489406242,19.4629537965793));
#1719=CARTESIAN_POINT('',(-3.37556682155299,-13.5866069891243,19.408549220165));
#1720=CARTESIAN_POINT('',(-3.20478674603658,-13.6989516990741,19.3723403549109));
#1721=CARTESIAN_POINT('',(-3.06164305183854,-13.8525857988692,19.3590503911989));
#1722=CARTESIAN_POINT('',(-2.95901705638044,-14.0336618664965,19.3697730896861));
#1723=CARTESIAN_POINT('',(-2.90169465976953,-14.2260248868717,19.4015381244825));
#1724=CARTESIAN_POINT('',(-3.61869857252841,-13.5243005253164,19.3793510585571));
#1725=CARTESIAN_POINT('',(-3.4237606836221,-13.5828284398767,19.3327105037961));
#1726=CARTESIAN_POINT('',(-3.24283746116433,-13.6937654007957,19.2959309740708));
#1727=CARTESIAN_POINT('',(-3.09362576753211,-13.8519330384324,19.2733290707096));
#1728=CARTESIAN_POINT('',(-2.99067728169254,-14.0418890122807,19.2670609526234));
#1729=CARTESIAN_POINT('',(-2.93858852099736,-14.2451609957052,19.2761333690221));
#1730=CARTESIAN_POINT('',(-3.65831002786412,-13.5135771629879,19.2928932188135));
#1731=CARTESIAN_POINT('',(-3.45503713314771,-13.568605913715,19.2571944466547));
#1732=CARTESIAN_POINT('',(-3.26666611460661,-13.6786812985531,19.2214956744961));
#1733=CARTESIAN_POINT('',(-3.11264999649055,-13.8387253335711,19.1892049038774));
#1734=CARTESIAN_POINT('',(-3.00886145650395,-14.0322441126938,19.1636499747753));
#1735=CARTESIAN_POINT('',(-2.95980894349863,-14.239416337315,19.1464466094067));
#1736=SURFACE_SIDE_STYLE('',(#4756));
#1737=EDGE_LOOP('',(#4757,#4758,#4759,#4760));
#1738=AXIS2_PLACEMENT_3D('',#4761,#4762,#4763);
#1739=SURFACE_SIDE_STYLE('',(#4764));
#1740=EDGE_LOOP('',(#4765,#4766,#4767,#4768,#4769,#4770,#4771,#4772));
#1741=AXIS2_PLACEMENT_3D('',#4773,#4774,#4775);
#1742=SURFACE_SIDE_STYLE('',(#4776));
#1743=EDGE_LOOP('',(#4777,#4778,#4779,#4780,#4781));
#1744=AXIS2_PLACEMENT_3D('',#4782,#4783,#4784);
#1745=SURFACE_SIDE_STYLE('',(#4785));
#1746=EDGE_LOOP('',(#4786,#4787,#4788,#4789,#4790,#4791));
#1747=AXIS2_PLACEMENT_3D('',#4792,#4793,#4794);
#1748=SURFACE_SIDE_STYLE('',(#4795));
#1749=EDGE_LOOP('',(#4796,#4797,#4798,#4799,#4800));
#1750=AXIS2_PLACEMENT_3D('',#4801,#4802,#4803);
#1751=SURFACE_SIDE_STYLE('',(#4804));
#1752=EDGE_LOOP('',(#4805,#4806,#4807,#4808,#4809,#4810));
#1753=AXIS2_PLACEMENT_3D('',#4811,#4812,#4813);
#1754=SURFACE_SIDE_STYLE('',(#4814));
#1755=EDGE_LOOP('',(#4815,#4816,#4817,#4818,#4819));
#1756=AXIS2_PLACEMENT_3D('',#4820,#4821,#4822);
#1757=SURFACE_SIDE_STYLE('',(#4823));
#1758=EDGE_LOOP('',(#4824,#4825,#4826,#4827));
#1759=CARTESIAN_POINT('',(2.64133976888569,13.9999998136857,19.7672542295234));
#1760=CARTESIAN_POINT('',(2.6988889291041,13.8433542629834,19.7191489663318));
#1761=CARTESIAN_POINT('',(2.7806197038872,13.6867087122812,19.6999729016102));
#1762=CARTESIAN_POINT('',(2.88294370686013,13.5399262913014,19.7127970470546));
#1763=CARTESIAN_POINT('',(2.99905724338116,13.412766809494,19.7567687037176));
#1764=CARTESIAN_POINT('',(3.12125718536612,13.3115646644087,19.8274017078418));
#1765=CARTESIAN_POINT('',(2.56497338353766,13.9046661751623,19.8310939626386));
#1766=CARTESIAN_POINT('',(2.61623355995696,13.749507163825,19.797977360321));
#1767=CARTESIAN_POINT('',(2.68668619945766,13.5943481524877,19.7936730451733));
#1768=CARTESIAN_POINT('',(2.77344312326475,13.448094836513,19.8200357879954));
#1769=CARTESIAN_POINT('',(2.87135929416692,13.3195773312928,19.8753908393947));
#1770=CARTESIAN_POINT('',(2.97460170557345,13.2148061939622,19.9550811239795));
#1771=CARTESIAN_POINT('',(2.49194906786138,13.845174463258,19.8760139429881));
#1772=CARTESIAN_POINT('',(2.53495534862719,13.6907153300025,19.8534123597137));
#1773=CARTESIAN_POINT('',(2.59380494360434,13.5362561967472,19.8593490787823));
#1774=CARTESIAN_POINT('',(2.66621826933322,13.3901799554872,19.8950609245886));
#1775=CARTESIAN_POINT('',(2.74812432122323,13.2608038619817,19.9584953720381));
#1776=CARTESIAN_POINT('',(2.83486187981633,13.1539070749452,20.0449211245611));
#1777=CARTESIAN_POINT('',(2.42323150357459,13.8035775481091,19.9105354632356));
#1778=CARTESIAN_POINT('',(2.45785272871098,13.6495243596928,19.8957156175226));
#1779=CARTESIAN_POINT('',(2.50559081892938,13.4954711712767,19.9093665138361));
#1780=CARTESIAN_POINT('',(2.56467484873717,13.3494445139093,19.9522740333642));
#1781=CARTESIAN_POINT('',(2.63191490673005,13.2194132131466,20.0220804735231));
#1782=CARTESIAN_POINT('',(2.70360630568722,13.1110071281241,20.11396420658));
#1783=CARTESIAN_POINT('',(2.29427509968273,13.7512285523967,19.9613941463195));
#1784=CARTESIAN_POINT('',(2.3121152624645,13.5974553235399,19.9575150836497));
#1785=CARTESIAN_POINT('',(2.33864037912668,13.4436820946829,19.9822094228234));
#1786=CARTESIAN_POINT('',(2.37298769734571,13.2975318213058,20.0356910149303));
#1787=CARTESIAN_POINT('',(2.41339684560878,13.1665774976367,20.1151836155731));
#1788=CARTESIAN_POINT('',(2.4576878705195,13.056268621345,20.2156814563295));
#1789=CARTESIAN_POINT('',(2.1705158198555,13.7409353623138,19.987993779529));
#1790=CARTESIAN_POINT('',(2.17133489974723,13.5867510291294,19.9885781047654));
#1791=CARTESIAN_POINT('',(2.17720270950309,13.4325666959451,20.0184013145693));
#1792=CARTESIAN_POINT('',(2.18808195645136,13.2859960336697,20.0774608897166));
#1793=CARTESIAN_POINT('',(2.20341058157046,13.1546032777725,20.1627081377947));
#1794=CARTESIAN_POINT('',(2.22225450373543,13.0438396312268,20.2688808274436));
#1795=CARTESIAN_POINT('',(2.11298742039642,13.7437453223005,19.9960446410488));
#1796=CARTESIAN_POINT('',(2.10583861249069,13.5892454769168,19.9975249986399));
#1797=CARTESIAN_POINT('',(2.10208515462012,13.4347456315331,20.0286734018531));
#1798=CARTESIAN_POINT('',(2.10207867194861,13.287925808879,20.0894443036804));
#1799=CARTESIAN_POINT('',(2.10580941742151,13.1564154635689,20.1766811592735));
#1800=CARTESIAN_POINT('',(2.11291124302302,13.0456992410564,20.2849825419012));
#1801=CARTESIAN_POINT('',(2.05622936905042,13.7534208986836,20.0000010213974));
#1802=CARTESIAN_POINT('',(2.04126403403757,13.5984998255277,20.0012712561517));
#1803=CARTESIAN_POINT('',(2.02803296817834,13.4435787523719,20.0327490029312));
#1804=CARTESIAN_POINT('',(2.01728418928639,13.2964666171404,20.0943975218681));
#1805=CARTESIAN_POINT('',(2.00957208269263,13.1649195633647,20.1829664541958));
#1806=CARTESIAN_POINT('',(2.00510645068438,13.0544850728081,20.2928953008611));
#1807=CARTESIAN_POINT('',(1.99998002648384,13.7697603406329,20.0000020725354));
#1808=CARTESIAN_POINT('',(1.97739923741255,13.6143113564766,20.0000024223274));
#1809=CARTESIAN_POINT('',(1.954817834241,13.4588623723203,20.0308453410801));
#1810=CARTESIAN_POINT('',(1.93339809603748,13.3114146672269,20.0925612920942));
#1811=CARTESIAN_POINT('',(1.91429416976446,13.1799130778391,20.1818248716366));
#1812=CARTESIAN_POINT('',(1.89832492722657,13.0699940337758,20.2928973949014));
#1813=SURFACE_SIDE_STYLE('',(#4828));
#1814=EDGE_LOOP('',(#4829,#4830,#4831,#4832));
#1815=CARTESIAN_POINT('',(2.73274443793445,14.0711234436972,19.676777929108));
#1816=CARTESIAN_POINT('',(2.80281315682455,13.925654390117,19.6162026009054));
#1817=CARTESIAN_POINT('',(2.90012185655011,13.7828293696556,19.5807866818344));
#1818=CARTESIAN_POINT('',(3.02035944775595,13.6516824038864,19.574326123827));
#1819=CARTESIAN_POINT('',(3.15564901499561,13.5408050950702,19.5972441661437));
#1820=CARTESIAN_POINT('',(3.29719495744426,13.4554593055675,19.64644910027));
#1821=CARTESIAN_POINT('',(2.71358077258136,14.0524342025191,19.6994912499577));
#1822=CARTESIAN_POINT('',(2.78098843492432,13.9040578475364,19.6421026652025));
#1823=CARTESIAN_POINT('',(2.87500320335517,13.7576384677092,19.610791328608));
#1824=CARTESIAN_POINT('',(2.99146575077456,13.622416077325,19.6091678872489));
#1825=CARTESIAN_POINT('',(3.12272232023276,13.5072756036453,19.6373399937074));
#1826=CARTESIAN_POINT('',(3.26020385889076,13.4177533729919,19.6918757484636));
#1827=CARTESIAN_POINT('',(2.69509608312631,14.0369967349101,19.7188499905513));
#1828=CARTESIAN_POINT('',(2.75995707717163,13.886201210091,19.6641445933362));
#1829=CARTESIAN_POINT('',(2.8508116699965,13.7367913523781,19.636315119553));
#1830=CARTESIAN_POINT('',(2.96364652795397,13.5981841133402,19.6388164811112));
#1831=CARTESIAN_POINT('',(3.09102348839304,13.4795143462997,19.6714849611993));
#1832=CARTESIAN_POINT('',(3.2245926760425,13.3865490788097,19.7305931995521));
#1833=CARTESIAN_POINT('',(2.67669517709228,14.0230953376248,19.7366594638603));
#1834=CARTESIAN_POINT('',(2.739037629724,13.8701115195702,19.684401656688));
#1835=CARTESIAN_POINT('',(2.82675833594005,13.7179957341085,19.659765295373));
#1836=CARTESIAN_POINT('',(2.93598932411453,13.576328504945,19.6660630889263));
#1837=CARTESIAN_POINT('',(3.05950825474693,13.4544747144283,19.702879704851));
#1838=CARTESIAN_POINT('',(3.18918495047153,13.3584119186026,19.7662121501539));
#1839=CARTESIAN_POINT('',(2.65885581180606,14.0109265031937,19.7526166248259));
#1840=CARTESIAN_POINT('',(2.71877236170279,13.8560174325512,19.7025324871151));
#1841=CARTESIAN_POINT('',(2.80346587770822,13.7015203460576,19.6807477653174));
#1842=CARTESIAN_POINT('',(2.90920938661931,13.5571629837242,19.6904487535614));
#1843=CARTESIAN_POINT('',(3.02899106276518,13.4325163102075,19.7309928290524));
#1844=CARTESIAN_POINT('',(3.15489531983015,13.3337447755871,19.7981264862599));
#1845=CARTESIAN_POINT('',(2.64134334549579,13.9999964284804,19.7672561003795));
#1846=CARTESIAN_POINT('',(2.69889273295468,13.8433502685105,19.7191507564857));
#1847=CARTESIAN_POINT('',(2.78062400307731,13.6867039731442,19.6999748409219));
#1848=CARTESIAN_POINT('',(2.88294873586884,13.5399207649089,19.7127993880243));
#1849=CARTESIAN_POINT('',(2.99906314871764,13.412760562181,19.7567716671952));
#1850=CARTESIAN_POINT('',(3.12126401270133,13.3115578339298,19.8274054409555));
#1851=SURFACE_SIDE_STYLE('',(#4833));
#1852=EDGE_LOOP('',(#4834,#4835,#4836,#4837));
#1853=CARTESIAN_POINT('',(3.12126487740733,-13.3115697747141,19.827394975224));
#1854=CARTESIAN_POINT('',(2.99906394036902,-13.412771734344,19.7567624526136));
#1855=CARTESIAN_POINT('',(2.88294944928651,-13.5399311455141,19.7127913984689));
#1856=CARTESIAN_POINT('',(2.78062463004696,-13.6867135938488,19.6999679669797));
#1857=CARTESIAN_POINT('',(2.69889326396763,-13.8433592216025,19.7191448136825));
#1858=CARTESIAN_POINT('',(2.64134377399008,-14.0000048493195,19.7672508632133));
#1859=CARTESIAN_POINT('',(2.97460699380415,-13.2148083395213,19.9550778850348));
#1860=CARTESIAN_POINT('',(2.87136396522456,-13.3195794007607,19.8753878424528));
#1861=CARTESIAN_POINT('',(2.77344719440308,-13.4480968750122,19.8200330808574));
#1862=CARTESIAN_POINT('',(2.68668972974428,-13.5943501965365,19.7936706737725));
#1863=CARTESIAN_POINT('',(2.61623664711087,-13.7495092318434,19.7979753584839));
#1864=CARTESIAN_POINT('',(2.5649761483271,-13.9046682671656,19.8310923431642));
#1865=CARTESIAN_POINT('',(2.83486703298981,-13.1539090413922,20.0449181240854));
#1866=CARTESIAN_POINT('',(2.74812887096829,-13.2608057600435,19.9584926062723));
#1867=CARTESIAN_POINT('',(2.66622223283301,-13.3901818247113,19.8950584357904));
#1868=CARTESIAN_POINT('',(2.59380838013387,-13.5362580702525,19.8593469045448));
#1869=CARTESIAN_POINT('',(2.53495835573685,-13.6907172245566,19.853410522268));
#1870=CARTESIAN_POINT('',(2.491951763392,-13.8451763788466,19.8760124427562));
#1871=CARTESIAN_POINT('',(2.70360856266939,-13.1110075664321,20.1139633390685));
#1872=CARTESIAN_POINT('',(2.63191691415715,-13.2194136415219,20.0220796885562));
#1873=CARTESIAN_POINT('',(2.56467661244496,-13.349444936299,19.9522733360003));
#1874=CARTESIAN_POINT('',(2.50559235704293,-13.495471590717,19.9093659065218));
#1875=CARTESIAN_POINT('',(2.45785407095681,-13.6495247776391,19.8957150992943));
#1876=CARTESIAN_POINT('',(2.42323268763474,-13.803577964436,19.9105350294783));
#1877=CARTESIAN_POINT('',(2.45768905704315,-13.0562687557839,20.2156811131673));
#1878=CARTESIAN_POINT('',(2.41339790188108,-13.1665776225263,20.1151832987878));
#1879=CARTESIAN_POINT('',(2.37298862472956,-13.2975319415927,20.0356907295597));
#1880=CARTESIAN_POINT('',(2.33864118687235,-13.4436822145901,19.9822091734686));
#1881=CARTESIAN_POINT('',(2.31211596728763,-13.5974554452706,19.9575148731075));
#1882=CARTESIAN_POINT('',(2.29427572281578,-13.7512286760634,19.9613939747397));
#1883=CARTESIAN_POINT('',(2.22225454167417,-13.0438395747288,20.2688808796572));
#1884=CARTESIAN_POINT('',(2.20341061709204,-13.1546032275201,20.162708193312));
#1885=CARTESIAN_POINT('',(2.18808199007779,-13.2859959854315,20.077460944526));
#1886=CARTESIAN_POINT('',(2.17720274054292,-13.4325666461208,20.0184013638588));
#1887=CARTESIAN_POINT('',(2.17133492644557,-13.586750975839,19.9885781440493));
#1888=CARTESIAN_POINT('',(2.1705158402762,-13.740935305456,19.9879938056349));
#1889=CARTESIAN_POINT('',(2.11291131252219,-13.045699248186,20.2849825220998));
#1890=CARTESIAN_POINT('',(2.10580947638247,-13.1564154736887,20.1766811462956));
#1891=CARTESIAN_POINT('',(2.10207872191379,-13.2879258198821,20.089444295736));
#1892=CARTESIAN_POINT('',(2.10208519763546,-13.4347456416846,20.0286733962914));
#1893=CARTESIAN_POINT('',(2.10583865097774,-13.5892454852808,19.9975249923688));
#1894=CARTESIAN_POINT('',(2.11298745691833,-13.7437453287659,19.9960446311483));
#1895=CARTESIAN_POINT('',(2.00510648746935,-13.0544850863292,20.2928952790826));
#1896=CARTESIAN_POINT('',(2.00957211119315,-13.1649195796352,20.182966438858));
#1897=CARTESIAN_POINT('',(2.01728421154195,-13.2964666342638,20.0943975114271));
#1898=CARTESIAN_POINT('',(2.02803298668592,-13.4435787687703,20.0327489950475));
#1899=CARTESIAN_POINT('',(2.04126405156122,-13.5984998403358,20.0012712480698));
#1900=CARTESIAN_POINT('',(2.05622938833933,-13.7534209117751,20.0000010105083));
#1901=CARTESIAN_POINT('',(1.89832492756735,-13.0699940536931,20.2928973718118));
#1902=CARTESIAN_POINT('',(1.9142941653827,-13.1799130996967,20.1818248536985));
#1903=CARTESIAN_POINT('',(1.93339808909252,-13.3114146897215,20.0925612783285));
#1904=CARTESIAN_POINT('',(1.95481782718205,-13.4588623943548,20.0308453299252));
#1905=CARTESIAN_POINT('',(1.97739923276086,-13.6143113774323,20.0000024118923));
#1906=CARTESIAN_POINT('',(1.99998002657771,-13.7697603603912,20.0000020609906));
#1907=SURFACE_SIDE_STYLE('',(#4838));
#1908=EDGE_LOOP('',(#4839,#4840,#4841,#4842));
#1909=CARTESIAN_POINT('',(3.29719645537969,-13.455460892113,19.6464472019321));
#1910=CARTESIAN_POINT('',(3.15565034889545,-13.5408065088392,19.5972424943771));
#1911=CARTESIAN_POINT('',(3.02036061920255,-13.6516836394066,19.5743246737388));
#1912=CARTESIAN_POINT('',(2.90012287560995,-13.7828304331821,19.5807854338556));
#1913=CARTESIAN_POINT('',(2.80281404195547,-13.9256553009091,19.6162015223127));
#1914=CARTESIAN_POINT('',(2.73274521353296,-14.0711242304212,19.6767769799394));
#1915=CARTESIAN_POINT('',(3.26020457453889,-13.4177540376861,19.6918749330912));
#1916=CARTESIAN_POINT('',(3.12272295787539,-13.5072761987934,19.637339279742));
#1917=CARTESIAN_POINT('',(2.9914663114975,-13.62241659867,19.6091672708698));
#1918=CARTESIAN_POINT('',(2.87500369181092,-13.7576389161918,19.6107907991064));
#1919=CARTESIAN_POINT('',(2.78098885931054,-13.9040582303433,19.6421022061435));
#1920=CARTESIAN_POINT('',(2.7135811437756,-14.052434531604,19.6994908422715));
#1921=CARTESIAN_POINT('',(3.22459209139806,-13.3865484513705,19.7305939488712));
#1922=CARTESIAN_POINT('',(3.09102296768038,-13.4795137881722,19.6714856227743));
#1923=CARTESIAN_POINT('',(2.9636460707304,-13.5981836259459,19.6388170562382));
#1924=CARTESIAN_POINT('',(2.85081127238307,-13.7367909326908,19.6363156149823));
#1925=CARTESIAN_POINT('',(2.75995673187145,-13.8862008502769,19.6641450209368));
#1926=CARTESIAN_POINT('',(2.69509578048134,-14.0369964237405,19.7188503652103));
#1927=CARTESIAN_POINT('',(3.18918550005046,-13.3584123080276,19.7662116448038));
#1928=CARTESIAN_POINT('',(3.05950874399284,-13.4544750615957,19.7028792602561));
#1929=CARTESIAN_POINT('',(2.93598975364064,-13.5763288082176,19.6660627036561));
#1930=CARTESIAN_POINT('',(2.82675870968248,-13.7179959948234,19.6597649639662));
#1931=CARTESIAN_POINT('',(2.73903795487454,-13.870111742404,19.6844013701196));
#1932=CARTESIAN_POINT('',(2.67669546306408,-14.0230955296955,19.7366592111852));
#1933=CARTESIAN_POINT('',(3.15489567119073,-13.33374503419,19.7981261533901));
#1934=CARTESIAN_POINT('',(3.02899137562898,-13.4325165425995,19.7309925389186));
#1935=CARTESIAN_POINT('',(2.90920966165436,-13.5571631875813,19.6904485040922));
#1936=CARTESIAN_POINT('',(2.80346611735562,-13.7015205212125,19.680747551389));
#1937=CARTESIAN_POINT('',(2.7187725701538,-13.8560175815778,19.7025323011819));
#1938=CARTESIAN_POINT('',(2.65885599455857,-14.0109266308134,19.7526164583912));
#1939=CARTESIAN_POINT('',(3.12126399543578,-13.3115578684897,19.8274054095243));
#1940=CARTESIAN_POINT('',(2.99906313352265,-13.4127605954398,19.7567716430547));
#1941=CARTESIAN_POINT('',(2.88294872308042,-13.5399207951387,19.712799369608));
#1942=CARTESIAN_POINT('',(2.78062399240402,-13.686703999102,19.6999748259097));
#1943=CARTESIAN_POINT('',(2.69889272350519,-13.8433502898972,19.7191507422745));
#1944=CARTESIAN_POINT('',(2.64134333614468,-13.9999964458827,19.7672560846641));
#1945=SURFACE_SIDE_STYLE('',(#4843));
#1946=EDGE_LOOP('',(#4844,#4845,#4846,#4847,#4848,#4849));
#1947=AXIS2_PLACEMENT_3D('',#4850,#4851,#4852);
#1948=SURFACE_SIDE_STYLE('',(#4853));
#1949=EDGE_LOOP('',(#4854,#4855,#4856,#4857));
#1950=CARTESIAN_POINT('',(2.7327445623208,14.0711245842902,19.6767766612868));
#1951=CARTESIAN_POINT('',(2.80281329606027,13.9256557005491,19.6162011577207));
#1952=CARTESIAN_POINT('',(2.90012201040766,13.7828308908037,19.5807850122938));
#1953=CARTESIAN_POINT('',(3.02035961545542,13.6516841653604,19.5743241874206));
#1954=CARTESIAN_POINT('',(3.15564919556272,13.5408071099591,19.5972419398066));
#1955=CARTESIAN_POINT('',(3.29719514992763,13.4554615709615,19.6464465794915));
#1956=CARTESIAN_POINT('',(2.79353556984005,14.1304081206682,19.6047282490061));
#1957=CARTESIAN_POINT('',(2.86108879664947,13.9698838507325,19.5484585527464));
#1958=CARTESIAN_POINT('',(2.96135317019297,13.8145192397037,19.5176357573618));
#1959=CARTESIAN_POINT('',(3.08967554432458,13.6753558394571,19.5162419621309));
#1960=CARTESIAN_POINT('',(3.23667438169312,13.5625738581727,19.5444208715353));
#1961=CARTESIAN_POINT('',(3.39167468244786,13.4817632226452,19.5984143229041));
#1962=CARTESIAN_POINT('',(2.85173323196158,14.1849544342716,19.5130807527207));
#1963=CARTESIAN_POINT('',(2.9149272042137,14.0082215263332,19.465738326008));
#1964=CARTESIAN_POINT('',(3.01700691330132,13.8396502811279,19.4427359355154));
#1965=CARTESIAN_POINT('',(3.15312236982407,13.6926869351423,19.4478947613992));
#1966=CARTESIAN_POINT('',(3.31218950171563,13.5793065988389,19.4808817452109));
#1967=CARTESIAN_POINT('',(3.48131783521636,13.5052270160628,19.5373160606481));
#1968=CARTESIAN_POINT('',(2.90169406458707,14.2260245781614,19.4015401475446));
#1969=CARTESIAN_POINT('',(2.95901658071819,14.0336617767682,19.3697747366644));
#1970=CARTESIAN_POINT('',(3.06164258406374,13.8525858873158,19.3590517570332));
#1971=CARTESIAN_POINT('',(3.20478617075153,13.6989518705821,19.3723415685728));
#1972=CARTESIAN_POINT('',(3.3755660618738,13.5866071110505,19.4085504300215));
#1973=CARTESIAN_POINT('',(3.55861847882502,13.5210488881679,19.4629551452804));
#1974=CARTESIAN_POINT('',(2.93858834983065,14.2451610420424,19.2761344150926));
#1975=CARTESIAN_POINT('',(2.99067713501659,14.0418890900777,19.2670617867498));
#1976=CARTESIAN_POINT('',(3.09362561408549,13.8519331449708,19.2733297492594));
#1977=CARTESIAN_POINT('',(3.24283726896059,13.6937655224728,19.2959315744657));
#1978=CARTESIAN_POINT('',(3.42376043134216,13.5828285545975,19.3327111129186));
#1979=CARTESIAN_POINT('',(3.61869825301721,13.5243006118125,19.3793517559373));
#1980=CARTESIAN_POINT('',(2.95980894349863,14.239416337315,19.1464466094067));
#1981=CARTESIAN_POINT('',(3.00886145650394,14.0322441126938,19.1636499747752));
#1982=CARTESIAN_POINT('',(3.11264999649057,13.8387253335712,19.1892049038776));
#1983=CARTESIAN_POINT('',(3.26666611460659,13.678681298553,19.221495674496));
#1984=CARTESIAN_POINT('',(3.45503713314772,13.5686059137151,19.2571944466548));
#1985=CARTESIAN_POINT('',(3.65831002786412,13.5135771629879,19.2928932188135));
#1986=SURFACE_SIDE_STYLE('',(#4858));
#1987=EDGE_LOOP('',(#4859,#4860,#4861,#4862));
#1988=CARTESIAN_POINT('',(3.29719512948331,-13.4554615635488,19.6464465677641));
#1989=CARTESIAN_POINT('',(3.1556491739098,-13.5408070986206,19.5972419208466));
#1990=CARTESIAN_POINT('',(3.02035959276936,-13.65168415221,19.5743241637857));
#1991=CARTESIAN_POINT('',(2.90012198828939,-13.7828308773994,19.5807849874727));
#1992=CARTESIAN_POINT('',(2.80281327733746,-13.9256556870878,19.6162011352131));
#1993=CARTESIAN_POINT('',(2.73274455007067,-14.0711245696565,19.6767766436954));
#1994=CARTESIAN_POINT('',(3.39167554380931,-13.4817634672986,19.5984139600253));
#1995=CARTESIAN_POINT('',(3.23667512732464,-13.562574070694,19.5444204806864));
#1996=CARTESIAN_POINT('',(3.08967618924044,-13.6753560718676,19.5162415360386));
#1997=CARTESIAN_POINT('',(2.96135374322707,-13.8145195423478,19.5176352928623));
#1998=CARTESIAN_POINT('',(2.86108933750714,-13.9698842626393,19.5484580489351));
#1999=CARTESIAN_POINT('',(2.7935361206022,-14.1304086657745,19.6047277046887));
#2000=CARTESIAN_POINT('',(3.48131358693755,-13.5052258269887,19.5373180868975));
#2001=CARTESIAN_POINT('',(3.31218587648484,-13.579305616133,19.4808840925137));
#2002=CARTESIAN_POINT('',(3.15311929007359,-13.6926858591046,19.4478973950493));
#2003=CARTESIAN_POINT('',(3.0170042076496,-13.8396488349195,19.4427387811531));
#2004=CARTESIAN_POINT('',(2.91492462286044,-14.0082195162303,19.4657412991396));
#2005=CARTESIAN_POINT('',(2.8517305055402,-14.1849517638263,19.5130837920958));
#2006=CARTESIAN_POINT('',(3.55861944803855,-13.5210489406242,19.4629537965792));
#2007=CARTESIAN_POINT('',(3.37556682155299,-13.5866069891242,19.4085492201649));
#2008=CARTESIAN_POINT('',(3.20478674607314,-13.698951699074,19.3723403549109));
#2009=CARTESIAN_POINT('',(3.06164305182026,-13.852585798796,19.3590503911804));
#2010=CARTESIAN_POINT('',(2.95901705638043,-14.0336618664965,19.369773089686));
#2011=CARTESIAN_POINT('',(2.90169465976953,-14.2260248868717,19.4015381244824));
#2012=CARTESIAN_POINT('',(3.61869857252841,-13.5243005253165,19.3793510585571));
#2013=CARTESIAN_POINT('',(3.4237606836221,-13.5828284398768,19.3327105037962));
#2014=CARTESIAN_POINT('',(3.24283746116433,-13.6937654007957,19.2959309740708));
#2015=CARTESIAN_POINT('',(3.09362576753211,-13.8519330384325,19.2733290707097));
#2016=CARTESIAN_POINT('',(2.99067728169254,-14.0418890122807,19.2670609526234));
#2017=CARTESIAN_POINT('',(2.93858852099736,-14.2451609957053,19.2761333690222));
#2018=CARTESIAN_POINT('',(3.65831002786412,-13.5135771629879,19.2928932188135));
#2019=CARTESIAN_POINT('',(3.45503713314771,-13.568605913715,19.2571944466547));
#2020=CARTESIAN_POINT('',(3.26666611460661,-13.6786812985531,19.2214956744961));
#2021=CARTESIAN_POINT('',(3.11264999649055,-13.8387253335711,19.1892049038775));
#2022=CARTESIAN_POINT('',(3.00886145650394,-14.0322441126938,19.1636499747753));
#2023=CARTESIAN_POINT('',(2.95980894349863,-14.239416337315,19.1464466094067));
#2024=SURFACE_SIDE_STYLE('',(#4863));
#2025=EDGE_LOOP('',(#4864,#4865,#4866,#4867));
#2026=EDGE_LOOP('',(#4868,#4869,#4870,#4871));
#2027=AXIS2_PLACEMENT_3D('',#4872,#4873,#4874);
#2028=SURFACE_SIDE_STYLE('',(#4875));
#2029=EDGE_LOOP('',(#4876,#4877,#4878,#4879,#4880));
#2030=AXIS2_PLACEMENT_3D('',#4881,#4882,#4883);
#2031=SURFACE_SIDE_STYLE('',(#4884));
#2032=EDGE_LOOP('',(#4885,#4886,#4887,#4888,#4889,#4890));
#2033=AXIS2_PLACEMENT_3D('',#4891,#4892,#4893);
#2034=SURFACE_SIDE_STYLE('',(#4894));
#2035=EDGE_LOOP('',(#4895,#4896,#4897,#4898,#4899));
#2036=AXIS2_PLACEMENT_3D('',#4900,#4901,#4902);
#2037=SURFACE_SIDE_STYLE('',(#4903));
#2038=EDGE_LOOP('',(#4904,#4905,#4906,#4907,#4908,#4909));
#2039=AXIS2_PLACEMENT_3D('',#4910,#4911,#4912);
#2040=SURFACE_SIDE_STYLE('',(#4913));
#2041=EDGE_LOOP('',(#4914,#4915,#4916,#4917,#4918));
#2042=AXIS2_PLACEMENT_3D('',#4919,#4920,#4921);
#2043=SURFACE_SIDE_STYLE('',(#4922));
#2044=EDGE_LOOP('',(#4923,#4924,#4925,#4926));
#2045=CARTESIAN_POINT('',(-2.73274443793445,14.0711234436972,-19.676777929108));
#2046=CARTESIAN_POINT('',(-2.80281315682456,13.925654390117,-19.6162026009054));
#2047=CARTESIAN_POINT('',(-2.90012185655011,13.7828293696557,-19.5807866818344));
#2048=CARTESIAN_POINT('',(-3.02035944775596,13.6516824038864,-19.574326123827));
#2049=CARTESIAN_POINT('',(-3.15564901499561,13.5408050950702,-19.5972441661437));
#2050=CARTESIAN_POINT('',(-3.29719495744426,13.4554593055675,-19.64644910027));
#2051=CARTESIAN_POINT('',(-2.71358077258135,14.0524342025191,-19.6994912499577));
#2052=CARTESIAN_POINT('',(-2.78098843492432,13.9040578475364,-19.6421026652025));
#2053=CARTESIAN_POINT('',(-2.87500320335516,13.7576384677093,-19.610791328608));
#2054=CARTESIAN_POINT('',(-2.99146575077455,13.6224160773251,-19.6091678872489));
#2055=CARTESIAN_POINT('',(-3.12272232023274,13.5072756036453,-19.6373399937075));
#2056=CARTESIAN_POINT('',(-3.26020385889074,13.4177533729919,-19.6918757484636));
#2057=CARTESIAN_POINT('',(-2.69509608312632,14.0369967349101,-19.7188499905513));
#2058=CARTESIAN_POINT('',(-2.75995707717166,13.8862012100909,-19.6641445933361));
#2059=CARTESIAN_POINT('',(-2.85081166999746,13.7367913523743,-19.6363151195567));
#2060=CARTESIAN_POINT('',(-2.963646527954,13.5981841133402,-19.6388164811187));
#2061=CARTESIAN_POINT('',(-3.09102348839307,13.4795143462997,-19.6714849611992));
#2062=CARTESIAN_POINT('',(-3.22459267604253,13.3865490788097,-19.730593199552));
#2063=CARTESIAN_POINT('',(-2.67669517709206,14.0230953376246,-19.7366594638605));
#2064=CARTESIAN_POINT('',(-2.73903762972375,13.8701115195701,-19.6844016566882));
#2065=CARTESIAN_POINT('',(-2.82675833593976,13.7179957341063,-19.6597652953752));
#2066=CARTESIAN_POINT('',(-2.93598932411327,13.5763285049447,-19.6660630889266));
#2067=CARTESIAN_POINT('',(-3.05950825474655,13.4544747144281,-19.7028797048513));
#2068=CARTESIAN_POINT('',(-3.18918495047111,13.3584119186023,-19.7662121501542));
#2069=CARTESIAN_POINT('',(-2.65885581180589,14.0109265031935,-19.7526166248261));
#2070=CARTESIAN_POINT('',(-2.71877236170259,13.8560174325511,-19.7025324871152));
#2071=CARTESIAN_POINT('',(-2.80346587770798,13.7015203460575,-19.6807477653177));
#2072=CARTESIAN_POINT('',(-2.90920938661905,13.557162983724,-19.6904487535616));
#2073=CARTESIAN_POINT('',(-3.02899106276486,13.4325163102073,-19.7309928290527));
#2074=CARTESIAN_POINT('',(-3.15489531982981,13.3337447755868,-19.7981264862602));
#2075=CARTESIAN_POINT('',(-2.64134334549582,13.9999964284804,-19.7672561003795));
#2076=CARTESIAN_POINT('',(-2.69889273295471,13.8433502685104,-19.7191507564857));
#2077=CARTESIAN_POINT('',(-2.78062400307732,13.6867039731441,-19.699974840922));
#2078=CARTESIAN_POINT('',(-2.88294873586886,13.5399207649089,-19.7127993880243));
#2079=CARTESIAN_POINT('',(-2.99906314871765,13.4127605621809,-19.7567716671952));
#2080=CARTESIAN_POINT('',(-3.12126401270135,13.3115578339298,-19.8274054409555));
#2081=SURFACE_SIDE_STYLE('',(#4927));
#2082=EDGE_LOOP('',(#4928,#4929,#4930,#4931));
#2083=CARTESIAN_POINT('',(-2.64133976888567,13.9999998136857,-19.7672542295234));
#2084=CARTESIAN_POINT('',(-2.69888892910409,13.8433542629834,-19.7191489663318));
#2085=CARTESIAN_POINT('',(-2.78061970388718,13.6867087122812,-19.6999729016102));
#2086=CARTESIAN_POINT('',(-2.88294370686014,13.5399262913014,-19.7127970470545));
#2087=CARTESIAN_POINT('',(-2.99905724338115,13.412766809494,-19.7567687037176));
#2088=CARTESIAN_POINT('',(-3.12125718536611,13.3115646644087,-19.8274017078418));
#2089=CARTESIAN_POINT('',(-2.5649733834936,13.9046661751072,-19.8310939626754));
#2090=CARTESIAN_POINT('',(-2.61623355990928,13.7495071637707,-19.7979773603665));
#2091=CARTESIAN_POINT('',(-2.68668619940347,13.5943481524344,-19.7936730452274));
#2092=CARTESIAN_POINT('',(-2.7734431232016,13.44809483646,-19.8200357880572));
#2093=CARTESIAN_POINT('',(-2.87135929409326,13.319577331239,-19.8753908394632));
#2094=CARTESIAN_POINT('',(-2.97460170548887,13.2148061939063,-19.9550811240532));
#2095=CARTESIAN_POINT('',(-2.49194906777734,13.845174463189,-19.87601394304));
#2096=CARTESIAN_POINT('',(-2.53495534853369,13.6907153299343,-19.8534123597777));
#2097=CARTESIAN_POINT('',(-2.59380494349752,13.5362561966797,-19.8593490788582));
#2098=CARTESIAN_POINT('',(-2.66621826920986,13.39017995542,-19.8950609246755));
#2099=CARTESIAN_POINT('',(-2.74812432108145,13.2608038619135,-19.9584953721342));
#2100=CARTESIAN_POINT('',(-2.83486187965553,13.1539070748745,-20.044921124665));
#2101=CARTESIAN_POINT('',(-2.42323150345419,13.8035775480375,-19.9105354632957));
#2102=CARTESIAN_POINT('',(-2.45785272857586,13.6495243596219,-19.8957156175963));
#2103=CARTESIAN_POINT('',(-2.50559081877482,13.4954711712065,-19.9093665139232));
#2104=CARTESIAN_POINT('',(-2.56467484855928,13.3494445138392,-19.9522740334635));
#2105=CARTESIAN_POINT('',(-2.63191490652654,13.2194132130755,-20.0220804736335));
#2106=CARTESIAN_POINT('',(-2.70360630545739,13.1110071280503,-20.1139642066997));
#2107=CARTESIAN_POINT('',(-2.29427509956932,13.7512285523711,-19.9613941463529));
#2108=CARTESIAN_POINT('',(-2.3121152623355,13.597455323514,-19.9575150836896));
#2109=CARTESIAN_POINT('',(-2.33864037897871,13.443682094657,-19.9822094228704));
#2110=CARTESIAN_POINT('',(-2.37298769717619,13.2975318212795,-20.0356910149843));
#2111=CARTESIAN_POINT('',(-2.41339684541616,13.1665774976098,-20.1151836156339));
#2112=CARTESIAN_POINT('',(-2.45768787030342,13.0562686213173,-20.2156814563968));
#2113=CARTESIAN_POINT('',(-2.17051581974633,13.7409353623196,-19.9879937795441));
#2114=CARTESIAN_POINT('',(-2.171334899623,13.5867510291346,-19.9885781047822));
#2115=CARTESIAN_POINT('',(-2.17720270936066,13.4325666959497,-20.0184013145887));
#2116=CARTESIAN_POINT('',(-2.18808195628827,13.2859960336739,-20.0774608897389));
#2117=CARTESIAN_POINT('',(-2.20341058138537,13.1546032777765,-20.1627081378207));
#2118=CARTESIAN_POINT('',(-2.22225450352804,13.0438396312309,-20.2688808274735));
#2119=CARTESIAN_POINT('',(-2.11298742032482,13.7437453223134,-19.9960446410537));
#2120=CARTESIAN_POINT('',(-2.10583861240924,13.5892454769293,-19.9975249986445));
#2121=CARTESIAN_POINT('',(-2.10208515452669,13.4347456315452,-20.0286734018579));
#2122=CARTESIAN_POINT('',(-2.10207867184165,13.2879258088908,-20.0894443036864));
#2123=CARTESIAN_POINT('',(-2.10580941730006,13.1564154635807,-20.1766811592807));
#2124=CARTESIAN_POINT('',(-2.11291124288698,13.0456992410685,-20.2849825419102));
#2125=CARTESIAN_POINT('',(-2.05622936901495,13.7534208986944,-20.0000010213972));
#2126=CARTESIAN_POINT('',(-2.04126403399728,13.5984998255383,-20.0012712561506));
#2127=CARTESIAN_POINT('',(-2.02803296813213,13.4435787523824,-20.0327490029298));
#2128=CARTESIAN_POINT('',(-2.01728418923343,13.2964666171507,-20.0943975218664));
#2129=CARTESIAN_POINT('',(-2.00957208263247,13.1649195633751,-20.1829664541943));
#2130=CARTESIAN_POINT('',(-2.00510645061694,13.0544850728188,-20.29289530086));
#2131=CARTESIAN_POINT('',(-1.9999800264839,13.7697603406333,-20.0000020725352));
#2132=CARTESIAN_POINT('',(-1.9773992374126,13.614311356477,-20.0000024223271));
#2133=CARTESIAN_POINT('',(-1.95481783424103,13.4588623723209,-20.0308453410798));
#2134=CARTESIAN_POINT('',(-1.9333980960375,13.3114146672276,-20.0925612920937));
#2135=CARTESIAN_POINT('',(-1.91429416976447,13.1799130778399,-20.1818248716359));
#2136=CARTESIAN_POINT('',(-1.89832492722656,13.0699940337765,-20.2928973949006));
#2137=SURFACE_SIDE_STYLE('',(#4932));
#2138=EDGE_LOOP('',(#4933,#4934,#4935,#4936));
#2139=CARTESIAN_POINT('',(-2.64134510535078,-13.9999984110133,-19.7672535659022));
#2140=CARTESIAN_POINT('',(-2.69889474700763,-13.8433525713039,-19.7191478907529));
#2141=CARTESIAN_POINT('',(-2.78062631854549,-13.6867066719186,-19.6999715268202));
#2142=CARTESIAN_POINT('',(-2.88295138658424,-13.5399239082535,-19.7127955268965));
#2143=CARTESIAN_POINT('',(-2.99906615132934,-13.4127641617963,-19.7567671973974));
#2144=CARTESIAN_POINT('',(-3.12126736723232,-13.3115618695718,-19.8274003436274));
#2145=CARTESIAN_POINT('',(-2.65894619329127,-14.0109812158415,-19.7525430114402));
#2146=CARTESIAN_POINT('',(-2.71887490950259,-13.8560808576314,-19.7024489158391));
#2147=CARTESIAN_POINT('',(-2.80358366881843,-13.7015945472553,-19.680651068084));
#2148=CARTESIAN_POINT('',(-2.90934478506213,-13.5572493451881,-19.6903363421517));
#2149=CARTESIAN_POINT('',(-3.02914535883652,-13.4326152687086,-19.7308631720873));
#2150=CARTESIAN_POINT('',(-3.15506870664531,-13.3338559159841,-19.797979222699));
#2151=CARTESIAN_POINT('',(-2.67670885424457,-14.0231071078303,-19.7366458180413));
#2152=CARTESIAN_POINT('',(-2.73905311210417,-13.8701251126462,-19.6843859564914));
#2153=CARTESIAN_POINT('',(-2.82677608521703,-13.7180115676062,-19.6597470554042));
#2154=CARTESIAN_POINT('',(-2.93600969806125,-13.5763468861777,-19.6660419448086));
#2155=CARTESIAN_POINT('',(-3.05953145849524,-13.4544957927063,-19.7028554675994));
#2156=CARTESIAN_POINT('',(-3.1892110240916,-13.3584356818044,-19.7661848138177));
#2157=CARTESIAN_POINT('',(-2.69464413641921,-14.0366093551635,-19.7193329827324));
#2158=CARTESIAN_POINT('',(-2.75944278017242,-13.8857532180329,-19.6646946895053));
#2159=CARTESIAN_POINT('',(-2.85022002361489,-13.7362684330325,-19.6369521610714));
#2160=CARTESIAN_POINT('',(-2.96296610598815,-13.5975763587725,-19.6395564103981));
#2161=CARTESIAN_POINT('',(-3.09024813639891,-13.478818074487,-19.6723369687822));
#2162=CARTESIAN_POINT('',(-3.22372160156811,-13.3857663791183,-19.7315591293406));
#2163=CARTESIAN_POINT('',(-2.71338777521762,-14.0522477174227,-19.699718075682));
#2164=CARTESIAN_POINT('',(-2.78076866385824,-13.9038423533325,-19.6423613204486));
#2165=CARTESIAN_POINT('',(-2.87475027177187,-13.7573871098645,-19.6110909737475));
#2166=CARTESIAN_POINT('',(-2.991174799913,-13.6221240548572,-19.6095158318586));
#2167=CARTESIAN_POINT('',(-3.1223907425563,-13.5069410415251,-19.6377403956648));
#2168=CARTESIAN_POINT('',(-3.25983133284983,-13.4173771340004,-19.6923293701775));
#2169=CARTESIAN_POINT('',(-2.73274456866843,-14.0711245512481,-19.6767766952967));
#2170=CARTESIAN_POINT('',(-2.80281331746459,-13.9256556713815,-19.6162011958776));
#2171=CARTESIAN_POINT('',(-2.90012204316485,-13.7828308658844,-19.5807850525802));
#2172=CARTESIAN_POINT('',(-3.02035965565153,-13.6516841432807,-19.5743242269052));
#2173=CARTESIAN_POINT('',(-3.15564924020268,-13.5408070875905,-19.5972419755351));
#2174=CARTESIAN_POINT('',(-3.29719519734858,-13.4554615445402,-19.6464466094068));
#2175=SURFACE_SIDE_STYLE('',(#4937));
#2176=EDGE_LOOP('',(#4938,#4939,#4940,#4941));
#2177=CARTESIAN_POINT('',(-1.99998002236753,-13.769760337672,-20.0000021325724));
#2178=CARTESIAN_POINT('',(-1.97739918255854,-13.6143113544123,-20.0000024808246));
#2179=CARTESIAN_POINT('',(-1.95481772465634,-13.4588623711528,-20.0308453985654));
#2180=CARTESIAN_POINT('',(-1.93339793034306,-13.3114146669525,-20.0925613491757));
#2181=CARTESIAN_POINT('',(-1.9142939496109,-13.1799130784501,-20.1818249289256));
#2182=CARTESIAN_POINT('',(-1.89832465684971,-13.06999403525,-20.2928974529397));
#2183=CARTESIAN_POINT('',(-2.05622927572042,-13.7534209456432,-20.0000010777753));
#2184=CARTESIAN_POINT('',(-2.04126387844361,-13.5984998724648,-20.001271304946));
#2185=CARTESIAN_POINT('',(-2.02803274369025,-13.4435787992866,-20.0327490454889));
#2186=CARTESIAN_POINT('',(-2.01728389247552,-13.2964666644409,-20.0943975599288));
#2187=CARTESIAN_POINT('',(-2.00957171402015,-13.1649196118594,-20.1829664895651));
#2188=CARTESIAN_POINT('',(-2.00510601408878,-13.0544851234785,-20.2928953351097));
#2189=CARTESIAN_POINT('',(-2.11298722442508,-13.7437454083561,-19.996044690601));
#2190=CARTESIAN_POINT('',(-2.1058383495885,-13.5892455619896,-19.9975250369634));
#2191=CARTESIAN_POINT('',(-2.10208481608836,-13.4347457156229,-20.0286734310245));
#2192=CARTESIAN_POINT('',(-2.1020782524738,-13.2879258927018,-20.0894443263167));
#2193=CARTESIAN_POINT('',(-2.10580891591316,-13.1564155485462,-20.1766811780299));
#2194=CARTESIAN_POINT('',(-2.11291066233412,-13.0456993289389,-20.2849825590239));
#2195=CARTESIAN_POINT('',(-2.17052445672269,-13.7409465870958,-19.9879872370609));
#2196=CARTESIAN_POINT('',(-2.17134530921255,-13.5867622678249,-19.9885697465543));
#2197=CARTESIAN_POINT('',(-2.17721478884464,-13.4325779485542,-20.0183914934316));
#2198=CARTESIAN_POINT('',(-2.18809552981767,-13.2860072937088,-20.0774498565331));
#2199=CARTESIAN_POINT('',(-2.20342554983275,-13.1546145382991,-20.1626960102821));
#2200=CARTESIAN_POINT('',(-2.2222708755448,-13.0438509470526,-20.2688676575373));
#2201=CARTESIAN_POINT('',(-2.29436466669909,-13.7512242495035,-19.961380143128));
#2202=CARTESIAN_POINT('',(-2.31221649795003,-13.5974513355042,-19.9574995332513));
#2203=CARTESIAN_POINT('',(-2.33875631088216,-13.4436784215049,-19.9821913982211));
#2204=CARTESIAN_POINT('',(-2.37312077316579,-13.2975284771571,-20.0356698756238));
#2205=CARTESIAN_POINT('',(-2.4135484676482,-13.166574503747,-20.1151590875568));
#2206=CARTESIAN_POINT('',(-2.45785832270113,-13.0562659285716,-20.2156535444911));
#2207=CARTESIAN_POINT('',(-2.42345034302148,-13.8036758612138,-19.9104453198381));
#2208=CARTESIAN_POINT('',(-2.45810085243102,-13.6496222398598,-19.8956055789843));
#2209=CARTESIAN_POINT('',(-2.5058752508903,-13.4955686185061,-19.9092368506839));
#2210=CARTESIAN_POINT('',(-2.56500105647616,-13.3495421705963,-19.9521258121256));
#2211=CARTESIAN_POINT('',(-2.6322861462727,-13.2195123590527,-20.0219152707317));
#2212=CARTESIAN_POINT('',(-2.70402350641208,-13.1111094102859,-20.1137838145869));
#2213=CARTESIAN_POINT('',(-2.49169480390984,-13.8452363025872,-19.8760362994326));
#2214=CARTESIAN_POINT('',(-2.53465721890946,-13.6907742563103,-19.8534383903956));
#2215=CARTESIAN_POINT('',(-2.59346099554844,-13.5363122100335,-19.8593778978348));
#2216=CARTESIAN_POINT('',(-2.66582804165958,-13.390234086803,-19.8950931434801));
#2217=CARTESIAN_POINT('',(-2.74768772382393,-13.2608581109311,-19.9585327900492));
#2218=CARTESIAN_POINT('',(-2.8343788870455,-13.1539634340534,-20.0449656923848));
#2219=CARTESIAN_POINT('',(-2.56454226536306,-13.9041297011904,-19.8314536028148));
#2220=CARTESIAN_POINT('',(-2.61576696561525,-13.7489790614936,-19.7984214327508));
#2221=CARTESIAN_POINT('',(-2.68615595897436,-13.5938284217969,-19.7942009062436));
#2222=CARTESIAN_POINT('',(-2.77282501898554,-13.4475780821748,-19.8206399355694));
#2223=CARTESIAN_POINT('',(-2.87063847581685,-13.3190529191686,-19.8760591326656));
#2224=CARTESIAN_POINT('',(-2.97377388401393,-13.2142616672857,-19.9558004553659));
#2225=CARTESIAN_POINT('',(-2.64134541062901,-13.9999999483869,-19.7672519654446));
#2226=CARTESIAN_POINT('',(-2.69889514076435,-13.8433543617903,-19.7191461192508));
#2227=CARTESIAN_POINT('',(-2.78062678802084,-13.6867087751937,-19.6999694947964));
#2228=CARTESIAN_POINT('',(-2.88295191701424,-13.5399263581993,-19.7127931523786));
#2229=CARTESIAN_POINT('',(-2.99906673107497,-13.4127669589475,-19.7567644220859));
#2230=CARTESIAN_POINT('',(-3.12126798974535,-13.3115649879248,-19.827397140742));
#2231=SURFACE_SIDE_STYLE('',(#4942));
#2232=EDGE_LOOP('',(#4943,#4944,#4945,#4946,#4947,#4948));
#2233=AXIS2_PLACEMENT_3D('',#4949,#4950,#4951);
#2234=SURFACE_SIDE_STYLE('',(#4952));
#2235=EDGE_LOOP('',(#4953,#4954,#4955,#4956));
#2236=CARTESIAN_POINT('',(-2.7327445623208,14.0711245842902,-19.6767766612868));
#2237=CARTESIAN_POINT('',(-2.80281329606027,13.9256557005491,-19.6162011577207));
#2238=CARTESIAN_POINT('',(-2.90012201040765,13.7828308908037,-19.5807850122938));
#2239=CARTESIAN_POINT('',(-3.02035961545541,13.6516841653604,-19.5743241874206));
#2240=CARTESIAN_POINT('',(-3.15564919556271,13.5408071099591,-19.5972419398066));
#2241=CARTESIAN_POINT('',(-3.29719514992762,13.4554615709615,-19.6464465794915));
#2242=CARTESIAN_POINT('',(-2.79353556984005,14.1304081206683,-19.6047282490062));
#2243=CARTESIAN_POINT('',(-2.86108879664947,13.9698838507325,-19.5484585527464));
#2244=CARTESIAN_POINT('',(-2.96135317019297,13.8145192397037,-19.5176357573619));
#2245=CARTESIAN_POINT('',(-3.08967554432457,13.6753558394571,-19.516241962131));
#2246=CARTESIAN_POINT('',(-3.23667438169312,13.5625738581727,-19.5444208715353));
#2247=CARTESIAN_POINT('',(-3.39167468244787,13.4817632226452,-19.5984143229041));
#2248=CARTESIAN_POINT('',(-2.85173323196143,14.1849544342714,-19.5130807527208));
#2249=CARTESIAN_POINT('',(-2.91492720421356,14.0082215263329,-19.465738326008));
#2250=CARTESIAN_POINT('',(-3.01700691330577,13.839650281146,-19.442735935552));
#2251=CARTESIAN_POINT('',(-3.15312236983309,13.692686935165,-19.4478947613261));
#2252=CARTESIAN_POINT('',(-3.3121895017155,13.5793065988388,-19.480881745211));
#2253=CARTESIAN_POINT('',(-3.48131783521621,13.5052270160627,-19.5373160606482));
#2254=CARTESIAN_POINT('',(-2.90169406458713,14.2260245781614,-19.4015401475445));
#2255=CARTESIAN_POINT('',(-2.95901658071824,14.0336617767683,-19.3697747366643));
#2256=CARTESIAN_POINT('',(-3.0616425840455,13.8525858873158,-19.3590517570422));
#2257=CARTESIAN_POINT('',(-3.204786170715,13.6989518705455,-19.3723415685225));
#2258=CARTESIAN_POINT('',(-3.37556606187385,13.5866071110506,-19.4085504300214));
#2259=CARTESIAN_POINT('',(-3.55861847882509,13.5210488881679,-19.4629551452804));
#2260=CARTESIAN_POINT('',(-2.93858834983066,14.2451610420424,-19.2761344150924));
#2261=CARTESIAN_POINT('',(-2.9906771350166,14.0418890900776,-19.2670617867497));
#2262=CARTESIAN_POINT('',(-3.0936256140855,13.8519331449708,-19.2733297492594));
#2263=CARTESIAN_POINT('',(-3.2428372689606,13.6937655224728,-19.2959315744656));
#2264=CARTESIAN_POINT('',(-3.42376043134218,13.5828285545975,-19.3327111129186));
#2265=CARTESIAN_POINT('',(-3.61869825301723,13.5243006118125,-19.3793517559373));
#2266=CARTESIAN_POINT('',(-2.95980894349863,14.239416337315,-19.1464466094067));
#2267=CARTESIAN_POINT('',(-3.00886145650394,14.0322441126938,-19.1636499747752));
#2268=CARTESIAN_POINT('',(-3.11264999649057,13.8387253335712,-19.1892049038776));
#2269=CARTESIAN_POINT('',(-3.26666611460659,13.678681298553,-19.2214956744959));
#2270=CARTESIAN_POINT('',(-3.45503713314772,13.5686059137151,-19.2571944466548));
#2271=CARTESIAN_POINT('',(-3.65831002786411,13.5135771629879,-19.2928932188135));
#2272=SURFACE_SIDE_STYLE('',(#4957));
#2273=EDGE_LOOP('',(#4958,#4959,#4960,#4961));
#2274=CARTESIAN_POINT('',(-2.95980894349863,-14.239416337315,-19.1464466094067));
#2275=CARTESIAN_POINT('',(-3.00886145650394,-14.0322441126938,-19.1636499747752));
#2276=CARTESIAN_POINT('',(-3.11264999649057,-13.8387253335712,-19.1892049038776));
#2277=CARTESIAN_POINT('',(-3.26666611460659,-13.678681298553,-19.221495674496));
#2278=CARTESIAN_POINT('',(-3.45503713314772,-13.5686059137151,-19.2571944466548));
#2279=CARTESIAN_POINT('',(-3.65831002786412,-13.5135771629879,-19.2928932188135));
#2280=CARTESIAN_POINT('',(-2.93858701183046,-14.2451614042573,-19.2761425921638));
#2281=CARTESIAN_POINT('',(-2.99067598845933,-14.0418896982124,-19.2670683070679));
#2282=CARTESIAN_POINT('',(-3.09362441461334,-13.8519339777691,-19.2733350534498));
#2283=CARTESIAN_POINT('',(-3.24283576652259,-13.693766473615,-19.2959362677268));
#2284=CARTESIAN_POINT('',(-3.42375845928457,-13.582829451363,-19.332715874393));
#2285=CARTESIAN_POINT('',(-3.61869575541687,-13.524301287947,-19.3793572073181));
#2286=CARTESIAN_POINT('',(-2.90168959006257,-14.2260226274126,-19.4015540385648));
#2287=CARTESIAN_POINT('',(-2.95901305382992,-14.0336610792967,-19.3697866192548));
#2288=CARTESIAN_POINT('',(-3.06163922837477,-13.8525862091446,-19.3590621244943));
#2289=CARTESIAN_POINT('',(-3.20478216873349,-13.6989526482197,-19.3723510862515));
#2290=CARTESIAN_POINT('',(-3.37556083570573,-13.5866075487226,-19.4085598716399));
#2291=CARTESIAN_POINT('',(-3.55861178972448,-13.5210482378593,-19.4629652705908));
#2292=CARTESIAN_POINT('',(-2.85174880602519,-14.1849698909113,-19.5130592910317));
#2293=CARTESIAN_POINT('',(-2.91494174547175,-14.0082327535982,-19.4657185910742));
#2294=CARTESIAN_POINT('',(-3.01702199397605,-13.8396580232588,-19.442717816207));
#2295=CARTESIAN_POINT('',(-3.1531395002151,-13.6926925372556,-19.4478781549259));
#2296=CARTESIAN_POINT('',(-3.31220975330178,-13.5793118764833,-19.4808664423996));
#2297=CARTESIAN_POINT('',(-3.48134172777086,-13.5052338402802,-19.5373016805713));
#2298=CARTESIAN_POINT('',(-2.79354029354454,-14.1304128217268,-19.6047223996966));
#2299=CARTESIAN_POINT('',(-2.86109326544292,-13.9698873689362,-19.5484530338923));
#2300=CARTESIAN_POINT('',(-2.96135782688037,-13.8145217685725,-19.5176305977643));
#2301=CARTESIAN_POINT('',(-3.08968080562138,-13.6753577360588,-19.5162372083203));
#2302=CARTESIAN_POINT('',(-3.23668054247644,-13.5625756106059,-19.5444165479203));
#2303=CARTESIAN_POINT('',(-3.39168188513711,-13.4817653471171,-19.598410398144));
#2304=CARTESIAN_POINT('',(-2.73274457633873,-14.0711245566528,-19.6767766956524));
#2305=CARTESIAN_POINT('',(-2.80281332775609,-13.9256556754923,-19.6162011984839));
#2306=CARTESIAN_POINT('',(-2.90012205539547,-13.7828308693261,-19.5807850566557));
#2307=CARTESIAN_POINT('',(-3.02035966915548,-13.6516841463789,-19.5743242313669));
#2308=CARTESIAN_POINT('',(-3.15564925457757,-13.5408070903149,-19.5972419792557));
#2309=CARTESIAN_POINT('',(-3.29719521251366,-13.4554615466771,-19.6464466114934));
#2310=SURFACE_SIDE_STYLE('',(#4962));
#2311=EDGE_LOOP('',(#4963,#4964,#4965,#4966,#4967));
#2312=AXIS2_PLACEMENT_3D('',#4968,#4969,#4970);
#2313=SURFACE_SIDE_STYLE('',(#4971));
#2314=EDGE_LOOP('',(#4972,#4973,#4974,#4975));
#2315=AXIS2_PLACEMENT_3D('',#4976,#4977,#4978);
#2316=SURFACE_SIDE_STYLE('',(#4979));
#2317=EDGE_LOOP('',(#4980,#4981,#4982,#4983,#4984));
#2318=AXIS2_PLACEMENT_3D('',#4985,#4986,#4987);
#2319=SURFACE_SIDE_STYLE('',(#4988));
#2320=EDGE_LOOP('',(#4989,#4990,#4991,#4992));
#2321=AXIS2_PLACEMENT_3D('',#4993,#4994,#4995);
#2322=SURFACE_SIDE_STYLE('',(#4996));
#2323=EDGE_LOOP('',(#4997,#4998,#4999,#5000,#5001,#5002));
#2324=AXIS2_PLACEMENT_3D('',#5003,#5004,#5005);
#2325=SURFACE_SIDE_STYLE('',(#5006));
#2326=EDGE_LOOP('',(#5007,#5008,#5009,#5010));
#2327=CARTESIAN_POINT('',(2.64133976888572,13.9999998136857,-19.7672542295234));
#2328=CARTESIAN_POINT('',(2.69888892910414,13.8433542629834,-19.7191489663318));
#2329=CARTESIAN_POINT('',(2.78061970388723,13.6867087122812,-19.6999729016102));
#2330=CARTESIAN_POINT('',(2.88294370686019,13.5399262913014,-19.7127970470545));
#2331=CARTESIAN_POINT('',(2.99905724338122,13.412766809494,-19.7567687037176));
#2332=CARTESIAN_POINT('',(3.1212571853662,13.3115646644087,-19.8274017078418));
#2333=CARTESIAN_POINT('',(2.56497338349416,13.9046661751081,-19.8310939626749));
#2334=CARTESIAN_POINT('',(2.61623355990989,13.7495071637716,-19.7979773603659));
#2335=CARTESIAN_POINT('',(2.68668619940416,13.5943481524352,-19.7936730452267));
#2336=CARTESIAN_POINT('',(2.7734431232024,13.4480948364608,-19.8200357880565));
#2337=CARTESIAN_POINT('',(2.87135929409419,13.3195773312398,-19.8753908394623));
#2338=CARTESIAN_POINT('',(2.97460170548992,13.2148061939072,-19.9550811240522));
#2339=CARTESIAN_POINT('',(2.4919490677755,13.8451744631873,-19.8760139430412));
#2340=CARTESIAN_POINT('',(2.53495534853168,13.6907153299327,-19.8534123597791));
#2341=CARTESIAN_POINT('',(2.59380494349528,13.5362561966782,-19.8593490788598));
#2342=CARTESIAN_POINT('',(2.66621826920724,13.3901799554184,-19.8950609246773));
#2343=CARTESIAN_POINT('',(2.74812432107846,13.260803861912,-19.9584953721362));
#2344=CARTESIAN_POINT('',(2.83486187965212,13.1539070748729,-20.0449211246672));
#2345=CARTESIAN_POINT('',(2.42323150345539,13.803577548038,-19.9105354632953));
#2346=CARTESIAN_POINT('',(2.45785272857712,13.6495243596223,-19.8957156175957));
#2347=CARTESIAN_POINT('',(2.50559081877615,13.4954711712067,-19.9093665139225));
#2348=CARTESIAN_POINT('',(2.56467484856081,13.3494445138394,-19.952274033463));
#2349=CARTESIAN_POINT('',(2.63191490652823,13.2194132130756,-20.0220804736329));
#2350=CARTESIAN_POINT('',(2.7036063054593,13.1110071280505,-20.1139642066992));
#2351=CARTESIAN_POINT('',(2.29427509956958,13.7512285523711,-19.9613941463529));
#2352=CARTESIAN_POINT('',(2.31211526233589,13.5974553235141,-19.9575150836896));
#2353=CARTESIAN_POINT('',(2.33864037897927,13.4436820946572,-19.9822094228704));
#2354=CARTESIAN_POINT('',(2.3729876971768,13.2975318212798,-20.0356910149841));
#2355=CARTESIAN_POINT('',(2.41339684541691,13.1665774976102,-20.1151836156336));
#2356=CARTESIAN_POINT('',(2.45768787030425,13.0562686213176,-20.2156814563963));
#2357=CARTESIAN_POINT('',(2.17051581974665,13.7409353623196,-19.987993779544));
#2358=CARTESIAN_POINT('',(2.17133489962328,13.5867510291346,-19.9885781047821));
#2359=CARTESIAN_POINT('',(2.17720270936089,13.4325666959496,-20.0184013145885));
#2360=CARTESIAN_POINT('',(2.18808195628854,13.2859960336738,-20.0774608897389));
#2361=CARTESIAN_POINT('',(2.20341058138564,13.1546032777763,-20.1627081378208));
#2362=CARTESIAN_POINT('',(2.22225450352835,13.0438396312307,-20.2688808274737));
#2363=CARTESIAN_POINT('',(2.11298742032517,13.7437453223131,-19.9960446410535));
#2364=CARTESIAN_POINT('',(2.10583861240957,13.5892454769288,-19.9975249986444));
#2365=CARTESIAN_POINT('',(2.10208515452702,13.4347456315447,-20.0286734018579));
#2366=CARTESIAN_POINT('',(2.10207867184192,13.2879258088901,-20.0894443036865));
#2367=CARTESIAN_POINT('',(2.10580941730035,13.15641546358,-20.176681159281));
#2368=CARTESIAN_POINT('',(2.11291124288724,13.0456992410678,-20.2849825419108));
#2369=CARTESIAN_POINT('',(2.05622936901516,13.7534208986942,-20.0000010213971));
#2370=CARTESIAN_POINT('',(2.04126403399746,13.5984998255379,-20.0012712561504));
#2371=CARTESIAN_POINT('',(2.02803296813227,13.4435787523818,-20.0327490029296));
#2372=CARTESIAN_POINT('',(2.01728418923351,13.2964666171501,-20.0943975218665));
#2373=CARTESIAN_POINT('',(2.00957208263249,13.1649195633744,-20.1829664541946));
#2374=CARTESIAN_POINT('',(2.00510645061691,13.0544850728181,-20.2928953008607));
#2375=CARTESIAN_POINT('',(1.9999800264839,13.7697603406331,-20.0000020725351));
#2376=CARTESIAN_POINT('',(1.97739923741255,13.6143113564767,-20.000002422327));
#2377=CARTESIAN_POINT('',(1.95481783424092,13.4588623723205,-20.0308453410797));
#2378=CARTESIAN_POINT('',(1.9333980960373,13.3114146672271,-20.0925612920938));
#2379=CARTESIAN_POINT('',(1.91429416976418,13.1799130778393,-20.1818248716362));
#2380=CARTESIAN_POINT('',(1.89832492722617,13.069994033776,-20.2928973949011));
#2381=SURFACE_SIDE_STYLE('',(#5011));
#2382=EDGE_LOOP('',(#5012,#5013,#5014,#5015));
#2383=CARTESIAN_POINT('',(2.73274443793445,14.0711234436972,-19.676777929108));
#2384=CARTESIAN_POINT('',(2.80281315682455,13.9256543901169,-19.6162026009054));
#2385=CARTESIAN_POINT('',(2.90012185655011,13.7828293696557,-19.5807866818345));
#2386=CARTESIAN_POINT('',(3.02035944775594,13.6516824038864,-19.574326123827));
#2387=CARTESIAN_POINT('',(3.15564901499559,13.5408050950702,-19.5972441661438));
#2388=CARTESIAN_POINT('',(3.29719495744424,13.4554593055675,-19.64644910027));
#2389=CARTESIAN_POINT('',(2.71358077258144,14.0524342025191,-19.6994912499575));
#2390=CARTESIAN_POINT('',(2.78098843492441,13.9040578475365,-19.6421026652023));
#2391=CARTESIAN_POINT('',(2.87500320335527,13.7576384677094,-19.6107913286079));
#2392=CARTESIAN_POINT('',(2.99146575077466,13.6224160773251,-19.6091678872487));
#2393=CARTESIAN_POINT('',(3.12272232023287,13.5072756036455,-19.6373399937072));
#2394=CARTESIAN_POINT('',(3.26020385889089,13.4177533729921,-19.6918757484633));
#2395=CARTESIAN_POINT('',(2.6950960831265,14.0369967349103,-19.7188499905513));
#2396=CARTESIAN_POINT('',(2.75995707717185,13.8862012100912,-19.664144593336));
#2397=CARTESIAN_POINT('',(2.85081166999673,13.7367913523822,-19.6363151195566));
#2398=CARTESIAN_POINT('',(2.96364652795234,13.5981841133329,-19.6388164811262));
#2399=CARTESIAN_POINT('',(3.09102348839334,13.4795143463,-19.671484961199));
#2400=CARTESIAN_POINT('',(3.22459267604284,13.38654907881,-19.7305931995518));
#2401=CARTESIAN_POINT('',(2.67669517709253,14.0230953376249,-19.7366594638599));
#2402=CARTESIAN_POINT('',(2.73903762972428,13.8701115195704,-19.6844016566877));
#2403=CARTESIAN_POINT('',(2.82675833593943,13.7179957341068,-19.6597652953727));
#2404=CARTESIAN_POINT('',(2.93598932411395,13.5763285049452,-19.6660630889297));
#2405=CARTESIAN_POINT('',(3.05950825474734,13.4544747144286,-19.7028797048505));
#2406=CARTESIAN_POINT('',(3.18918495047199,13.3584119186029,-19.7662121501533));
#2407=CARTESIAN_POINT('',(2.6588558118062,14.0109265031938,-19.7526166248258));
#2408=CARTESIAN_POINT('',(2.71877236170294,13.8560174325514,-19.7025324871149));
#2409=CARTESIAN_POINT('',(2.80346587770839,13.7015203460578,-19.6807477653173));
#2410=CARTESIAN_POINT('',(2.9092093866195,13.5571629837244,-19.6904487535612));
#2411=CARTESIAN_POINT('',(3.02899106276538,13.4325163102077,-19.7309928290522));
#2412=CARTESIAN_POINT('',(3.15489531983038,13.3337447755873,-19.7981264862597));
#2413=CARTESIAN_POINT('',(2.64134334549579,13.9999964284805,-19.7672561003794));
#2414=CARTESIAN_POINT('',(2.69889273295467,13.8433502685105,-19.7191507564857));
#2415=CARTESIAN_POINT('',(2.78062400307729,13.6867039731442,-19.6999748409219));
#2416=CARTESIAN_POINT('',(2.8829487358688,13.539920764909,-19.7127993880243));
#2417=CARTESIAN_POINT('',(2.99906314871759,13.412760562181,-19.7567716671952));
#2418=CARTESIAN_POINT('',(3.12126401270127,13.3115578339299,-19.8274054409554));
#2419=SURFACE_SIDE_STYLE('',(#5016));
#2420=EDGE_LOOP('',(#5017,#5018,#5019,#5020));
#2421=CARTESIAN_POINT('',(1.99998002236754,-13.7697603376737,-20.0000021325724));
#2422=CARTESIAN_POINT('',(1.97739918255856,-13.6143113544136,-20.0000024808246));
#2423=CARTESIAN_POINT('',(1.95481772465639,-13.4588623711537,-20.0308453985655));
#2424=CARTESIAN_POINT('',(1.93339793034313,-13.3114146669531,-20.0925613491757));
#2425=CARTESIAN_POINT('',(1.91429394961099,-13.1799130784504,-20.1818249289257));
#2426=CARTESIAN_POINT('',(1.89832465684983,-13.06999403525,-20.2928974529397));
#2427=CARTESIAN_POINT('',(2.05622927572034,-13.753420945645,-20.0000010777753));
#2428=CARTESIAN_POINT('',(2.04126387844351,-13.5984998724663,-20.001271304946));
#2429=CARTESIAN_POINT('',(2.02803274369014,-13.4435787992876,-20.032749045489));
#2430=CARTESIAN_POINT('',(2.01728389247541,-13.2964666644416,-20.0943975599288));
#2431=CARTESIAN_POINT('',(2.00957171402002,-13.1649196118597,-20.1829664895652));
#2432=CARTESIAN_POINT('',(2.00510601408865,-13.0544851234785,-20.2928953351097));
#2433=CARTESIAN_POINT('',(2.11298722442496,-13.7437454083579,-19.9960446906009));
#2434=CARTESIAN_POINT('',(2.10583834958833,-13.5892455619909,-19.9975250369634));
#2435=CARTESIAN_POINT('',(2.10208481608814,-13.434745715624,-20.0286734310246));
#2436=CARTESIAN_POINT('',(2.10207825247353,-13.2879258927024,-20.0894443263166));
#2437=CARTESIAN_POINT('',(2.10580891591287,-13.1564155485465,-20.17668117803));
#2438=CARTESIAN_POINT('',(2.11291066233378,-13.0456993289389,-20.2849825590239));
#2439=CARTESIAN_POINT('',(2.17052445672259,-13.7409465870968,-19.9879872370609));
#2440=CARTESIAN_POINT('',(2.17134530921238,-13.5867622678257,-19.9885697465543));
#2441=CARTESIAN_POINT('',(2.17721478884443,-13.4325779485547,-20.0183914934315));
#2442=CARTESIAN_POINT('',(2.1880955298174,-13.2860072937091,-20.0774498565333));
#2443=CARTESIAN_POINT('',(2.20342554983243,-13.1546145382993,-20.1626960102821));
#2444=CARTESIAN_POINT('',(2.22227087554446,-13.0438509470526,-20.2688676575374));
#2445=CARTESIAN_POINT('',(2.29436466669947,-13.7512242495024,-19.961380143128));
#2446=CARTESIAN_POINT('',(2.31221649795053,-13.5974513355034,-19.9574995332511));
#2447=CARTESIAN_POINT('',(2.33875631088274,-13.4436784215044,-19.9821913982214));
#2448=CARTESIAN_POINT('',(2.3731207731665,-13.2975284771568,-20.0356698756234));
#2449=CARTESIAN_POINT('',(2.41354846764902,-13.1665745037468,-20.1151590875569));
#2450=CARTESIAN_POINT('',(2.45785832270203,-13.0562659285716,-20.215653544491));
#2451=CARTESIAN_POINT('',(2.42345034302248,-13.8036758612155,-19.9104453198376));
#2452=CARTESIAN_POINT('',(2.45810085243208,-13.6496222398612,-19.8956055789839));
#2453=CARTESIAN_POINT('',(2.5058752508915,-13.4955686185071,-19.909236850683));
#2454=CARTESIAN_POINT('',(2.56500105647749,-13.3495421705971,-19.9521258121251));
#2455=CARTESIAN_POINT('',(2.6322861462742,-13.2195123590533,-20.0219152707308));
#2456=CARTESIAN_POINT('',(2.70402350641378,-13.1111094102863,-20.1137838145861));
#2457=CARTESIAN_POINT('',(2.49169480390814,-13.8452363025841,-19.8760362994337));
#2458=CARTESIAN_POINT('',(2.53465721890743,-13.6907742563075,-19.8534383903969));
#2459=CARTESIAN_POINT('',(2.59346099554602,-13.536312210031,-19.8593778978366));
#2460=CARTESIAN_POINT('',(2.66582804165673,-13.3902340868009,-19.8950931434819));
#2461=CARTESIAN_POINT('',(2.74768772382068,-13.2608581109292,-19.9585327900516));
#2462=CARTESIAN_POINT('',(2.83437888704181,-13.1539634340517,-20.0449656923874));
#2463=CARTESIAN_POINT('',(2.56454226536274,-13.9041297011902,-19.8314536028151));
#2464=CARTESIAN_POINT('',(2.61576696561491,-13.7489790614934,-19.7984214327511));
#2465=CARTESIAN_POINT('',(2.68615595897399,-13.5938284217967,-19.7942009062438));
#2466=CARTESIAN_POINT('',(2.77282501898512,-13.4475780821745,-19.8206399355697));
#2467=CARTESIAN_POINT('',(2.87063847581635,-13.3190529191683,-19.876059132666));
#2468=CARTESIAN_POINT('',(2.97377388401336,-13.2142616672853,-19.9558004553664));
#2469=CARTESIAN_POINT('',(2.64134541062904,-13.9999999483869,-19.7672519654446));
#2470=CARTESIAN_POINT('',(2.69889514076438,-13.8433543617903,-19.7191461192508));
#2471=CARTESIAN_POINT('',(2.78062678802086,-13.6867087751937,-19.6999694947964));
#2472=CARTESIAN_POINT('',(2.88295191701426,-13.5399263581993,-19.7127931523786));
#2473=CARTESIAN_POINT('',(2.99906673107499,-13.4127669589475,-19.7567644220858));
#2474=CARTESIAN_POINT('',(3.12126798974538,-13.3115649879248,-19.827397140742));
#2475=SURFACE_SIDE_STYLE('',(#5021));
#2476=EDGE_LOOP('',(#5022,#5023,#5024,#5025));
#2477=CARTESIAN_POINT('',(2.64134510535077,-13.9999984110133,-19.7672535659022));
#2478=CARTESIAN_POINT('',(2.69889474700764,-13.8433525713039,-19.7191478907529));
#2479=CARTESIAN_POINT('',(2.78062631854549,-13.6867066719186,-19.6999715268202));
#2480=CARTESIAN_POINT('',(2.88295138658425,-13.5399239082535,-19.7127955268965));
#2481=CARTESIAN_POINT('',(2.99906615132935,-13.4127641617964,-19.7567671973974));
#2482=CARTESIAN_POINT('',(3.12126736723233,-13.3115618695719,-19.8274003436274));
#2483=CARTESIAN_POINT('',(2.65894619329119,-14.0109812158415,-19.7525430114403));
#2484=CARTESIAN_POINT('',(2.71887490950251,-13.8560808576314,-19.7024489158391));
#2485=CARTESIAN_POINT('',(2.80358366881835,-13.7015945472553,-19.6806510680841));
#2486=CARTESIAN_POINT('',(2.90934478506205,-13.5572493451881,-19.6903363421519));
#2487=CARTESIAN_POINT('',(3.02914535883642,-13.4326152687086,-19.7308631720875));
#2488=CARTESIAN_POINT('',(3.1550687066452,-13.3338559159841,-19.7979792226991));
#2489=CARTESIAN_POINT('',(2.67670885424456,-14.0231071078303,-19.7366458180412));
#2490=CARTESIAN_POINT('',(2.73905311210419,-13.8701251126462,-19.6843859564913));
#2491=CARTESIAN_POINT('',(2.82677608521703,-13.7180115676024,-19.6597470554002));
#2492=CARTESIAN_POINT('',(2.93600969806127,-13.5763468861777,-19.6660419448045));
#2493=CARTESIAN_POINT('',(3.05953145849528,-13.4544957927063,-19.7028554675992));
#2494=CARTESIAN_POINT('',(3.18921102409165,-13.3584356818044,-19.7661848138175));
#2495=CARTESIAN_POINT('',(2.69464413641956,-14.0366093551638,-19.719332982732));
#2496=CARTESIAN_POINT('',(2.75944278017282,-13.8857532180332,-19.6646946895049));
#2497=CARTESIAN_POINT('',(2.85022002361536,-13.7362684330291,-19.6369521610672));
#2498=CARTESIAN_POINT('',(2.9629661059887,-13.5975763587807,-19.6395564103899));
#2499=CARTESIAN_POINT('',(3.09024813639952,-13.4788180744876,-19.6723369687817));
#2500=CARTESIAN_POINT('',(3.22372160156879,-13.3857663791189,-19.73155912934));
#2501=CARTESIAN_POINT('',(2.71338777521779,-14.0522477174229,-19.6997180756818));
#2502=CARTESIAN_POINT('',(2.78076866385843,-13.9038423533327,-19.6423613204484));
#2503=CARTESIAN_POINT('',(2.87475027177209,-13.7573871098647,-19.6110909737472));
#2504=CARTESIAN_POINT('',(2.99117479991325,-13.6221240548575,-19.6095158318583));
#2505=CARTESIAN_POINT('',(3.1223907425566,-13.5069410415254,-19.6377403956644));
#2506=CARTESIAN_POINT('',(3.25983133285017,-13.4173771340007,-19.692329370177));
#2507=CARTESIAN_POINT('',(2.73274456866843,-14.0711245512481,-19.6767766952967));
#2508=CARTESIAN_POINT('',(2.80281331746459,-13.9256556713815,-19.6162011958776));
#2509=CARTESIAN_POINT('',(2.90012204316485,-13.7828308658844,-19.5807850525802));
#2510=CARTESIAN_POINT('',(3.02035965565153,-13.6516841432807,-19.5743242269052));
#2511=CARTESIAN_POINT('',(3.15564924020268,-13.5408070875906,-19.5972419755351));
#2512=CARTESIAN_POINT('',(3.29719519734858,-13.4554615445402,-19.6464466094068));
#2513=SURFACE_SIDE_STYLE('',(#5026));
#2514=EDGE_LOOP('',(#5027,#5028,#5029,#5030));
#2515=AXIS2_PLACEMENT_3D('',#5031,#5032,#5033);
#2516=SURFACE_SIDE_STYLE('',(#5034));
#2517=EDGE_LOOP('',(#5035,#5036,#5037,#5038));
#2518=CARTESIAN_POINT('',(2.7327445623208,14.0711245842902,-19.6767766612868));
#2519=CARTESIAN_POINT('',(2.80281329606027,13.9256557005491,-19.6162011577207));
#2520=CARTESIAN_POINT('',(2.90012201040765,13.7828308908037,-19.5807850122938));
#2521=CARTESIAN_POINT('',(3.02035961545542,13.6516841653604,-19.5743241874207));
#2522=CARTESIAN_POINT('',(3.15564919556272,13.5408071099591,-19.5972419398066));
#2523=CARTESIAN_POINT('',(3.29719514992763,13.4554615709615,-19.6464465794915));
#2524=CARTESIAN_POINT('',(2.79353556984004,14.1304081206682,-19.6047282490061));
#2525=CARTESIAN_POINT('',(2.86108879664945,13.9698838507324,-19.5484585527463));
#2526=CARTESIAN_POINT('',(2.96135317019296,13.8145192397037,-19.5176357573618));
#2527=CARTESIAN_POINT('',(3.08967554432456,13.6753558394571,-19.5162419621309));
#2528=CARTESIAN_POINT('',(3.23667438169311,13.5625738581727,-19.5444208715352));
#2529=CARTESIAN_POINT('',(3.39167468244785,13.4817632226452,-19.598414322904));
#2530=CARTESIAN_POINT('',(2.85173323196163,14.1849544342716,-19.5130807527206));
#2531=CARTESIAN_POINT('',(2.91492720421375,14.0082215263331,-19.4657383260078));
#2532=CARTESIAN_POINT('',(3.01700691330137,13.839650281137,-19.442735935552));
#2533=CARTESIAN_POINT('',(3.15312236983328,13.6926869351697,-19.4478947613442));
#2534=CARTESIAN_POINT('',(3.31218950171572,13.5793065988389,-19.4808817452109));
#2535=CARTESIAN_POINT('',(3.48131783521647,13.5052270160628,-19.5373160606481));
#2536=CARTESIAN_POINT('',(2.90169406458709,14.2260245781614,-19.4015401475445));
#2537=CARTESIAN_POINT('',(2.9590165807182,14.0336617767682,-19.3697747366643));
#2538=CARTESIAN_POINT('',(3.06164258406375,13.8525858873158,-19.3590517570424));
#2539=CARTESIAN_POINT('',(3.20478617071497,13.6989518705821,-19.3723415685453));
#2540=CARTESIAN_POINT('',(3.37556606187382,13.5866071110505,-19.4085504300215));
#2541=CARTESIAN_POINT('',(3.55861847882505,13.5210488881679,-19.4629551452804));
#2542=CARTESIAN_POINT('',(2.93858834983065,14.2451610420424,-19.2761344150926));
#2543=CARTESIAN_POINT('',(2.99067713501659,14.0418890900776,-19.2670617867498));
#2544=CARTESIAN_POINT('',(3.09362561408549,13.8519331449708,-19.2733297492595));
#2545=CARTESIAN_POINT('',(3.24283726896058,13.6937655224728,-19.2959315744657));
#2546=CARTESIAN_POINT('',(3.42376043134216,13.5828285545975,-19.3327111129186));
#2547=CARTESIAN_POINT('',(3.6186982530172,13.5243006118125,-19.3793517559373));
#2548=CARTESIAN_POINT('',(2.95980894349863,14.239416337315,-19.1464466094067));
#2549=CARTESIAN_POINT('',(3.00886145650394,14.0322441126938,-19.1636499747752));
#2550=CARTESIAN_POINT('',(3.11264999649058,13.8387253335712,-19.1892049038776));
#2551=CARTESIAN_POINT('',(3.26666611460658,13.678681298553,-19.221495674496));
#2552=CARTESIAN_POINT('',(3.45503713314772,13.5686059137151,-19.2571944466548));
#2553=CARTESIAN_POINT('',(3.65831002786411,13.5135771629879,-19.2928932188135));
#2554=SURFACE_SIDE_STYLE('',(#5039));
#2555=EDGE_LOOP('',(#5040,#5041,#5042,#5043));
#2556=CARTESIAN_POINT('',(2.95980894349863,-14.239416337315,-19.1464466094067));
#2557=CARTESIAN_POINT('',(3.00886145650394,-14.0322441126938,-19.1636499747752));
#2558=CARTESIAN_POINT('',(3.11264999649057,-13.8387253335712,-19.1892049038776));
#2559=CARTESIAN_POINT('',(3.26666611460659,-13.678681298553,-19.221495674496));
#2560=CARTESIAN_POINT('',(3.45503713314772,-13.5686059137151,-19.2571944466548));
#2561=CARTESIAN_POINT('',(3.65831002786412,-13.5135771629879,-19.2928932188135));
#2562=CARTESIAN_POINT('',(2.93858701183045,-14.2451614042573,-19.2761425921638));
#2563=CARTESIAN_POINT('',(2.99067598845933,-14.0418896982124,-19.267068307068));
#2564=CARTESIAN_POINT('',(3.09362441461333,-13.8519339777691,-19.2733350534499));
#2565=CARTESIAN_POINT('',(3.24283576652259,-13.693766473615,-19.2959362677268));
#2566=CARTESIAN_POINT('',(3.42375845928456,-13.582829451363,-19.332715874393));
#2567=CARTESIAN_POINT('',(3.61869575541685,-13.524301287947,-19.3793572073182));
#2568=CARTESIAN_POINT('',(2.90168959006253,-14.2260226274126,-19.4015540385649));
#2569=CARTESIAN_POINT('',(2.95901305382988,-14.0336610792967,-19.3697866192549));
#2570=CARTESIAN_POINT('',(3.06163922835645,-13.8525862091446,-19.3590621244851));
#2571=CARTESIAN_POINT('',(3.20478216877001,-13.6989526482928,-19.3723510862745));
#2572=CARTESIAN_POINT('',(3.37556083570569,-13.5866075487226,-19.4085598716398));
#2573=CARTESIAN_POINT('',(3.55861178972442,-13.5210482378593,-19.4629652705908));
#2574=CARTESIAN_POINT('',(2.85174880602542,-14.1849698909115,-19.5130592910316));
#2575=CARTESIAN_POINT('',(2.91494174547196,-14.0082327535984,-19.4657185910741));
#2576=CARTESIAN_POINT('',(3.01702199399911,-13.8396580232863,-19.4427178161703));
#2577=CARTESIAN_POINT('',(3.1531395002062,-13.6926925372466,-19.4478781549075));
#2578=CARTESIAN_POINT('',(3.31220975330207,-13.5793118764834,-19.4808664423995));
#2579=CARTESIAN_POINT('',(3.48134172777119,-13.5052338402803,-19.5373016805712));
#2580=CARTESIAN_POINT('',(2.79354029354454,-14.1304128217268,-19.6047223996966));
#2581=CARTESIAN_POINT('',(2.86109326544292,-13.9698873689362,-19.5484530338922));
#2582=CARTESIAN_POINT('',(2.96135782688037,-13.8145217685725,-19.5176305977643));
#2583=CARTESIAN_POINT('',(3.08968080562139,-13.6753577360588,-19.5162372083203));
#2584=CARTESIAN_POINT('',(3.23668054247645,-13.5625756106058,-19.5444165479203));
#2585=CARTESIAN_POINT('',(3.39168188513712,-13.4817653471171,-19.598410398144));
#2586=CARTESIAN_POINT('',(2.73274457633872,-14.0711245566528,-19.6767766956524));
#2587=CARTESIAN_POINT('',(2.80281332775609,-13.9256556754923,-19.6162011984839));
#2588=CARTESIAN_POINT('',(2.90012205539547,-13.7828308693261,-19.5807850566557));
#2589=CARTESIAN_POINT('',(3.02035966915548,-13.6516841463789,-19.5743242313669));
#2590=CARTESIAN_POINT('',(3.15564925457757,-13.5408070903149,-19.5972419792557));
#2591=CARTESIAN_POINT('',(3.29719521251366,-13.4554615466771,-19.6464466114934));
#2592=SURFACE_SIDE_STYLE('',(#5044));
#2593=EDGE_LOOP('',(#5045,#5046,#5047,#5048,#5049,#5050));
#2594=AXIS2_PLACEMENT_3D('',#5051,#5052,#5053);
#2595=SURFACE_SIDE_STYLE('',(#5054));
#2596=EDGE_LOOP('',(#5055,#5056,#5057,#5058));
#2597=CARTESIAN_POINT('',(-2.0,15.0,16.1566296854377));
#2598=CARTESIAN_POINT('',(-1.98271522236373,14.9999998450282,15.9708169355905));
#2599=CARTESIAN_POINT('',(-1.96543044472747,15.0435313036019,15.7850041857435));
#2600=CARTESIAN_POINT('',(-1.94940298451967,15.1306776994693,15.6127076993815));
#2601=CARTESIAN_POINT('',(-1.93587269948566,15.2546975319509,15.4672560469917));
#2602=CARTESIAN_POINT('',(-1.92558195215137,15.4046345817383,15.3566296854379));
#2603=CARTESIAN_POINT('',(-1.60048434421825,15.0,16.1937943406829));
#2604=CARTESIAN_POINT('',(-1.58661233647258,14.999999841371,16.0081215305334));
#2605=CARTESIAN_POINT('',(-1.57274032872692,15.0433188128778,15.822448720384));
#2606=CARTESIAN_POINT('',(-1.55987122073382,15.1300390582489,15.6502156844911));
#2607=CARTESIAN_POINT('',(-1.54899415243366,15.2534868034296,15.5046773605329));
#2608=CARTESIAN_POINT('',(-1.54070362279421,15.4028049092383,15.393794340683));
#2609=CARTESIAN_POINT('',(-1.20064450811762,15.0,16.2218491014952));
#2610=CARTESIAN_POINT('',(-1.19021758349339,14.9999998645179,16.0362827212921));
#2611=CARTESIAN_POINT('',(-1.17979065886918,15.0431569724519,15.8507163410893));
#2612=CARTESIAN_POINT('',(-1.17011437991413,15.1295525800561,15.6785316040554));
#2613=CARTESIAN_POINT('',(-1.1619291771704,15.2525640645606,15.53292745541));
#2614=CARTESIAN_POINT('',(-1.15568121471492,15.401409308743,15.4218491014953));
#2615=CARTESIAN_POINT('',(-0.800557787041209,15.0,16.2406171434086));
#2616=CARTESIAN_POINT('',(-0.793598475547456,14.9999999247599,16.0551222892638));
#2617=CARTESIAN_POINT('',(-0.786639164053709,15.04304819247,15.869627435119));
#2618=CARTESIAN_POINT('',(-0.78017979741319,15.1292254641088,15.6974751727079));
#2619=CARTESIAN_POINT('',(-0.774713544988335,15.2519433582243,15.5518268208776));
#2620=CARTESIAN_POINT('',(-0.770537961091306,15.4004700488989,15.4406171434086));
#2621=CARTESIAN_POINT('',(-0.400298867706203,15.0,16.2500024204069));
#2622=CARTESIAN_POINT('',(-0.396819014111145,14.9999999694615,16.0645433484233));
#2623=CARTESIAN_POINT('',(-0.393339160516093,15.0429938032032,15.8790842764399));
#2624=CARTESIAN_POINT('',(-0.390109293356417,15.1290618633334,15.7069482599273));
#2625=CARTESIAN_POINT('',(-0.387376011140113,15.2516328981071,15.5612777944551));
#2626=CARTESIAN_POINT('',(-0.385288099437436,15.4000002410838,15.4500024204069));
#2627=CARTESIAN_POINT('',(3.30491189970417E-12,15.0,16.2500008341292));
#2628=CARTESIAN_POINT('',(-3.59661260773692E-08,14.9999999892743,16.0645417805882));
#2629=CARTESIAN_POINT('',(-7.19355571776603E-08,15.0429938147498,15.8790827270473));
#2630=CARTESIAN_POINT('',(-1.05321008914139E-07,15.1290618369589,15.7069467189081));
#2631=CARTESIAN_POINT('',(-1.33573520910701E-07,15.2516328115835,15.5612762420382));
#2632=CARTESIAN_POINT('',(-1.55155174930144E-07,15.4000000843041,15.4500008341292));
#2633=SURFACE_SIDE_STYLE('',(#5059));
#2634=EDGE_LOOP('',(#5060,#5061,#5062,#5063));
#2635=CARTESIAN_POINT('',(-2.88493011844071,14.4657242810931,16.7));
#2636=CARTESIAN_POINT('',(-2.93750120634964,14.3658331380238,16.4977050787683));
#2637=CARTESIAN_POINT('',(-3.04943472711959,14.2971834719861,16.2954101575367));
#2638=CARTESIAN_POINT('',(-3.21507330874742,14.2711453803564,16.1158689022159));
#2639=CARTESIAN_POINT('',(-3.41410155807521,14.2909124069538,15.9811018538786));
#2640=CARTESIAN_POINT('',(-3.62298257922792,14.3497037415991,15.9));
#2641=CARTESIAN_POINT('',(-2.83523334084674,14.5601522923321,16.5809157311692));
#2642=CARTESIAN_POINT('',(-2.89279988483566,14.4766323480349,16.3827102005359));
#2643=CARTESIAN_POINT('',(-3.00152805020339,14.4281267960053,16.1845046699028));
#2644=CARTESIAN_POINT('',(-3.15561502150755,14.4232283243918,16.0067055901086));
#2645=CARTESIAN_POINT('',(-3.33795361831698,14.4622561197982,15.8691780472356));
#2646=CARTESIAN_POINT('',(-3.52897581371902,14.537199880499,15.7809157311692));
#2647=CARTESIAN_POINT('',(-2.77081613423085,14.6518357124681,16.4699701027628));
#2648=CARTESIAN_POINT('',(-2.82980725605961,14.5855393970942,16.2752761103486));
#2649=CARTESIAN_POINT('',(-2.93197167093447,14.556821081617,16.0805821179347));
#2650=CARTESIAN_POINT('',(-3.07184553156205,14.5718738519418,15.9043124116167));
#2651=CARTESIAN_POINT('',(-3.23533244551043,14.6288914660819,15.7644772409752));
#2652=CARTESIAN_POINT('',(-3.4064324232244,14.7190453444307,15.6699701027628));
#2653=CARTESIAN_POINT('',(-2.69071359917214,14.7387462477888,16.3697456148376));
#2654=CARTESIAN_POINT('',(-2.74716842363917,14.6897393598908,16.178019178782));
#2655=CARTESIAN_POINT('',(-2.83922090738857,14.6798708274338,15.9862927427267));
#2656=CARTESIAN_POINT('',(-2.96208863632646,14.7133831936961,15.8113368376622));
#2657=CARTESIAN_POINT('',(-3.10443836869153,14.7869445219429,15.6695954648587));
#2658=CARTESIAN_POINT('',(-3.25344205591831,14.8912159398013,15.5697456148376));
#2659=CARTESIAN_POINT('',(-2.51888699725021,14.8738423045997,16.2242938972297));
#2660=CARTESIAN_POINT('',(-2.56267151927515,14.8524274704954,16.0366783122605));
#2661=CARTESIAN_POINT('',(-2.62995427427603,14.8717346508292,15.8490627272912));
#2662=CARTESIAN_POINT('',(-2.71748002802228,14.9334128335585,15.6759473095964));
#2663=CARTESIAN_POINT('',(-2.8182239022184,15.0322633988505,15.5316090737252));
#2664=CARTESIAN_POINT('',(-2.92418351101604,15.1583933920966,15.4242938972298));
#2665=CARTESIAN_POINT('',(-2.30102164994277,14.961489728544,16.1507295987142));
#2666=CARTESIAN_POINT('',(-2.32056119958067,14.9572975692394,15.9650789065046));
#2667=CARTESIAN_POINT('',(-2.35296874679747,14.9947750911715,15.7794282142953));
#2668=CARTESIAN_POINT('',(-2.39688813761277,15.0742889610469,15.6072047839655));
#2669=CARTESIAN_POINT('',(-2.44900241873851,15.1897066970356,15.4616517989318));
#2670=CARTESIAN_POINT('',(-2.50529261349653,15.3307625970601,15.3507295987142));
#2671=CARTESIAN_POINT('',(-2.20162408858582,14.9875564188627,16.1353471875653));
#2672=CARTESIAN_POINT('',(-2.20912602723175,14.9880140176889,15.9500999322555));
#2673=CARTESIAN_POINT('',(-2.22521256074074,15.0305967917255,15.7648526769457));
#2674=CARTESIAN_POINT('',(-2.24936839674114,15.1153557138978,15.5928131654338));
#2675=CARTESIAN_POINT('',(-2.27977101956229,15.2358758580752,15.4470125430349));
#2676=CARTESIAN_POINT('',(-2.31398131024432,15.3817157489061,15.3353471875653));
#2677=CARTESIAN_POINT('',(-2.09995917287434,14.9999999768664,16.1380152466779));
#2678=CARTESIAN_POINT('',(-2.09484165188215,15.0017276617167,15.9527015411562));
#2679=CARTESIAN_POINT('',(-2.09407549799009,15.0462292128659,15.7673878356346));
#2680=CARTESIAN_POINT('',(-2.09801929762899,15.1334580593012,15.5953176228283));
#2681=CARTESIAN_POINT('',(-2.10634517767362,15.2567902826878,15.4495568875895));
#2682=CARTESIAN_POINT('',(-2.11817316829289,15.4055487876394,15.3380152466779));
#2683=CARTESIAN_POINT('',(-2.00000363831423,15.0000001773641,16.1566118575033));
#2684=CARTESIAN_POINT('',(-1.98271872290707,15.000000154102,15.9707992386548));
#2685=CARTESIAN_POINT('',(-1.96543397059226,15.0435315545294,15.7849866198065));
#2686=CARTESIAN_POINT('',(-1.94940670335776,15.1306776917264,15.6126901928411));
#2687=CARTESIAN_POINT('',(-1.93587675803638,15.2546971175631,15.4672384593172));
#2688=CARTESIAN_POINT('',(-1.92558646081712,15.4046336975457,15.3566118575033));
#2689=SURFACE_SIDE_STYLE('',(#5064));
#2690=EDGE_LOOP('',(#5065,#5066,#5067,#5068));
#2691=CARTESIAN_POINT('',(1.75221031468909E-06,-15.4000000844128,15.450000831978));
#2692=CARTESIAN_POINT('',(1.73765778551077E-06,-15.2516328116645,15.561276239892));
#2693=CARTESIAN_POINT('',(1.71986081550639E-06,-15.1290618370143,15.7069467167637));
#2694=CARTESIAN_POINT('',(1.69985876727169E-06,-15.0429938147822,15.8790827249014));
#2695=CARTESIAN_POINT('',(1.67917878632742E-06,-14.9999999892881,16.0645417784397));
#2696=CARTESIAN_POINT('',(1.65925103988006E-06,-15.0,16.250000831978));
#2697=CARTESIAN_POINT('',(-0.385192009272147,-15.3999999259114,15.4499992812868));
#2698=CARTESIAN_POINT('',(-0.387279444726555,-15.2516327239138,15.5612747232096));
#2699=CARTESIAN_POINT('',(-0.390012103767107,-15.1290618098879,15.7069452115288));
#2700=CARTESIAN_POINT('',(-0.393241234761752,-15.0429938259655,15.8790812112566));
#2701=CARTESIAN_POINT('',(-0.396720295408306,-15.0000000089907,16.0645402462717));
#2702=CARTESIAN_POINT('',(-0.400199356223016,-15.0,16.2499992812868));
#2703=CARTESIAN_POINT('',(-0.770423782549426,-15.4004691891312,15.4406154505095));
#2704=CARTESIAN_POINT('',(-0.774598900565609,-15.2519428584499,15.5518252960007));
#2705=CARTESIAN_POINT('',(-0.780064541121315,-15.1292252776982,15.6974737043953));
#2706=CARTESIAN_POINT('',(-0.786523183585141,-15.043048211828,15.8696259252492));
#2707=CARTESIAN_POINT('',(-0.793481714725383,-15.0000000041037,16.0551206878794));
#2708=CARTESIAN_POINT('',(-0.800440246520134,-15.0,16.2406154505095));
#2709=CARTESIAN_POINT('',(-1.15560700111435,-15.4014079529832,15.4218425212189));
#2710=CARTESIAN_POINT('',(-1.16185488945833,-15.2525632831121,15.532921145158));
#2711=CARTESIAN_POINT('',(-1.17003997864242,-15.1295522973542,15.6785253847648));
#2712=CARTESIAN_POINT('',(-1.1797161121979,-15.0431570150177,15.8507100550301));
#2713=CARTESIAN_POINT('',(-1.19014287482272,-14.9999999977121,16.0362762881245));
#2714=CARTESIAN_POINT('',(-1.20056963654368,-15.0,16.2218425212189));
#2715=CARTESIAN_POINT('',(-1.54067078977789,-15.4028035443378,15.3937833057024));
#2716=CARTESIAN_POINT('',(-1.54896151496603,-15.2534860293179,15.5046666068216));
#2717=CARTESIAN_POINT('',(-1.55983881540109,-15.1300387949295,15.6502050256548));
#2718=CARTESIAN_POINT('',(-1.57270818136137,-15.043318878457,15.8224379920059));
#2719=CARTESIAN_POINT('',(-1.58658045892365,-14.9999999906919,16.0081106488541));
#2720=CARTESIAN_POINT('',(-1.60045273460773,-15.0,16.1937833057024));
#2721=CARTESIAN_POINT('',(-1.92557968006259,-15.4046334110503,15.3566161348851));
#2722=CARTESIAN_POINT('',(-1.93587077002915,-15.2546968799092,15.4672427464411));
#2723=CARTESIAN_POINT('',(-1.94940147879873,-15.1306774936638,15.6126944832549));
#2724=CARTESIAN_POINT('',(-1.96542942259822,-15.0435313811884,15.7849909078118));
#2725=CARTESIAN_POINT('',(-1.98271471249983,-14.9999999873818,15.9708035213485));
#2726=CARTESIAN_POINT('',(-2.0,-15.0,16.1566161348851));
#2727=SURFACE_SIDE_STYLE('',(#5069));
#2728=EDGE_LOOP('',(#5070,#5071,#5072,#5073));
#2729=CARTESIAN_POINT('',(-3.62298260267711,-14.349703736514,15.9));
#2730=CARTESIAN_POINT('',(-3.41410157446029,-14.2909124042406,15.981101851694));
#2731=CARTESIAN_POINT('',(-3.21507331938928,-14.2711453791906,16.1158688991892));
#2732=CARTESIAN_POINT('',(-3.04943473473577,-14.2971834714476,16.2954101550414));
#2733=CARTESIAN_POINT('',(-2.93750121457546,-14.36583313703,16.4977050775207));
#2734=CARTESIAN_POINT('',(-2.88493013059324,-14.46572427846,16.7));
#2735=CARTESIAN_POINT('',(-3.5289757595602,-14.5371998866953,15.7809157352687));
#2736=CARTESIAN_POINT('',(-3.33795357644244,-14.4622561219899,15.8691780539022));
#2737=CARTESIAN_POINT('',(-3.15561499012023,-14.4232283240171,16.0067055977897));
#2738=CARTESIAN_POINT('',(-3.00152802530704,-14.4281267948229,16.1845046769614));
#2739=CARTESIAN_POINT('',(-2.89279986092903,-14.4766323480805,16.3827102061151));
#2740=CARTESIAN_POINT('',(-2.83523331281125,-14.5601522956325,16.5809157352687));
#2741=CARTESIAN_POINT('',(-3.40643246757485,-14.7190457643387,15.6699698055716));
#2742=CARTESIAN_POINT('',(-3.23533248947697,-14.6288918567109,15.7644769549345));
#2743=CARTESIAN_POINT('',(-3.07184557630746,-14.5718742031199,15.9043121298042));
#2744=CARTESIAN_POINT('',(-2.93197171379479,-14.5568213855225,16.0805818334013));
#2745=CARTESIAN_POINT('',(-2.82980729084723,-14.585539652039,16.2752758194865));
#2746=CARTESIAN_POINT('',(-2.77081615484038,-14.6518359232518,16.4699698055716));
#2747=CARTESIAN_POINT('',(-3.25344272100876,-14.8912153834958,15.5697459237517));
#2748=CARTESIAN_POINT('',(-3.10443892922618,-14.7869440090879,15.669595751685));
#2749=CARTESIAN_POINT('',(-2.96208910208218,-14.7133827322881,15.8113371166908));
#2750=CARTESIAN_POINT('',(-2.83922130066748,-14.6798704250125,15.986293027193));
#2751=CARTESIAN_POINT('',(-2.74716877683868,-14.6897390197124,16.1780194754724));
#2752=CARTESIAN_POINT('',(-2.69071394646708,-14.7387459666094,16.3697459237516));
#2753=CARTESIAN_POINT('',(-2.92418341904073,-15.1583936727691,15.4242937165248));
#2754=CARTESIAN_POINT('',(-2.81822384108974,-15.0322636590281,15.5316089070672));
#2755=CARTESIAN_POINT('',(-2.71747999137751,-14.9334130683482,15.6759471479537));
#2756=CARTESIAN_POINT('',(-2.62995424986923,-14.8717348553925,15.8490625621955));
#2757=CARTESIAN_POINT('',(-2.56267149059004,-14.8524276425574,16.0366781393601));
#2758=CARTESIAN_POINT('',(-2.51888694824448,-14.87384244587,16.2242937165249));
#2759=CARTESIAN_POINT('',(-2.50529091330497,-15.3307633085847,15.3507292943886));
#2760=CARTESIAN_POINT('',(-2.449000911283,-15.1897073459946,15.4616515062009));
#2761=CARTESIAN_POINT('',(-2.39688682228157,-15.0742895410161,15.6072044950512));
#2762=CARTESIAN_POINT('',(-2.35296760804163,-14.9947755976342,15.7794279225053));
#2763=CARTESIAN_POINT('',(-2.32056020732109,-14.9572980013762,15.965078608447));
#2764=CARTESIAN_POINT('',(-2.30102076569457,-14.96149009031,16.1507292943886));
#2765=CARTESIAN_POINT('',(-2.31397940752885,-15.3817163141345,15.335346996375));
#2766=CARTESIAN_POINT('',(-2.27976935102773,-15.2358763710989,15.4470123632444));
#2767=CARTESIAN_POINT('',(-2.24936695241713,-15.1153561711348,15.5928129894712));
#2768=CARTESIAN_POINT('',(-2.22521131336528,-15.0305971909302,15.7648524981629));
#2769=CARTESIAN_POINT('',(-2.20912493419392,-14.988014359448,15.9500997472689));
#2770=CARTESIAN_POINT('',(-2.20162309988617,-14.9875567075015,16.135346996375));
#2771=CARTESIAN_POINT('',(-2.11817008257407,-15.4055491835473,15.3380152754305));
#2772=CARTESIAN_POINT('',(-2.10634243898028,-15.2567906320008,15.4495569151277));
#2773=CARTESIAN_POINT('',(-2.09801690372564,-15.1334583630194,15.595317649985));
#2774=CARTESIAN_POINT('',(-2.09407342254039,-15.0462294755836,15.7673878630931));
#2775=CARTESIAN_POINT('',(-2.09483984506692,-15.0017278913748,15.9527015692618));
#2776=CARTESIAN_POINT('',(-2.09995757072058,-15.0000001831752,16.1380152754305));
#2777=CARTESIAN_POINT('',(-1.92558232682986,-15.4046336587337,15.3566122692537));
#2778=CARTESIAN_POINT('',(-1.93587309257126,-15.2546970569213,15.4672388526112));
#2779=CARTESIAN_POINT('',(-1.94940350366147,-15.1306776194147,15.6126905799026));
#2780=CARTESIAN_POINT('',(-1.96543119956551,-15.0435314861951,15.7849870114306));
#2781=CARTESIAN_POINT('',(-1.98271630982986,-15.0000001075852,15.9707996403422));
#2782=CARTESIAN_POINT('',(-2.00000149273779,-15.0000001677363,16.1566122692537));
#2783=SURFACE_SIDE_STYLE('',(#5074));
#2784=EDGE_LOOP('',(#5075,#5076,#5077,#5078,#5079,#5080));
#2785=AXIS2_PLACEMENT_3D('',#5081,#5082,#5083);
#2786=SURFACE_SIDE_STYLE('',(#5084));
#2787=EDGE_LOOP('',(#5085,#5086,#5087,#5088));
#2788=AXIS2_PLACEMENT_3D('',#5089,#5090,#5091);
#2789=SURFACE_SIDE_STYLE('',(#5092));
#2790=EDGE_LOOP('',(#5093,#5094,#5095,#5096));
#2791=CARTESIAN_POINT('',(-2.95980980437671,14.239416171732,19.1464465384914));
#2792=CARTESIAN_POINT('',(-3.00886238762163,14.0322439423451,19.1636499216286));
#2793=CARTESIAN_POINT('',(-3.11265104442624,13.838725150748,19.1892048682125));
#2794=CARTESIAN_POINT('',(-3.26666731950844,13.6786810953987,19.2214956543743));
#2795=CARTESIAN_POINT('',(-3.45503851947666,13.56860568396,19.2571944386391));
#2796=CARTESIAN_POINT('',(-3.65831160263637,13.513576903106,19.2928932188134));
#2797=CARTESIAN_POINT('',(-2.96456140114676,14.238129843426,19.1174068557773));
#2798=CARTESIAN_POINT('',(-3.01413813096036,14.0309332065814,19.13121483035));
#2799=CARTESIAN_POINT('',(-3.11865557494292,13.8373001037216,19.1517081707617));
#2800=CARTESIAN_POINT('',(-3.27356121999946,13.6770296052189,19.1775919362386));
#2801=CARTESIAN_POINT('',(-3.46291126281477,13.5666176043179,19.2062028916745));
#2802=CARTESIAN_POINT('',(-3.66718125907027,13.5111757429839,19.2348138433247));
#2803=CARTESIAN_POINT('',(-2.96813279124915,14.2371588118203,19.0881807144657));
#2804=CARTESIAN_POINT('',(-3.01810563085228,14.0299436234415,19.0985596119921));
#2805=CARTESIAN_POINT('',(-3.12317173671359,13.8362242683572,19.1139545081414));
#2806=CARTESIAN_POINT('',(-3.27874545616309,13.6757829642154,19.1333930181748));
#2807=CARTESIAN_POINT('',(-3.46883000827934,13.5651169457447,19.154877274731));
#2808=CARTESIAN_POINT('',(-3.67384786666839,13.5093631311847,19.1763615284428));
#2809=CARTESIAN_POINT('',(-2.97051625302181,14.2365093258318,19.0588294890238));
#2810=CARTESIAN_POINT('',(-3.02075419338667,14.0292816808001,19.0657564484454));
#2811=CARTESIAN_POINT('',(-3.12618677156634,13.8355046462537,19.0760280910794));
#2812=CARTESIAN_POINT('',(-3.28220621185798,13.674949143025,19.0889957633588));
#2813=CARTESIAN_POINT('',(-3.47278053964106,13.5641132488128,19.1033273955744));
#2814=CARTESIAN_POINT('',(-3.67829700564197,13.5081507415517,19.1176590264152));
#2815=CARTESIAN_POINT('',(-2.97170821906682,14.2361845401333,19.0294147424529));
#2816=CARTESIAN_POINT('',(-3.0220787278827,14.0289506653532,19.0328782175473));
#2817=CARTESIAN_POINT('',(-3.12769457425877,13.8351447871563,19.0380140334436));
#2818=CARTESIAN_POINT('',(-3.28393691902383,13.6745321778794,19.044497863825));
#2819=CARTESIAN_POINT('',(-3.4747561858857,13.5636113375334,19.0516636743654));
#2820=CARTESIAN_POINT('',(-3.68052200892473,13.5075444749155,19.0588294849057));
#2821=CARTESIAN_POINT('',(-2.97170821906682,14.2361845401333,19.0));
#2822=CARTESIAN_POINT('',(-3.0220787278827,14.0289506653532,19.0));
#2823=CARTESIAN_POINT('',(-3.12769457425685,13.8351447871566,19.0000000000001));
#2824=CARTESIAN_POINT('',(-3.28393691902355,13.6745321778795,19.0));
#2825=CARTESIAN_POINT('',(-3.47475618588571,13.5636113375334,19.0));
#2826=CARTESIAN_POINT('',(-3.68052200892473,13.5075444749155,19.0));
#2827=SURFACE_SIDE_STYLE('',(#5097));
#2828=EDGE_LOOP('',(#5098,#5099,#5100,#5101));
#2829=AXIS2_PLACEMENT_3D('',#5102,#5103,#5104);
#2830=SURFACE_SIDE_STYLE('',(#5105));
#2831=EDGE_LOOP('',(#5106,#5107,#5108,#5109));
#2832=CARTESIAN_POINT('',(-3.65831158097391,-13.5135769088948,19.2928932188135));
#2833=CARTESIAN_POINT('',(-3.45503850379987,-13.5686056884903,19.2571944296911));
#2834=CARTESIAN_POINT('',(-3.26666730848403,-13.6786810987863,19.2214956405688));
#2835=CARTESIAN_POINT('',(-3.11265103585019,-13.838725153303,19.1892048544551));
#2836=CARTESIAN_POINT('',(-3.0088623787834,-14.0322439447284,19.1636499127676));
#2837=CARTESIAN_POINT('',(-2.95980979277179,-14.2394161748332,19.1464465384915));
#2838=CARTESIAN_POINT('',(-3.66718124886403,-13.5111757457045,19.2348137869214));
#2839=CARTESIAN_POINT('',(-3.46291125629848,-13.5666176063822,19.2062028338262));
#2840=CARTESIAN_POINT('',(-3.27356121622981,-13.6770296066643,19.177591880731));
#2841=CARTESIAN_POINT('',(-3.11865557239527,-13.837300104705,19.1517081214994));
#2842=CARTESIAN_POINT('',(-3.01413812778909,-14.0309332075099,19.1312147905651));
#2843=CARTESIAN_POINT('',(-2.96456139567911,-14.2381298448835,19.1174068275757));
#2844=CARTESIAN_POINT('',(-3.67384786657297,-13.5093631311917,19.1763614271128));
#2845=CARTESIAN_POINT('',(-3.46883000933401,-13.5651169456662,19.1548771794608));
#2846=CARTESIAN_POINT('',(-3.27874545795511,-13.6757829640293,19.1333929318089));
#2847=CARTESIAN_POINT('',(-3.12317173860521,-13.8362242680782,19.1139544329501));
#2848=CARTESIAN_POINT('',(-3.01810563209625,-14.0299436231959,19.0985595490904));
#2849=CARTESIAN_POINT('',(-2.96813279119804,-14.2371588118241,19.0881806638009));
#2850=CARTESIAN_POINT('',(-3.67829700967739,-13.5081507404522,19.1176589197178));
#2851=CARTESIAN_POINT('',(-3.47278054322416,-13.5641132479027,19.1033272988297));
#2852=CARTESIAN_POINT('',(-3.28220621499374,-13.6749491422701,19.0889956779418));
#2853=CARTESIAN_POINT('',(-3.12618677430252,-13.8355046456017,19.0760280174209));
#2854=CARTESIAN_POINT('',(-3.02075419578903,-14.0292816801999,19.0657563857709));
#2855=CARTESIAN_POINT('',(-2.97051625518364,-14.2365093252427,19.058829435675));
#2856=CARTESIAN_POINT('',(-3.68052200892472,-13.5075444749155,19.0588294315571));
#2857=CARTESIAN_POINT('',(-3.47475618588569,-13.5636113375333,19.0516636275149));
#2858=CARTESIAN_POINT('',(-3.28393691902381,-13.6745321778795,19.0444978234728));
#2859=CARTESIAN_POINT('',(-3.1276945742587,-13.8351447871562,19.038013998971));
#2860=CARTESIAN_POINT('',(-3.02207872788271,-14.0289506653532,19.0328781877323));
#2861=CARTESIAN_POINT('',(-2.97170821906683,-14.2361845401333,19.0294147157786));
#2862=CARTESIAN_POINT('',(-3.68052200892473,-13.5075444749155,19.0));
#2863=CARTESIAN_POINT('',(-3.47475618588569,-13.5636113375333,19.0));
#2864=CARTESIAN_POINT('',(-3.28393691902357,-13.6745321778796,19.0));
#2865=CARTESIAN_POINT('',(-3.12769457425683,-13.8351447871565,19.0));
#2866=CARTESIAN_POINT('',(-3.02207872788271,-14.0289506653532,19.0));
#2867=CARTESIAN_POINT('',(-2.97170821906682,-14.2361845401333,19.0));
#2868=SURFACE_SIDE_STYLE('',(#5110));
#2869=EDGE_LOOP('',(#5111,#5112,#5113,#5114,#5115,#5116,#5117,#5118));
#2870=AXIS2_PLACEMENT_3D('',#5119,#5120,#5121);
#2871=SURFACE_SIDE_STYLE('',(#5122));
#2872=EDGE_LOOP('',(#5123,#5124,#5125,#5126));
#2873=CARTESIAN_POINT('',(2.88493025739121,14.4657242603754,16.7));
#2874=CARTESIAN_POINT('',(2.93750134891059,14.365833104189,16.4977050740698));
#2875=CARTESIAN_POINT('',(3.04943488801308,14.2971834257081,16.2954101481399));
#2876=CARTESIAN_POINT('',(3.21507350183378,14.2711453248813,16.1158688908174));
#2877=CARTESIAN_POINT('',(3.41410179120818,14.2909123469795,15.9811018456518));
#2878=CARTESIAN_POINT('',(3.62298285339518,14.3497036811947,15.9));
#2879=CARTESIAN_POINT('',(2.83116987563862,14.5678729849458,16.5711791205628));
#2880=CARTESIAN_POINT('',(2.8891448591606,14.4856915968431,16.3733079528014));
#2881=CARTESIAN_POINT('',(2.99761093039573,14.4388330833895,16.1754367850401));
#2882=CARTESIAN_POINT('',(3.15075338257081,14.4356630428899,15.9977801515748));
#2883=CARTESIAN_POINT('',(3.33172735277636,14.47626564629,15.8600269009547));
#2884=CARTESIAN_POINT('',(3.52128932577681,14.5525300663258,15.7711791205628));
#2885=CARTESIAN_POINT('',(2.76015578402105,14.6667804674595,16.4519228237478));
#2886=CARTESIAN_POINT('',(2.81934960551344,14.6032973469261,16.2577984235155));
#2887=CARTESIAN_POINT('',(2.92041250038334,14.5778051892964,16.063674023283));
#2888=CARTESIAN_POINT('',(3.0579392449451,14.596107066298,15.8876525997104));
#2889=CARTESIAN_POINT('',(3.21832425463491,14.6560537898169,15.7474434996479));
#2890=CARTESIAN_POINT('',(3.38614808037226,14.7486852585778,15.6519228237478));
#2891=CARTESIAN_POINT('',(2.670684955618,14.7600367413287,16.345305552522));
#2892=CARTESIAN_POINT('',(2.72643049935155,14.7152912009288,16.1542970291884));
#2893=CARTESIAN_POINT('',(2.81592078686203,14.7100428507071,15.9632885058552));
#2894=CARTESIAN_POINT('',(2.93454799581004,14.7480655862943,15.7886510365376));
#2895=CARTESIAN_POINT('',(3.07165269263438,14.8256662416262,15.6464497612553));
#2896=CARTESIAN_POINT('',(3.2151779832242,14.933387810406,15.545305552522));
#2897=CARTESIAN_POINT('',(2.49074577367497,14.8910394556074,16.2071272790759));
#2898=CARTESIAN_POINT('',(2.53177414440247,14.8732141478281,16.019972555334));
#2899=CARTESIAN_POINT('',(2.59471154155353,14.8962154000457,15.832817831592));
#2900=CARTESIAN_POINT('',(2.67655636352604,14.9614152590459,15.6599114077169));
#2901=CARTESIAN_POINT('',(2.77083708226111,15.0634371814016,15.5152877405802));
#2902=CARTESIAN_POINT('',(2.87015636118545,15.1923450674324,15.4071272790759));
#2903=CARTESIAN_POINT('',(2.26761997458463,14.9697314032379,16.146230445635));
#2904=CARTESIAN_POINT('',(2.28310674175319,14.9669744043458,15.9606977224763));
#2905=CARTESIAN_POINT('',(2.31002513879463,15.0060469288921,15.7751649993178));
#2906=CARTESIAN_POINT('',(2.34730254521291,15.0872178924497,15.6029953377455));
#2907=CARTESIAN_POINT('',(2.39212381832183,15.2042628040086,15.4573699207303));
#2908=CARTESIAN_POINT('',(2.44099968988118,15.3468547595619,15.346230445635));
#2909=CARTESIAN_POINT('',(2.17921416728524,14.9901056013233,16.1361839325038));
#2910=CARTESIAN_POINT('',(2.18393516440974,14.9907948683364,15.9509150308501));
#2911=CARTESIAN_POINT('',(2.19630667352359,15.0337550203966,15.7656461291965));
#2912=CARTESIAN_POINT('',(2.21600634218326,15.1190188936019,15.5935966733432));
#2913=CARTESIAN_POINT('',(2.24154191468086,15.2401266368882,15.4478091680343));
#2914=CARTESIAN_POINT('',(2.27081856726925,15.3865838796254,15.3361839325038));
#2915=CARTESIAN_POINT('',(2.08897195479017,15.0000000279598,16.1400598846584));
#2916=CARTESIAN_POINT('',(2.08251693874528,15.001537946351,15.954691383523));
#2917=CARTESIAN_POINT('',(2.07993499675941,15.0459329355295,15.7693228823876));
#2918=CARTESIAN_POINT('',(2.08168350686701,15.1331526905495,15.597227824542));
#2919=CARTESIAN_POINT('',(2.08760692142818,15.2565603853659,15.4515010269425));
#2920=CARTESIAN_POINT('',(2.09700359767159,15.4054482776579,15.3400598846585));
#2921=CARTESIAN_POINT('',(1.99999999782733,15.0000000010387,16.1566133750209));
#2922=CARTESIAN_POINT('',(1.98271458555365,15.0000000011048,15.9708007761749));
#2923=CARTESIAN_POINT('',(1.96542917323439,15.0435313855019,15.7849881773292));
#2924=CARTESIAN_POINT('',(1.9494011178061,15.1306774654274,15.6126917594331));
#2925=CARTESIAN_POINT('',(1.93587031616089,15.2546968021502,15.4672400135207));
#2926=CARTESIAN_POINT('',(1.92557915670245,15.4046332765985,15.3566133750208));
#2927=SURFACE_SIDE_STYLE('',(#5127));
#2928=EDGE_LOOP('',(#5128,#5129,#5130,#5131));
#2929=CARTESIAN_POINT('',(2.00000099933626,15.0,16.1566241204358));
#2930=CARTESIAN_POINT('',(1.98271603514579,14.9999999127829,15.9708114321122));
#2931=CARTESIAN_POINT('',(1.96543107095533,15.0435313456941,15.7849987437888));
#2932=CARTESIAN_POINT('',(1.94940343505163,15.1306776170347,15.6127022853224));
#2933=CARTESIAN_POINT('',(1.93587299596094,15.2546972510403,15.4672505948279));
#2934=CARTESIAN_POINT('',(1.92558212365488,15.4046340690525,15.3566241204359));
#2935=CARTESIAN_POINT('',(1.6004824416605,15.0,16.1937885723968));
#2936=CARTESIAN_POINT('',(1.58661024917227,14.999999915233,16.0081158305776));
#2937=CARTESIAN_POINT('',(1.57273805668405,15.0433188567496,15.8224430887585));
#2938=CARTESIAN_POINT('',(1.55986877484104,15.1300389623575,15.6502100838623));
#2939=CARTESIAN_POINT('',(1.54899155439285,15.2534864856716,15.5046717176163));
#2940=CARTESIAN_POINT('',(1.54070090170049,15.4028043326055,15.3937885723969));
#2941=CARTESIAN_POINT('',(1.20063372299984,15.0,16.2218443088186));
#2942=CARTESIAN_POINT('',(1.19020668931303,14.9999999353725,16.0362779970979));
#2943=CARTESIAN_POINT('',(1.17977965562623,15.0431570099746,15.8507116853774));
#2944=CARTESIAN_POINT('',(1.17010327362718,15.1295524743823,15.6785269794191));
#2945=CARTESIAN_POINT('',(1.1619179798447,15.2525637336829,15.532922788431));
#2946=CARTESIAN_POINT('',(1.15566994262374,15.4014087158646,15.4218443088186));
#2947=CARTESIAN_POINT('',(0.800537449006634,15.0,16.2406138223841));
#2948=CARTESIAN_POINT('',(0.793578149921779,14.9999999792204,16.0551190222966));
#2949=CARTESIAN_POINT('',(0.786618850836929,15.043048219093,15.8696242222092));
#2950=CARTESIAN_POINT('',(0.780159495218989,15.1292253762356,15.697471984346));
#2951=CARTESIAN_POINT('',(0.7746932510757,15.2519430912207,15.5518235991013));
#2952=CARTESIAN_POINT('',(0.770517672080787,15.4004695738236,15.4406138223842));
#2953=CARTESIAN_POINT('',(0.400277932515284,15.0,16.2500003754401));
#2954=CARTESIAN_POINT('',(0.396798178404793,14.9999999956735,16.0645413276937));
#2955=CARTESIAN_POINT('',(0.393318424294305,15.042993818726,15.8790822799474));
#2956=CARTESIAN_POINT('',(0.39008864939041,15.1290618291821,15.7069462744392));
#2957=CARTESIAN_POINT('',(0.387355445072611,15.2516327850447,15.5612757939881));
#2958=CARTESIAN_POINT('',(0.38526759263961,15.4000000357956,15.4500003754401));
#2959=CARTESIAN_POINT('',(1.40099414958381E-07,15.0,16.2500000660016));
#2960=CARTESIAN_POINT('',(1.42456692438839E-07,14.9999999992363,16.0645410216728));
#2961=CARTESIAN_POINT('',(1.44813970141342E-07,15.0429938206481,15.8790819773441));
#2962=CARTESIAN_POINT('',(1.4700190519311E-07,15.1290618239761,15.7069459733876));
#2963=CARTESIAN_POINT('',(1.48853450218484E-07,15.251632768607,15.5612754908244));
#2964=CARTESIAN_POINT('',(1.50267816951008E-07,15.4000000062734,15.4500000660016));
#2965=SURFACE_SIDE_STYLE('',(#5132));
#2966=EDGE_LOOP('',(#5133,#5134,#5135,#5136));
#2967=CARTESIAN_POINT('',(3.62298288635666,-14.3497036740587,15.9));
#2968=CARTESIAN_POINT('',(3.41410181473548,-14.2909123429344,15.9811018428398));
#2969=CARTESIAN_POINT('',(3.21507351762843,-14.2711453228811,16.1158688869215));
#2970=CARTESIAN_POINT('',(3.04943489961275,-14.2971834245792,16.295410144928));
#2971=CARTESIAN_POINT('',(2.93750136107107,-14.365833102541,16.497705072464));
#2972=CARTESIAN_POINT('',(2.88493027447325,-14.4657242566804,16.7));
#2973=CARTESIAN_POINT('',(3.52128930987976,-14.5525299767724,15.7711791870394));
#2974=CARTESIAN_POINT('',(3.3317273415214,-14.4762655605418,15.8600269663427));
#2975=CARTESIAN_POINT('',(3.15075337466554,-14.4356629641434,15.9977802165773));
#2976=CARTESIAN_POINT('',(2.9976109241624,-14.4388330146117,16.1754368503106));
#2977=CARTESIAN_POINT('',(2.88914485289272,-14.485691539843,16.373308018675));
#2978=CARTESIAN_POINT('',(2.83116986794419,-14.5678729400591,16.5711791870394));
#2979=CARTESIAN_POINT('',(3.38614810454725,-14.7486857579238,15.6519224738332));
#2980=CARTESIAN_POINT('',(3.2183242860303,-14.6560542533708,15.7474431653814));
#2981=CARTESIAN_POINT('',(3.05793928344244,-14.5961074825431,15.887652271364));
#2982=CARTESIAN_POINT('',(2.92041254006662,-14.5778055493556,16.0636736911181));
#2983=CARTESIAN_POINT('',(2.81934963548394,-14.6032976492125,16.2577980824757));
#2984=CARTESIAN_POINT('',(2.76015579376073,-14.6667807181953,16.4519224738332));
#2985=CARTESIAN_POINT('',(3.21517824367053,-14.9333874046227,15.5453058010583));
#2986=CARTESIAN_POINT('',(3.07165289196648,-14.8256658609218,15.6464499827082));
#2987=CARTESIAN_POINT('',(2.9345481443841,-14.7480652384792,15.7886512484914));
#2988=CARTESIAN_POINT('',(2.81592090465305,-14.7100425454337,15.96328872448));
#2989=CARTESIAN_POINT('',(2.72643061336974,-14.7152909454049,16.1542972627692));
#2990=CARTESIAN_POINT('',(2.67068509254147,-14.7600365367818,16.3453058010583));
#2991=CARTESIAN_POINT('',(2.87015719456146,-15.1923447722571,15.4071273911071));
#2992=CARTESIAN_POINT('',(2.77083783112195,-15.0634369165432,15.5152878557919));
#2993=CARTESIAN_POINT('',(2.67655702469507,-14.9614150258196,15.6599115241477));
#2994=CARTESIAN_POINT('',(2.59471211713419,-14.8962151975277,15.8328179472479));
#2995=CARTESIAN_POINT('',(2.53177464239642,-14.8732139732498,16.0199726691775));
#2996=CARTESIAN_POINT('',(2.49074620680585,-14.8910393051996,16.2071273911071));
#2997=CARTESIAN_POINT('',(2.44099939111573,-15.346854872579,15.3462304014426));
#2998=CARTESIAN_POINT('',(2.39212354678663,-15.2042629046047,15.4573698734868));
#2999=CARTESIAN_POINT('',(2.34730230325793,-15.0872179803348,15.6029952893906));
#3000=CARTESIAN_POINT('',(2.31002492734873,-15.0060470049497,15.7751649517097));
#3001=CARTESIAN_POINT('',(2.28310655984495,-14.9669744702344,15.9606976765761));
#3002=CARTESIAN_POINT('',(2.26761981931058,-14.9697314607877,16.1462304014426));
#3003=CARTESIAN_POINT('',(2.27081864763277,-15.3865838734614,15.3361839290438));
#3004=CARTESIAN_POINT('',(2.241541975274,-15.2401266368432,15.4478091694034));
#3005=CARTESIAN_POINT('',(2.21600638836737,-15.1190188978926,15.5935966763452));
#3006=CARTESIAN_POINT('',(2.19630671169497,-15.0337550258454,15.7656461310046));
#3007=CARTESIAN_POINT('',(2.18393520124664,-14.9907948710932,15.9509150300242));
#3008=CARTESIAN_POINT('',(2.17921420900193,-14.9901055980345,16.1361839290438));
#3009=CARTESIAN_POINT('',(2.09700364400652,-15.4054482780628,15.3400598800635));
#3010=CARTESIAN_POINT('',(2.08760696140777,-15.256560386535,15.4515010230118));
#3011=CARTESIAN_POINT('',(2.08168354102562,-15.1331526922067,15.5972278208358));
#3012=CARTESIAN_POINT('',(2.0799350261034,-15.0459329372024,15.7693228785169));
#3013=CARTESIAN_POINT('',(2.08251696466953,-15.0015379474766,15.9546913792902));
#3014=CARTESIAN_POINT('',(2.08897197883831,-15.0000000280526,16.1400598800635));
#3015=CARTESIAN_POINT('',(1.92557915670321,-15.4046332766054,15.3566133750163));
#3016=CARTESIAN_POINT('',(1.93587031610455,-15.2546968021844,15.4672400135412));
#3017=CARTESIAN_POINT('',(1.94940111771862,-15.1306774654803,15.6126917594623));
#3018=CARTESIAN_POINT('',(1.96542917314622,-15.043531385557,15.784988177352));
#3019=CARTESIAN_POINT('',(1.98271458549602,-15.0000000011428,15.9708007761841));
#3020=CARTESIAN_POINT('',(1.99999999782772,-15.0000000010421,16.1566133750163));
#3021=SURFACE_SIDE_STYLE('',(#5137));
#3022=EDGE_LOOP('',(#5138,#5139,#5140,#5141));
#3023=CARTESIAN_POINT('',(-4.47991153951222E-06,-15.4000002372636,15.4500022563178));
#3024=CARTESIAN_POINT('',(-4.44587037284894E-06,-15.251632895289,15.5612776307271));
#3025=CARTESIAN_POINT('',(-4.40348813945945E-06,-15.1290618615234,15.706948096321));
#3026=CARTESIAN_POINT('',(-4.35519470676216E-06,-15.0429938022597,15.8790841127441));
#3027=CARTESIAN_POINT('',(-4.30467725387462E-06,-14.9999999691289,16.064543184531));
#3028=CARTESIAN_POINT('',(-4.25546841165136E-06,-15.0,16.2500022563178));
#3029=CARTESIAN_POINT('',(0.38516530686539,-15.3999999343702,15.4499994050225));
#3030=CARTESIAN_POINT('',(0.387252601724314,-15.2516327282772,15.5612748449037));
#3031=CARTESIAN_POINT('',(0.389985076657487,-15.1290618108069,15.7069453325358));
#3032=CARTESIAN_POINT('',(0.393213989955693,-15.042993824812,15.8790813327684));
#3033=CARTESIAN_POINT('',(0.396692815769628,-15.0000000075679,16.0645403688955));
#3034=CARTESIAN_POINT('',(0.400171641352571,-15.0,16.2499994050225));
#3035=CARTESIAN_POINT('',(0.770385732394265,-15.4004690225482,15.4406157720737));
#3036=CARTESIAN_POINT('',(0.774560623189976,-15.2519427599386,15.5518256489098));
#3037=CARTESIAN_POINT('',(0.780025966040343,-15.1292252387882,15.6974740678447));
#3038=CARTESIAN_POINT('',(0.786484256536573,-15.0430482126319,15.869626280967));
#3039=CARTESIAN_POINT('',(0.793442408375573,-15.0000000175095,16.0551210265138));
#3040=CARTESIAN_POINT('',(0.800400560839302,-15.0000000000001,16.2406157720736));
#3041=CARTESIAN_POINT('',(1.15558342554987,-15.4014078388749,15.4218438786322));
#3042=CARTESIAN_POINT('',(1.16183119909066,-15.2525632099472,15.5329225201408));
#3043=CARTESIAN_POINT('',(1.17001613766002,-15.1295522613377,15.67852676566));
#3044=CARTESIAN_POINT('',(1.17969209317266,-15.0431570057338,15.850711431585));
#3045=CARTESIAN_POINT('',(1.19011866427037,-15.0000000003451,16.0362776551087));
#3046=CARTESIAN_POINT('',(1.20054523503614,-14.9999999999999,16.2218438786322));
#3047=CARTESIAN_POINT('',(1.54066085177207,-15.4028034388816,15.393783442974));
#3048=CARTESIAN_POINT('',(1.54895154970004,-15.2534859643152,15.5046667622625));
#3049=CARTESIAN_POINT('',(1.55982881362243,-15.130038766019,15.6502051872271));
#3050=CARTESIAN_POINT('',(1.5726981360289,-15.0433188745214,15.8224381490859));
#3051=CARTESIAN_POINT('',(1.58657036679992,-14.9999999962319,16.00811079603));
#3052=CARTESIAN_POINT('',(1.60044259623757,-15.0,16.1937834429741));
#3053=CARTESIAN_POINT('',(1.92558405585159,-15.4046333668188,15.3566145989157));
#3054=CARTESIAN_POINT('',(1.93587519811826,-15.254696856421,15.4672412207881));
#3055=CARTESIAN_POINT('',(1.94940597547365,-15.1306774877974,15.6126929610858));
#3056=CARTESIAN_POINT('',(1.96543400051676,-15.0435313861381,15.7849893830922));
#3057=CARTESIAN_POINT('',(1.98271937829195,-14.9999999941082,15.970801991004));
#3058=CARTESIAN_POINT('',(2.00000475411783,-15.0,16.1566145989157));
#3059=SURFACE_SIDE_STYLE('',(#5142));
#3060=EDGE_LOOP('',(#5143,#5144,#5145,#5146,#5147,#5148));
#3061=AXIS2_PLACEMENT_3D('',#5149,#5150,#5151);
#3062=SURFACE_SIDE_STYLE('',(#5152));
#3063=EDGE_LOOP('',(#5153,#5154,#5155,#5156));
#3064=AXIS2_PLACEMENT_3D('',#5157,#5158,#5159);
#3065=SURFACE_SIDE_STYLE('',(#5160));
#3066=EDGE_LOOP('',(#5161,#5162,#5163,#5164));
#3067=CARTESIAN_POINT('',(2.97170873733612,14.2361844511472,18.9999999681553));
#3068=CARTESIAN_POINT('',(3.02207928988708,14.0289505685316,18.9999999418771));
#3069=CARTESIAN_POINT('',(3.12769520969282,13.835144677512,18.9999999102654));
#3070=CARTESIAN_POINT('',(3.28393765350012,13.6745320512398,18.9999998758038));
#3071=CARTESIAN_POINT('',(3.47475703476469,13.5636111915477,18.9999998420328));
#3072=CARTESIAN_POINT('',(3.68052297620223,13.5075443091396,18.9999998118164));
#3073=CARTESIAN_POINT('',(2.97170861475189,14.2361844755802,19.0294120812521));
#3074=CARTESIAN_POINT('',(3.02207915750613,14.0289505936852,19.0328752239565));
#3075=CARTESIAN_POINT('',(3.12769506085239,13.8351447044742,19.0380105532009));
#3076=CARTESIAN_POINT('',(3.28393748243527,13.6745320810901,19.0444937737863));
#3077=CARTESIAN_POINT('',(3.47475683794535,13.5636112251191,19.0516589140487));
#3078=CARTESIAN_POINT('',(3.68052275259468,13.5075443468809,19.0588240573133));
#3079=CARTESIAN_POINT('',(2.97051662339503,14.2365092461871,19.0588246209497));
#3080=CARTESIAN_POINT('',(3.02075460160889,14.0292815958574,19.0657509866034));
#3081=CARTESIAN_POINT('',(3.12618723629339,13.8355045503077,19.0760217555225));
#3082=CARTESIAN_POINT('',(3.28220674840251,13.6749490298996,19.0889883297797));
#3083=CARTESIAN_POINT('',(3.47278115679468,13.5641131132525,19.1033187523447));
#3084=CARTESIAN_POINT('',(3.67829770526349,13.5081505804978,19.1176491767684));
#3085=CARTESIAN_POINT('',(2.96813290007013,14.2371587442675,19.0881763935775));
#3086=CARTESIAN_POINT('',(3.0181057636088,14.0299435569916,19.0985547679959));
#3087=CARTESIAN_POINT('',(3.12317189275567,13.8362241967569,19.1139488917235));
#3088=CARTESIAN_POINT('',(3.27874563316238,13.6757828784826,19.1333864291696));
#3089=CARTESIAN_POINT('',(3.46883020391323,13.5651168360682,19.1548696134781));
#3090=CARTESIAN_POINT('',(3.67384807955563,13.5093629901143,19.1763527974948));
#3091=CARTESIAN_POINT('',(2.96456100497215,14.2381298866656,19.1174047399692));
#3092=CARTESIAN_POINT('',(3.01413771181183,14.0309332539673,19.1312124452022));
#3093=CARTESIAN_POINT('',(3.11865510693797,13.8373001553816,19.1517053915629));
#3094=CARTESIAN_POINT('',(3.27356067967669,13.6770296594412,19.1775886637025));
#3095=CARTESIAN_POINT('',(3.46291063536172,13.5666176578602,19.2061990776452));
#3096=CARTESIAN_POINT('',(3.66718053984338,13.5111757926332,19.2348094912624));
#3097=CARTESIAN_POINT('',(2.9598089464802,14.2394163379113,19.1464466133495));
#3098=CARTESIAN_POINT('',(3.00886145992163,14.0322441128886,19.1636499777389));
#3099=CARTESIAN_POINT('',(3.11265000062615,13.8387253333063,19.1892049058731));
#3100=CARTESIAN_POINT('',(3.26666611969591,13.6786812978315,19.221495675626));
#3101=CARTESIAN_POINT('',(3.45503713930858,13.5686059126079,19.2571944471068));
#3102=CARTESIAN_POINT('',(3.6583100350897,13.5135771615984,19.2928932188135));
#3103=SURFACE_SIDE_STYLE('',(#5165));
#3104=EDGE_LOOP('',(#5166,#5167,#5168,#5169));
#3105=AXIS2_PLACEMENT_3D('',#5170,#5171,#5172);
#3106=SURFACE_SIDE_STYLE('',(#5173));
#3107=EDGE_LOOP('',(#5174,#5175,#5176,#5177));
#3108=CARTESIAN_POINT('',(3.68052297285156,-13.5075443100544,19.0000000000037));
#3109=CARTESIAN_POINT('',(3.4747570318042,-13.5636111923,19.0000000151674));
#3110=CARTESIAN_POINT('',(3.28393765091795,-13.6745320518604,19.0000000303312));
#3111=CARTESIAN_POINT('',(3.12769520744752,-13.835144678045,19.0000000440517));
#3112=CARTESIAN_POINT('',(3.02207928790932,-14.0289505690239,19.0000000549198));
#3113=CARTESIAN_POINT('',(2.97170873554112,-14.2361844516373,19.0000000622489));
#3114=CARTESIAN_POINT('',(3.68052274434175,-13.5075443491313,19.0588242210125));
#3115=CARTESIAN_POINT('',(3.47475683005041,-13.5636112270121,19.0516590644543));
#3116=CARTESIAN_POINT('',(3.28393747508714,-13.6745320827148,19.0444939078962));
#3117=CARTESIAN_POINT('',(3.12769505428622,-13.8351447059327,19.0380106692683));
#3118=CARTESIAN_POINT('',(3.02207915194587,-14.0289505950266,19.0328753220892));
#3119=CARTESIAN_POINT('',(2.97170861033067,-14.2361844767858,19.0294121631017));
#3120=CARTESIAN_POINT('',(3.67829769471276,-13.5081505833729,19.1176493118197));
#3121=CARTESIAN_POINT('',(3.47278114650329,-13.5641131156851,19.103318875045));
#3122=CARTESIAN_POINT('',(3.2822067386826,-13.6749490320075,19.0889884382705));
#3123=CARTESIAN_POINT('',(3.12618722755795,-13.8355045522197,19.0760218491215));
#3124=CARTESIAN_POINT('',(3.02075459427402,-14.0292815976144,19.0657510661666));
#3125=CARTESIAN_POINT('',(2.97051661774286,-14.2365092477273,19.0588246884753));
#3126=CARTESIAN_POINT('',(3.67384807613783,-13.5093629910744,19.1763528648934));
#3127=CARTESIAN_POINT('',(3.46883020094243,-13.5651168368614,19.1548696720167));
#3128=CARTESIAN_POINT('',(3.27874563060806,-13.6757828791374,19.1333864791402));
#3129=CARTESIAN_POINT('',(3.1231718905505,-13.8362241973153,19.1139489342694));
#3130=CARTESIAN_POINT('',(3.01810576164621,-14.0299435575051,19.0985548050134));
#3131=CARTESIAN_POINT('',(2.96813289823916,-14.2371587447818,19.0881764272767));
#3132=CARTESIAN_POINT('',(3.6671805285668,-13.511175795675,19.23480955497));
#3133=CARTESIAN_POINT('',(3.46291062566099,-13.5666176603595,19.2061991328683));
#3134=CARTESIAN_POINT('',(3.27356067141703,-13.6770296614872,19.1775887107668));
#3135=CARTESIAN_POINT('',(3.11865509983306,-13.8373001571156,19.1517054316042));
#3136=CARTESIAN_POINT('',(3.01413770545608,-14.0309332555637,19.1312124800796));
#3137=CARTESIAN_POINT('',(2.96456099893113,-14.2381298882951,19.117404771823));
#3138=CARTESIAN_POINT('',(3.65831003566563,-13.5135771614463,19.2928932188135));
#3139=CARTESIAN_POINT('',(3.4550371396348,-13.5686059124931,19.2571944476009));
#3140=CARTESIAN_POINT('',(3.2666661198407,-13.6786812977541,19.2214956763884));
#3141=CARTESIAN_POINT('',(3.11265000069867,-13.8387253332581,19.1892049066326));
#3142=CARTESIAN_POINT('',(3.00886146005327,-14.0322441128437,19.1636499782282));
#3143=CARTESIAN_POINT('',(2.95980894678874,-14.2394163378298,19.1464466133495));
#3144=SURFACE_SIDE_STYLE('',(#5178));
#3145=EDGE_LOOP('',(#5179,#5180,#5181,#5182));
#3146=AXIS2_PLACEMENT_3D('',#5183,#5184,#5185);
#3147=SURFACE_SIDE_STYLE('',(#5186));
#3148=EDGE_LOOP('',(#5187,#5188,#5189,#5190));
#3149=CARTESIAN_POINT('',(2.97170821838574,14.2361845422154,17.5000000086812));
#3150=CARTESIAN_POINT('',(3.02207872816427,14.0289506691945,17.5000000067372));
#3151=CARTESIAN_POINT('',(3.12769457500222,13.8351447927639,17.5000000047934));
#3152=CARTESIAN_POINT('',(3.28393691967821,13.6745321849258,17.5000000030343));
#3153=CARTESIAN_POINT('',(3.47475618604722,13.5636113453971,17.5000000016411));
#3154=CARTESIAN_POINT('',(3.68052200841986,13.5075444829216,17.5000000007016));
#3155=CARTESIAN_POINT('',(2.97170822822275,14.236184512059,17.3145132180772));
#3156=CARTESIAN_POINT('',(3.02207872372289,14.0289506137354,17.2693262811557));
#3157=CARTESIAN_POINT('',(3.12769456355359,13.8351447119151,17.2241393442344));
#3158=CARTESIAN_POINT('',(3.28393690932255,13.6745320834671,17.1832529102438));
#3159=CARTESIAN_POINT('',(3.47475618266213,13.5636112323901,17.150866931929));
#3160=CARTESIAN_POINT('',(3.68052201453168,13.507544368185,17.129026578908));
#3161=CARTESIAN_POINT('',(2.96590675388945,14.2600528018339,17.1290388115669));
#3162=CARTESIAN_POINT('',(3.01857715427576,14.0655369668011,17.0386678390309));
#3163=CARTESIAN_POINT('',(3.12624219004173,13.8858253647741,16.948296866495));
#3164=CARTESIAN_POINT('',(3.28405689950077,13.7395058425468,16.8665266266236));
#3165=CARTESIAN_POINT('',(3.47578561919578,13.6416339166636,16.8017567533982));
#3166=CARTESIAN_POINT('',(3.68175266714672,13.5963590927976,16.7580774561408));
#3167=CARTESIAN_POINT('',(2.9546738612313,14.3075683594921,16.9549962059828));
#3168=CARTESIAN_POINT('',(3.01241213166395,14.1385425679822,16.8226476601799));
#3169=CARTESIAN_POINT('',(3.12436883918159,13.9869805858169,16.6902991143773));
#3170=CARTESIAN_POINT('',(3.28530594059137,13.8691705291771,16.570372404885));
#3171=CARTESIAN_POINT('',(3.47872339511371,13.7972496101129,16.4749812057178));
#3172=CARTESIAN_POINT('',(3.68496489039479,13.7733496886417,16.4099917729508));
#3173=CARTESIAN_POINT('',(2.93044431195166,14.3792416149489,16.8090644902739));
#3174=CARTESIAN_POINT('',(2.98880786219359,14.2446571752114,16.6397377033629));
#3175=CARTESIAN_POINT('',(3.10317299737371,14.1321372357784,16.4704109164522));
#3176=CARTESIAN_POINT('',(3.26781168668789,14.0556596747889,16.317642528277));
#3177=CARTESIAN_POINT('',(3.464891971444,14.0242332469484,16.1976104798251));
#3178=CARTESIAN_POINT('',(3.67347937302547,14.0369892056743,16.1181289805478));
#3179=CARTESIAN_POINT('',(2.88492986852112,14.465724304497,16.7));
#3180=CARTESIAN_POINT('',(2.93750094961636,14.3658331898774,16.4977050876385));
#3181=CARTESIAN_POINT('',(3.0494344370001,14.2971835514081,16.2954101752773));
#3182=CARTESIAN_POINT('',(3.21507296030104,14.271145481196,16.1158689237354));
#3183=CARTESIAN_POINT('',(3.41410113740074,14.2909125198229,15.9811018694104));
#3184=CARTESIAN_POINT('',(3.62298208494968,14.3497038579942,15.9));
#3185=SURFACE_SIDE_STYLE('',(#5191));
#3186=EDGE_LOOP('',(#5192,#5193,#5194,#5195));
#3187=CARTESIAN_POINT('',(3.68052200841409,-13.5075444824947,17.5000000007174));
#3188=CARTESIAN_POINT('',(3.47475618604038,-13.5636113450195,17.5000000037534));
#3189=CARTESIAN_POINT('',(3.28393691967405,-13.6745321846099,17.5000000062954));
#3190=CARTESIAN_POINT('',(3.127694575005,-13.8351447925171,17.5000000080525));
#3191=CARTESIAN_POINT('',(3.02207872817821,-14.0289506690171,17.5000000088445));
#3192=CARTESIAN_POINT('',(2.9717082184137,-14.2361845421006,17.5000000086891));
#3193=CARTESIAN_POINT('',(3.68052201460762,-13.5075443738901,17.1290280056301));
#3194=CARTESIAN_POINT('',(3.47475618275029,-13.563611237287,17.1508682566825));
#3195=CARTESIAN_POINT('',(3.28393690939928,-13.6745320874432,17.1832541005886));
#3196=CARTESIAN_POINT('',(3.12769456355864,-13.8351447149432,17.2241403773346));
#3197=CARTESIAN_POINT('',(3.0220787235732,-14.0289506159172,17.2693271503281));
#3198=CARTESIAN_POINT('',(2.97170822784865,-14.2361845135924,17.3145139314386));
#3199=CARTESIAN_POINT('',(3.68175265714195,-13.5963583665364,16.7580795398037));
#3200=CARTESIAN_POINT('',(3.47578561064664,-13.6416332816429,16.8017587355281));
#3201=CARTESIAN_POINT('',(3.28405689764774,-13.7395053161802,16.8665284384247));
#3202=CARTESIAN_POINT('',(3.12624220052187,-13.8858249559271,16.9482984486667));
#3203=CARTESIAN_POINT('',(3.01857718179183,-14.06553667161,17.0386691557903));
#3204=CARTESIAN_POINT('',(2.96590680135679,-14.2600526066537,17.1290398533974));
#3205=CARTESIAN_POINT('',(3.68496480603373,-13.7733516250744,16.4099896292198));
#3206=CARTESIAN_POINT('',(3.47872344737465,-13.7972513742938,16.474979562985));
#3207=CARTESIAN_POINT('',(3.2853061297708,-13.8691720569324,16.5703711088583));
#3208=CARTESIAN_POINT('',(3.1243690718182,-13.9869817993737,16.6902979827765));
#3209=CARTESIAN_POINT('',(3.01241223664659,-14.1385434250733,16.8226465761416));
#3210=CARTESIAN_POINT('',(2.95467368326506,-14.3075688859321,16.9549951341151));
#3211=CARTESIAN_POINT('',(3.67347918757421,-14.0369903541186,16.1181281794692));
#3212=CARTESIAN_POINT('',(3.46489178491468,-14.0242342263278,16.1976096846973));
#3213=CARTESIAN_POINT('',(3.2678114930061,-14.0556604661652,16.3176417872576));
#3214=CARTESIAN_POINT('',(3.10317280002007,-14.1321378419059,16.470410273762));
#3215=CARTESIAN_POINT('',(2.98880767376899,-14.2446576202303,16.6397371817483));
#3216=CARTESIAN_POINT('',(2.93044414479989,-14.3792419325565,16.8090640897346));
#3217=CARTESIAN_POINT('',(3.62298208494968,-14.3497038579942,15.9));
#3218=CARTESIAN_POINT('',(3.41410113740073,-14.2909125198228,15.9811018694103));
#3219=CARTESIAN_POINT('',(3.21507296030105,-14.2711454811961,16.1158689237355));
#3220=CARTESIAN_POINT('',(3.04943443700009,-14.2971835514079,16.2954101752772));
#3221=CARTESIAN_POINT('',(2.93750094961637,-14.3658331898774,16.4977050876386));
#3222=CARTESIAN_POINT('',(2.88492986852112,-14.465724304497,16.7));
#3223=SURFACE_SIDE_STYLE('',(#5196));
#3224=EDGE_LOOP('',(#5197,#5198,#5199,#5200));
#3225=AXIS2_PLACEMENT_3D('',#5201,#5202,#5203);
#3226=SURFACE_SIDE_STYLE('',(#5204));
#3227=EDGE_LOOP('',(#5205,#5206,#5207,#5208));
#3228=CARTESIAN_POINT('',(-2.88492986852112,14.465724304497,16.7));
#3229=CARTESIAN_POINT('',(-2.93750094961636,14.3658331898774,16.4977050876386));
#3230=CARTESIAN_POINT('',(-3.04943443700011,14.297183551408,16.2954101752773));
#3231=CARTESIAN_POINT('',(-3.21507296030104,14.271145481196,16.1158689237354));
#3232=CARTESIAN_POINT('',(-3.41410113740074,14.2909125198229,15.9811018694104));
#3233=CARTESIAN_POINT('',(-3.62298208494968,14.3497038579942,15.9));
#3234=CARTESIAN_POINT('',(-2.93044326162262,14.3792436106952,16.8090619734113));
#3235=CARTESIAN_POINT('',(-2.98880667819272,14.2446599715696,16.6397344257005));
#3236=CARTESIAN_POINT('',(-3.10317175727527,14.1321410445311,16.4704068779899));
#3237=CARTESIAN_POINT('',(-3.26781046964371,14.0556646475228,16.3176378719997));
#3238=CARTESIAN_POINT('',(-3.46489079935259,14.0242394010605,16.1976054834929));
#3239=CARTESIAN_POINT('',(-3.67347820770818,14.0369964221369,16.1181239468225));
#3240=CARTESIAN_POINT('',(-2.95467248030998,14.3075721665058,16.9549882851795));
#3241=CARTESIAN_POINT('',(-3.01241112711528,14.1385482177262,16.8226382041955));
#3242=CARTESIAN_POINT('',(-3.12436818710852,13.9869882988525,16.6902881232118));
#3243=CARTESIAN_POINT('',(-3.28530557168273,13.8691803556985,16.5703599825356));
#3244=CARTESIAN_POINT('',(-3.47872322894167,13.7972614217688,16.4749675612965));
#3245=CARTESIAN_POINT('',(-3.68496485614883,13.7733632344501,16.4099772094644));
#3246=CARTESIAN_POINT('',(-2.96590482653214,14.2600603523111,17.1289107981543));
#3247=CARTESIAN_POINT('',(-3.01857654948643,14.0655490178738,17.0385088478657));
#3248=CARTESIAN_POINT('',(-3.12624247264585,13.8858422648399,16.9481068975773));
#3249=CARTESIAN_POINT('',(-3.28405753411378,13.7395273957794,16.8663085715918));
#3250=CARTESIAN_POINT('',(-3.47578613670664,13.6416593453645,16.8015163400272));
#3251=CARTESIAN_POINT('',(-3.68175275817026,13.5963873274421,16.7578218112414));
#3252=CARTESIAN_POINT('',(-2.97170784102011,14.236185768067,17.3144892771904));
#3253=CARTESIAN_POINT('',(-3.0220789389379,14.0289529385567,17.2692965867345));
#3254=CARTESIAN_POINT('',(-3.12769507443848,13.8351481078063,17.2241038962787));
#3255=CARTESIAN_POINT('',(-3.28393737409505,13.6745363477447,17.1832122506997));
#3256=CARTESIAN_POINT('',(-3.47475635290151,13.5636159820819,17.1508221323584));
#3257=CARTESIAN_POINT('',(-3.68052178293383,13.5075491887659,17.128978971212));
#3258=CARTESIAN_POINT('',(-2.97170812044752,14.2361848593286,17.499999873234));
#3259=CARTESIAN_POINT('',(-3.02207878070062,14.0289512560783,17.4999998776001));
#3260=CARTESIAN_POINT('',(-3.12769470107491,13.83514565011,17.4999998819664));
#3261=CARTESIAN_POINT('',(-3.28393703360715,13.6745332619556,17.4999998859168));
#3262=CARTESIAN_POINT('',(-3.47475622554393,13.5636125460021,17.4999998890462));
#3263=CARTESIAN_POINT('',(-3.68052194655548,13.5075457029432,17.4999998911564));
#3264=SURFACE_SIDE_STYLE('',(#5209));
#3265=EDGE_LOOP('',(#5210,#5211,#5212,#5213));
#3266=CARTESIAN_POINT('',(-3.62298338090314,-14.3497031317341,15.8999981430558));
#3267=CARTESIAN_POINT('',(-3.41410220682092,-14.2909118037735,15.9811000192601));
#3268=CARTESIAN_POINT('',(-3.21507380512562,-14.2711448251497,16.1158671928475));
#3269=CARTESIAN_POINT('',(-3.04943510661286,-14.2971830106684,16.295408667735));
#3270=CARTESIAN_POINT('',(-2.93750153501018,-14.3658328024434,16.4977038583246));
#3271=CARTESIAN_POINT('',(-2.88493046419876,-14.4657240793769,16.6999990510561));
#3272=CARTESIAN_POINT('',(-3.67346225404551,-14.0370917699314,16.1180580012232));
#3273=CARTESIAN_POINT('',(-3.46487484407007,-14.0243207352022,16.1975400414266));
#3274=CARTESIAN_POINT('',(-3.26779401307781,-14.0557303924911,16.3175768855951));
#3275=CARTESIAN_POINT('',(-3.10315507310299,-14.1321914177415,16.4703539730088));
#3276=CARTESIAN_POINT('',(-2.98879077849562,-14.2446969596097,16.6396914699886));
#3277=CARTESIAN_POINT('',(-2.93042913526805,-14.379269999422,16.8090289710969));
#3278=CARTESIAN_POINT('',(-3.68496080561821,-13.7734307469696,16.4098889032553));
#3279=CARTESIAN_POINT('',(-3.47872011208972,-13.7973212289419,16.4748872757546));
#3280=CARTESIAN_POINT('',(-3.28530309017301,-13.8692312800747,16.5702886707397));
#3281=CARTESIAN_POINT('',(-3.12436555923158,-13.9870290712414,16.6902259926468));
#3282=CARTESIAN_POINT('',(-3.01240720948673,-14.1385777694175,16.8225853044773));
#3283=CARTESIAN_POINT('',(-2.95466640239925,-14.3075902732132,16.9549445996854));
#3284=CARTESIAN_POINT('',(-3.68175331698587,-13.5963626185004,16.7580342503178));
#3285=CARTESIAN_POINT('',(-3.47578558803228,-13.6416361933899,16.8017162568731));
#3286=CARTESIAN_POINT('',(-3.28405626700274,-13.7395072472459,16.8664900336943));
#3287=CARTESIAN_POINT('',(-3.12624126784978,-13.8858263504933,16.9482651191519));
#3288=CARTESIAN_POINT('',(-3.01857642795903,-14.0655378810943,17.0386413802912));
#3289=CARTESIAN_POINT('',(-2.96590668296847,-14.2600538130424,17.1290175886926));
#3290=CARTESIAN_POINT('',(-3.68052200969948,-13.5075445929776,17.1290033498549));
#3291=CARTESIAN_POINT('',(-3.47475619591948,-13.5636114571398,17.1508450790189));
#3292=CARTESIAN_POINT('',(-3.2839369352495,-13.6745322875736,17.1832330918316));
#3293=CARTESIAN_POINT('',(-3.12769458997636,-13.8351448760004,17.2241220913938));
#3294=CARTESIAN_POINT('',(-3.02207873408701,-14.028950726982,17.2693118646984));
#3295=CARTESIAN_POINT('',(-2.97170820780605,-14.2361845736205,17.3145016417741));
#3296=CARTESIAN_POINT('',(-3.6805219595902,-13.5075451810532,17.500000017358));
#3297=CARTESIAN_POINT('',(-3.47475619749415,-13.5636120333274,17.4999999891264));
#3298=CARTESIAN_POINT('',(-3.28393697607617,-13.6745328025331,17.4999999645928));
#3299=CARTESIAN_POINT('',(-3.12769464039355,-13.8351452844906,17.4999999464553));
#3300=CARTESIAN_POINT('',(-3.02207875283889,-14.028951005602,17.4999999365775));
#3301=CARTESIAN_POINT('',(-2.97170815754108,-14.2361847235661,17.4999999350755));
#3302=SURFACE_SIDE_STYLE('',(#5214));
#3303=EDGE_LOOP('',(#5215,#5216,#5217,#5218,#5219,#5220,#5221,#5222));
#3304=AXIS2_PLACEMENT_3D('',#5223,#5224,#5225);
#3305=SURFACE_SIDE_STYLE('',(#5226));
#3306=EDGE_LOOP('',(#5227,#5228,#5229,#5230));
#3307=CARTESIAN_POINT('',(-2.0,15.0,-16.1566296854378));
#3308=CARTESIAN_POINT('',(-1.98271522236373,14.9999998450282,-15.9708169355906));
#3309=CARTESIAN_POINT('',(-1.96543044472748,15.0435313036019,-15.7850041857435));
#3310=CARTESIAN_POINT('',(-1.94940298451967,15.1306776994693,-15.6127076993815));
#3311=CARTESIAN_POINT('',(-1.93587269948566,15.2546975319509,-15.4672560469917));
#3312=CARTESIAN_POINT('',(-1.92558195215137,15.4046345817383,-15.3566296854379));
#3313=CARTESIAN_POINT('',(-1.60048434421826,15.0,-16.1937943406829));
#3314=CARTESIAN_POINT('',(-1.58661233647259,14.999999841371,-16.0081215305334));
#3315=CARTESIAN_POINT('',(-1.57274032872694,15.0433188128778,-15.822448720384));
#3316=CARTESIAN_POINT('',(-1.55987122073383,15.1300390582489,-15.6502156844912));
#3317=CARTESIAN_POINT('',(-1.54899415243368,15.2534868034296,-15.5046773605329));
#3318=CARTESIAN_POINT('',(-1.54070362279423,15.4028049092382,-15.393794340683));
#3319=CARTESIAN_POINT('',(-1.20064450811765,15.0,-16.2218491014952));
#3320=CARTESIAN_POINT('',(-1.19021758349342,14.9999998645178,-16.0362827212921));
#3321=CARTESIAN_POINT('',(-1.17979065886921,15.0431569724519,-15.8507163410892));
#3322=CARTESIAN_POINT('',(-1.17011437991394,15.1295525800553,-15.6785316040554));
#3323=CARTESIAN_POINT('',(-1.16192917717043,15.2525640645606,-15.53292745541));
#3324=CARTESIAN_POINT('',(-1.15568121471494,15.401409308743,-15.4218491014953));
#3325=CARTESIAN_POINT('',(-0.80055778704124,15.0,-16.2406171434086));
#3326=CARTESIAN_POINT('',(-0.793598475547485,14.9999999247599,-16.0551222892637));
#3327=CARTESIAN_POINT('',(-0.786639164053741,15.04304819247,-15.8696274351191));
#3328=CARTESIAN_POINT('',(-0.780179797413209,15.1292254641096,-15.6974751727079));
#3329=CARTESIAN_POINT('',(-0.774713544988365,15.2519433582243,-15.5518268208776));
#3330=CARTESIAN_POINT('',(-0.770537961091335,15.4004700488989,-15.4406171434086));
#3331=CARTESIAN_POINT('',(-0.400298867706223,15.0,-16.2500024204069));
#3332=CARTESIAN_POINT('',(-0.396819014111166,14.9999999694615,-16.0645433484233));
#3333=CARTESIAN_POINT('',(-0.393339160516112,15.0429938032032,-15.8790842764399));
#3334=CARTESIAN_POINT('',(-0.390109293356432,15.1290618633334,-15.7069482599273));
#3335=CARTESIAN_POINT('',(-0.387376011140133,15.2516328981071,-15.5612777944551));
#3336=CARTESIAN_POINT('',(-0.385288099437458,15.4000002410838,-15.4500024204069));
#3337=CARTESIAN_POINT('',(3.30224703263525E-12,15.0,-16.2500008341292));
#3338=CARTESIAN_POINT('',(-3.59661290714397E-08,14.9999999892743,-16.0645417805882));
#3339=CARTESIAN_POINT('',(-7.19355606119566E-08,15.0429938147498,-15.8790827270473));
#3340=CARTESIAN_POINT('',(-1.05321012788938E-07,15.1290618369589,-15.7069467189081));
#3341=CARTESIAN_POINT('',(-1.33573525226556E-07,15.2516328115835,-15.5612762420382));
#3342=CARTESIAN_POINT('',(-1.5515517924368E-07,15.4000000843041,-15.4500008341292));
#3343=SURFACE_SIDE_STYLE('',(#5231));
#3344=EDGE_LOOP('',(#5232,#5233,#5234,#5235));
#3345=CARTESIAN_POINT('',(-2.88493011844071,14.4657242810931,-16.7));
#3346=CARTESIAN_POINT('',(-2.93750120634963,14.3658331380238,-16.4977050787683));
#3347=CARTESIAN_POINT('',(-3.04943472711958,14.2971834719862,-16.2954101575368));
#3348=CARTESIAN_POINT('',(-3.21507330874741,14.2711453803564,-16.1158689022159));
#3349=CARTESIAN_POINT('',(-3.41410155807521,14.2909124069538,-15.9811018538787));
#3350=CARTESIAN_POINT('',(-3.62298257922791,14.3497037415991,-15.9));
#3351=CARTESIAN_POINT('',(-2.83523334084674,14.5601522923322,-16.5809157311691));
#3352=CARTESIAN_POINT('',(-2.89279988483565,14.476632348035,-16.3827102005358));
#3353=CARTESIAN_POINT('',(-3.00152805020338,14.4281267960053,-16.1845046699028));
#3354=CARTESIAN_POINT('',(-3.15561502150753,14.4232283243919,-16.0067055901085));
#3355=CARTESIAN_POINT('',(-3.33795361831695,14.4622561197983,-15.8691780472355));
#3356=CARTESIAN_POINT('',(-3.52897581371899,14.5371998804991,-15.7809157311691));
#3357=CARTESIAN_POINT('',(-2.7708161342309,14.6518357124679,-16.469970102763));
#3358=CARTESIAN_POINT('',(-2.82980725605965,14.585539397094,-16.2752761103489));
#3359=CARTESIAN_POINT('',(-2.93197167093451,14.5568210816167,-16.0805821179348));
#3360=CARTESIAN_POINT('',(-3.07184553156211,14.5718738519416,-15.904312411617));
#3361=CARTESIAN_POINT('',(-3.2353324455105,14.6288914660815,-15.7644772409752));
#3362=CARTESIAN_POINT('',(-3.40643242322449,14.7190453444304,-15.6699701027629));
#3363=CARTESIAN_POINT('',(-2.69071359917166,14.7387462477891,-16.3697456148373));
#3364=CARTESIAN_POINT('',(-2.7471684236387,14.6897393598913,-16.1780191787816));
#3365=CARTESIAN_POINT('',(-2.83922090738802,14.6798708274343,-15.9862927427263));
#3366=CARTESIAN_POINT('',(-2.96208863632585,14.7133831936967,-15.811336837662));
#3367=CARTESIAN_POINT('',(-3.10443836869079,14.7869445219434,-15.6695954648584));
#3368=CARTESIAN_POINT('',(-3.25344205591748,14.8912159398019,-15.5697456148373));
#3369=CARTESIAN_POINT('',(-2.51888699725025,14.8738423045997,-16.2242938972298));
#3370=CARTESIAN_POINT('',(-2.56267151927517,14.8524274704953,-16.0366783122606));
#3371=CARTESIAN_POINT('',(-2.62995427427606,14.8717346508292,-15.8490627272914));
#3372=CARTESIAN_POINT('',(-2.71748002802227,14.9334128335584,-15.6759473095964));
#3373=CARTESIAN_POINT('',(-2.81822390221842,15.0322633988505,-15.5316090737253));
#3374=CARTESIAN_POINT('',(-2.92418351101605,15.1583933920966,-15.4242938972298));
#3375=CARTESIAN_POINT('',(-2.30102164994272,14.961489728544,-16.1507295987141));
#3376=CARTESIAN_POINT('',(-2.32056119958064,14.9572975692395,-15.9650789065046));
#3377=CARTESIAN_POINT('',(-2.35296874679743,14.9947750911715,-15.7794282142953));
#3378=CARTESIAN_POINT('',(-2.39688813761274,15.0742889610469,-15.6072047839655));
#3379=CARTESIAN_POINT('',(-2.44900241873847,15.1897066970356,-15.4616517989318));
#3380=CARTESIAN_POINT('',(-2.50529261349648,15.3307625970601,-15.3507295987141));
#3381=CARTESIAN_POINT('',(-2.20162408858583,14.9875564188628,-16.1353471875653));
#3382=CARTESIAN_POINT('',(-2.20912602723174,14.9880140176889,-15.9500999322555));
#3383=CARTESIAN_POINT('',(-2.22521256074071,15.0305967917255,-15.7648526769459));
#3384=CARTESIAN_POINT('',(-2.24936839674109,15.1153557138979,-15.5928131654338));
#3385=CARTESIAN_POINT('',(-2.27977101956224,15.2358758580752,-15.4470125430349));
#3386=CARTESIAN_POINT('',(-2.31398131024425,15.3817157489061,-15.3353471875653));
#3387=CARTESIAN_POINT('',(-2.09995917287436,14.9999999768664,-16.1380152466779));
#3388=CARTESIAN_POINT('',(-2.09484165188217,15.0017276617167,-15.9527015411562));
#3389=CARTESIAN_POINT('',(-2.09407549799013,15.0462292128659,-15.7673878356346));
#3390=CARTESIAN_POINT('',(-2.09801929762904,15.1334580593012,-15.5953176228283));
#3391=CARTESIAN_POINT('',(-2.10634517767367,15.2567902826878,-15.4495568875895));
#3392=CARTESIAN_POINT('',(-2.11817316829296,15.4055487876394,-15.3380152466779));
#3393=CARTESIAN_POINT('',(-2.00000363831423,15.0000001773641,-16.1566118575033));
#3394=CARTESIAN_POINT('',(-1.98271872290708,15.000000154102,-15.9707992386548));
#3395=CARTESIAN_POINT('',(-1.96543397059228,15.0435315545294,-15.7849866198065));
#3396=CARTESIAN_POINT('',(-1.94940670335778,15.1306776917264,-15.6126901928411));
#3397=CARTESIAN_POINT('',(-1.93587675803642,15.2546971175631,-15.4672384593172));
#3398=CARTESIAN_POINT('',(-1.92558646081716,15.4046336975456,-15.3566118575033));
#3399=SURFACE_SIDE_STYLE('',(#5236));
#3400=EDGE_LOOP('',(#5237,#5238,#5239,#5240));
#3401=CARTESIAN_POINT('',(-2.0,-15.0,-16.1566296854369));
#3402=CARTESIAN_POINT('',(-1.98271522236391,-14.9999998450282,-15.9708169355897));
#3403=CARTESIAN_POINT('',(-1.96543044472784,-15.0435313036019,-15.7850041857426));
#3404=CARTESIAN_POINT('',(-1.9494029845202,-15.1306776994692,-15.6127076993805));
#3405=CARTESIAN_POINT('',(-1.93587269948633,-15.2546975319508,-15.4672560469906));
#3406=CARTESIAN_POINT('',(-1.92558195215215,-15.4046345817381,-15.3566296854368));
#3407=CARTESIAN_POINT('',(-1.60048434421572,-15.0,-16.1937943406822));
#3408=CARTESIAN_POINT('',(-1.58661233647022,-14.9999998413709,-16.0081215305327));
#3409=CARTESIAN_POINT('',(-1.57274032872474,-15.0433188128777,-15.8224487203833));
#3410=CARTESIAN_POINT('',(-1.55987122073179,-15.1300390582488,-15.6502156844903));
#3411=CARTESIAN_POINT('',(-1.54899415243177,-15.2534868034295,-15.504677360532));
#3412=CARTESIAN_POINT('',(-1.54070362279242,-15.4028049092381,-15.3937943406821));
#3413=CARTESIAN_POINT('',(-1.2006445081129,-15.0,-16.2218491014949));
#3414=CARTESIAN_POINT('',(-1.19021758348881,-14.9999998645179,-16.0362827212917));
#3415=CARTESIAN_POINT('',(-1.17979065886474,-15.0431569724527,-15.8507163410888));
#3416=CARTESIAN_POINT('',(-1.1701143799098,-15.1295525800562,-15.678531604068));
#3417=CARTESIAN_POINT('',(-1.16192917716619,-15.2525640645606,-15.5329274554095));
#3418=CARTESIAN_POINT('',(-1.15568121471079,-15.401409308743,-15.4218491014948));
#3419=CARTESIAN_POINT('',(-0.800557787035819,-15.0,-16.2406171434083));
#3420=CARTESIAN_POINT('',(-0.793598475542156,-14.9999999247598,-16.0551222892635));
#3421=CARTESIAN_POINT('',(-0.786639164048502,-15.0430481924696,-15.8696274351188));
#3422=CARTESIAN_POINT('',(-0.78017979740806,-15.129225464108,-15.6974751727076));
#3423=CARTESIAN_POINT('',(-0.774713544983289,-15.2519433582243,-15.5518268208772));
#3424=CARTESIAN_POINT('',(-0.770537961086311,-15.400470048899,-15.4406171434082));
#3425=CARTESIAN_POINT('',(-0.400298867702763,-15.0,-16.2500024204067));
#3426=CARTESIAN_POINT('',(-0.396819014107754,-14.9999999694615,-16.0645433484231));
#3427=CARTESIAN_POINT('',(-0.39333916051275,-15.0429938032033,-15.8790842764397));
#3428=CARTESIAN_POINT('',(-0.390109293353111,-15.1290618633334,-15.7069482599271));
#3429=CARTESIAN_POINT('',(-0.387376011136852,-15.2516328981072,-15.5612777944549));
#3430=CARTESIAN_POINT('',(-0.385288099434205,-15.4000002410838,-15.4500024204067));
#3431=CARTESIAN_POINT('',(3.31112881683226E-12,-15.0,-16.2500008341291));
#3432=CARTESIAN_POINT('',(-3.59661284053059E-08,-14.9999999892743,-16.0645417805881));
#3433=CARTESIAN_POINT('',(-7.19355679394286E-08,-15.0429938147498,-15.8790827270473));
#3434=CARTESIAN_POINT('',(-1.0532102733286E-07,-15.129061836959,-15.7069467189081));
#3435=CARTESIAN_POINT('',(-1.33573545987726E-07,-15.2516328115835,-15.5612762420382));
#3436=CARTESIAN_POINT('',(-1.55155205111876E-07,-15.4000000843041,-15.4500008341291));
#3437=SURFACE_SIDE_STYLE('',(#5241));
#3438=EDGE_LOOP('',(#5242,#5243,#5244,#5245));
#3439=CARTESIAN_POINT('',(-2.00000466328617,-15.0000004738389,-16.1566110676029));
#3440=CARTESIAN_POINT('',(-1.98271981845847,-15.0000004371145,-15.9707984336994));
#3441=CARTESIAN_POINT('',(-1.96543517147982,-15.043531857068,-15.7849857997959));
#3442=CARTESIAN_POINT('',(-1.94940803993425,-15.1306780479052,-15.6126893660043));
#3443=CARTESIAN_POINT('',(-1.93587825084575,-15.2546975536072,-15.4672376418048));
#3444=CARTESIAN_POINT('',(-1.92558811876293,-15.4046342270497,-15.3566110676029));
#3445=CARTESIAN_POINT('',(-2.13598336287995,-15.0000001824752,-16.1313121525446));
#3446=CARTESIAN_POINT('',(-2.13525094538764,-15.0023504961611,-15.9461782258175));
#3447=CARTESIAN_POINT('',(-2.14043807039697,-15.0472017117339,-15.7610442990905));
#3448=CARTESIAN_POINT('',(-2.15157942266374,-15.1344604508227,-15.5890556004374));
#3449=CARTESIAN_POINT('',(-2.16778212841454,-15.2575451390574,-15.4431835192604));
#3450=CARTESIAN_POINT('',(-2.18758154273234,-15.4058792239764,-15.3313121525446));
#3451=CARTESIAN_POINT('',(-2.27538721755042,-14.9770014010069,-16.1354098642104));
#3452=CARTESIAN_POINT('',(-2.29210177990023,-14.9761658192993,-15.9501557136189));
#3453=CARTESIAN_POINT('',(-2.3204311324123,-15.0169987530504,-15.7649015630277));
#3454=CARTESIAN_POINT('',(-2.35923457263348,-15.0996514786647,-15.5928594679938));
#3455=CARTESIAN_POINT('',(-2.40562367203101,-15.2178722525195,-15.4470643422158));
#3456=CARTESIAN_POINT('',(-2.45604563853531,-15.3613844502318,-15.3354098642104));
#3457=CARTESIAN_POINT('',(-2.40680530764694,-14.9279332857305,-16.1746134629798));
#3458=CARTESIAN_POINT('',(-2.4389414508844,-14.9173701238429,-15.9883400863943));
#3459=CARTESIAN_POINT('',(-2.48862314209022,-14.9480674422478,-15.8020667098091));
#3460=CARTESIAN_POINT('',(-2.55359398077237,-15.0208168912943,-15.6295590771778));
#3461=CARTESIAN_POINT('',(-2.62891146406283,-15.1298182950061,-15.4843875140679));
#3462=CARTESIAN_POINT('',(-2.70883000659537,-15.2649713467036,-15.3746134629798));
#3463=CARTESIAN_POINT('',(-2.60415973108419,-14.8147285440613,-16.2856211697686));
#3464=CARTESIAN_POINT('',(-2.65539315096427,-14.7809908104504,-16.0963370677954));
#3465=CARTESIAN_POINT('',(-2.73547663816399,-14.7875373922723,-15.9070529658222));
#3466=CARTESIAN_POINT('',(-2.84036061729257,-14.8370382691622,-15.7331831475215));
#3467=CARTESIAN_POINT('',(-2.96114356942397,-14.9249626019314,-15.589883518718));
#3468=CARTESIAN_POINT('',(-3.08775587336771,-15.0415844743348,-15.4856211697686));
#3469=CARTESIAN_POINT('',(-2.75106890559245,-14.6687047032099,-16.4516120482665));
#3470=CARTESIAN_POINT('',(-2.80871633461331,-14.6059814585627,-16.2574125066857));
#3471=CARTESIAN_POINT('',(-2.90806035436984,-14.5809443526677,-16.0632129651051));
#3472=CARTESIAN_POINT('',(-3.04385246036415,-14.5994782783818,-15.8871677570388));
#3473=CARTESIAN_POINT('',(-3.20251401204397,-14.6595916773938,-15.7470263647823));
#3474=CARTESIAN_POINT('',(-3.36861457602317,-14.7524171687491,-15.6516120482665));
#3475=CARTESIAN_POINT('',(-2.80399764057462,-14.6030078098244,-16.529389137908));
#3476=CARTESIAN_POINT('',(-2.86198956547853,-14.527636602169,-16.3327917696595));
#3477=CARTESIAN_POINT('',(-2.96740786335397,-14.4883973006594,-16.136194401411));
#3478=CARTESIAN_POINT('',(-3.11464280027683,-14.4927828290011,-15.9590984771266));
#3479=CARTESIAN_POINT('',(-3.28798677608959,-14.5401674515422,-15.8205193100808));
#3480=CARTESIAN_POINT('',(-3.46951867980158,-14.6221858679573,-15.729389137908));
#3481=CARTESIAN_POINT('',(-2.84841648406028,-14.5351039251597,-16.6125044457803));
#3482=CARTESIAN_POINT('',(-2.90465792387906,-14.4472412598219,-16.413214135305));
#3483=CARTESIAN_POINT('',(-3.01423640470448,-14.3933921700665,-16.2139238248299));
#3484=CARTESIAN_POINT('',(-3.17138768978947,-14.3828860973838,-16.0356626036269));
#3485=CARTESIAN_POINT('',(-3.35815355887558,-14.4168046957813,-15.8988673285813));
#3486=CARTESIAN_POINT('',(-3.55391316826918,-14.4874638016907,-15.8125044457803));
#3487=CARTESIAN_POINT('',(-2.88492986977981,-14.4657243030832,-16.7));
#3488=CARTESIAN_POINT('',(-2.93750095091395,-14.3658331886711,-16.4977050876415));
#3489=CARTESIAN_POINT('',(-3.04943443844228,-14.2971835504051,-16.2954101752832));
#3490=CARTESIAN_POINT('',(-3.2150729619899,-14.271145480368,-16.1158689237426));
#3491=CARTESIAN_POINT('',(-3.41410113940942,-14.29091251912,-15.9811018694156));
#3492=CARTESIAN_POINT('',(-3.62298208731273,-14.3497038573593,-15.9));
#3493=SURFACE_SIDE_STYLE('',(#5246));
#3494=EDGE_LOOP('',(#5247,#5248,#5249,#5250,#5251,#5252));
#3495=AXIS2_PLACEMENT_3D('',#5253,#5254,#5255);
#3496=SURFACE_SIDE_STYLE('',(#5256));
#3497=EDGE_LOOP('',(#5257,#5258,#5259,#5260));
#3498=AXIS2_PLACEMENT_3D('',#5261,#5262,#5263);
#3499=SURFACE_SIDE_STYLE('',(#5264));
#3500=EDGE_LOOP('',(#5265,#5266,#5267,#5268));
#3501=CARTESIAN_POINT('',(-2.97170873733612,14.2361844511473,-18.9999999681553));
#3502=CARTESIAN_POINT('',(-3.02207928988708,14.0289505685316,-18.9999999418771));
#3503=CARTESIAN_POINT('',(-3.12769520969283,13.835144677512,-18.9999999102654));
#3504=CARTESIAN_POINT('',(-3.28393765350011,13.6745320512398,-18.9999998758038));
#3505=CARTESIAN_POINT('',(-3.47475703476469,13.5636111915477,-18.9999998420328));
#3506=CARTESIAN_POINT('',(-3.68052297620222,13.5075443091396,-18.9999998118164));
#3507=CARTESIAN_POINT('',(-2.97170861475189,14.2361844755802,-19.0294120812521));
#3508=CARTESIAN_POINT('',(-3.02207915750613,14.0289505936852,-19.0328752239565));
#3509=CARTESIAN_POINT('',(-3.12769506085239,13.8351447044742,-19.0380105532009));
#3510=CARTESIAN_POINT('',(-3.28393748243527,13.6745320810902,-19.0444937737863));
#3511=CARTESIAN_POINT('',(-3.47475683794535,13.5636112251191,-19.0516589140487));
#3512=CARTESIAN_POINT('',(-3.68052275259468,13.507544346881,-19.0588240573133));
#3513=CARTESIAN_POINT('',(-2.97051662339502,14.2365092461871,-19.0588246209497));
#3514=CARTESIAN_POINT('',(-3.02075460160889,14.0292815958574,-19.0657509866033));
#3515=CARTESIAN_POINT('',(-3.12618723629338,13.8355045503076,-19.0760217555226));
#3516=CARTESIAN_POINT('',(-3.2822067484025,13.6749490298996,-19.0889883297797));
#3517=CARTESIAN_POINT('',(-3.47278115679467,13.5641131132524,-19.1033187523447));
#3518=CARTESIAN_POINT('',(-3.67829770526348,13.5081505804977,-19.1176491767684));
#3519=CARTESIAN_POINT('',(-2.96813290007013,14.2371587442675,-19.0881763935775));
#3520=CARTESIAN_POINT('',(-3.01810576360879,14.0299435569917,-19.0985547679959));
#3521=CARTESIAN_POINT('',(-3.12317189275718,13.8362241967569,-19.1139488917234));
#3522=CARTESIAN_POINT('',(-3.27874563316239,13.6757828784826,-19.1333864291697));
#3523=CARTESIAN_POINT('',(-3.46883020391324,13.5651168360683,-19.154869613478));
#3524=CARTESIAN_POINT('',(-3.67384807955565,13.5093629901144,-19.1763527974948));
#3525=CARTESIAN_POINT('',(-2.96456100497215,14.2381298866656,-19.1174047399692));
#3526=CARTESIAN_POINT('',(-3.01413771181183,14.0309332539674,-19.1312124452022));
#3527=CARTESIAN_POINT('',(-3.11865510693797,13.8373001553816,-19.1517053915629));
#3528=CARTESIAN_POINT('',(-3.27356067967669,13.6770296594412,-19.1775886637025));
#3529=CARTESIAN_POINT('',(-3.46291063536171,13.5666176578602,-19.2061990776452));
#3530=CARTESIAN_POINT('',(-3.66718053984338,13.5111757926331,-19.2348094912623));
#3531=CARTESIAN_POINT('',(-2.9598089464802,14.2394163379113,-19.1464466133495));
#3532=CARTESIAN_POINT('',(-3.00886145992163,14.0322441128886,-19.1636499777389));
#3533=CARTESIAN_POINT('',(-3.11265000062613,13.8387253333063,-19.1892049058731));
#3534=CARTESIAN_POINT('',(-3.26666611969593,13.6786812978315,-19.221495675626));
#3535=CARTESIAN_POINT('',(-3.45503713930857,13.5686059126079,-19.2571944471068));
#3536=CARTESIAN_POINT('',(-3.65831003508969,13.5135771615984,-19.2928932188135));
#3537=SURFACE_SIDE_STYLE('',(#5269));
#3538=EDGE_LOOP('',(#5270,#5271,#5272,#5273));
#3539=AXIS2_PLACEMENT_3D('',#5274,#5275,#5276);
#3540=SURFACE_SIDE_STYLE('',(#5277));
#3541=EDGE_LOOP('',(#5278,#5279,#5280,#5281));
#3542=CARTESIAN_POINT('',(-2.95980980437672,-14.239416171732,-19.1464465384914));
#3543=CARTESIAN_POINT('',(-3.00886238762164,-14.0322439423451,-19.1636499216286));
#3544=CARTESIAN_POINT('',(-3.11265104442624,-13.838725150748,-19.1892048682125));
#3545=CARTESIAN_POINT('',(-3.26666731950846,-13.6786810953987,-19.2214956543743));
#3546=CARTESIAN_POINT('',(-3.45503851947668,-13.56860568396,-19.2571944386391));
#3547=CARTESIAN_POINT('',(-3.6583116026364,-13.513576903106,-19.2928932188135));
#3548=CARTESIAN_POINT('',(-2.96456140114676,-14.238129843426,-19.1174068557773));
#3549=CARTESIAN_POINT('',(-3.01413813096036,-14.0309332065813,-19.13121483035));
#3550=CARTESIAN_POINT('',(-3.11865557494291,-13.8373001037216,-19.1517081707615));
#3551=CARTESIAN_POINT('',(-3.27356121999948,-13.6770296052189,-19.1775919362387));
#3552=CARTESIAN_POINT('',(-3.46291126281477,-13.5666176043179,-19.2062028916745));
#3553=CARTESIAN_POINT('',(-3.66718125907028,-13.5111757429839,-19.2348138433247));
#3554=CARTESIAN_POINT('',(-2.96813279124917,-14.2371588118203,-19.0881807144659));
#3555=CARTESIAN_POINT('',(-3.0181056308523,-14.0299436234416,-19.0985596119922));
#3556=CARTESIAN_POINT('',(-3.1231717367136,-13.8362242683569,-19.1139545081414));
#3557=CARTESIAN_POINT('',(-3.2787454561631,-13.6757829642155,-19.1333930181751));
#3558=CARTESIAN_POINT('',(-3.46883000827935,-13.5651169457447,-19.1548772747311));
#3559=CARTESIAN_POINT('',(-3.6738478666684,-13.5093631311848,-19.176361528443));
#3560=CARTESIAN_POINT('',(-2.9705162530218,-14.2365093258317,-19.0588294890237));
#3561=CARTESIAN_POINT('',(-3.02075419338665,-14.0292816808,-19.0657564484453));
#3562=CARTESIAN_POINT('',(-3.12618677156783,-13.835504646254,-19.0760280910793));
#3563=CARTESIAN_POINT('',(-3.28220621185496,-13.6749491430257,-19.0889957633587));
#3564=CARTESIAN_POINT('',(-3.47278053964104,-13.5641132488127,-19.1033273955743));
#3565=CARTESIAN_POINT('',(-3.67829700564196,-13.5081507415517,-19.1176590264151));
#3566=CARTESIAN_POINT('',(-2.97170821906683,-14.2361845401333,-19.0294147424529));
#3567=CARTESIAN_POINT('',(-3.02207872788271,-14.0289506653532,-19.0328782175474));
#3568=CARTESIAN_POINT('',(-3.12769457425877,-13.8351447871563,-19.0380140334436));
#3569=CARTESIAN_POINT('',(-3.28393691902384,-13.6745321778795,-19.0444978638251));
#3570=CARTESIAN_POINT('',(-3.4747561858857,-13.5636113375334,-19.0516636743654));
#3571=CARTESIAN_POINT('',(-3.68052200892473,-13.5075444749155,-19.0588294849058));
#3572=CARTESIAN_POINT('',(-2.97170821906682,-14.2361845401333,-19.0));
#3573=CARTESIAN_POINT('',(-3.0220787278827,-14.0289506653532,-19.0));
#3574=CARTESIAN_POINT('',(-3.12769457425685,-13.8351447871566,-19.0));
#3575=CARTESIAN_POINT('',(-3.28393691902356,-13.6745321778795,-19.0));
#3576=CARTESIAN_POINT('',(-3.4747561858857,-13.5636113375334,-19.0));
#3577=CARTESIAN_POINT('',(-3.68052200892473,-13.5075444749155,-19.0));
#3578=SURFACE_SIDE_STYLE('',(#5282));
#3579=EDGE_LOOP('',(#5283,#5284,#5285,#5286,#5287,#5288));
#3580=AXIS2_PLACEMENT_3D('',#5289,#5290,#5291);
#3581=SURFACE_SIDE_STYLE('',(#5292));
#3582=EDGE_LOOP('',(#5293,#5294,#5295,#5296));
#3583=CARTESIAN_POINT('',(2.88493058910373,14.4657241372644,-16.7000000991705));
#3584=CARTESIAN_POINT('',(2.93750168373072,14.3658329412377,-16.4977051599963));
#3585=CARTESIAN_POINT('',(3.04943526365902,14.2971832215055,-16.2954102208222));
#3586=CARTESIAN_POINT('',(3.2150739543736,14.2711450855755,-16.1158689578574));
#3587=CARTESIAN_POINT('',(3.41410234147718,14.290912083936,-15.981101921632));
#3588=CARTESIAN_POINT('',(3.62298350453727,14.3497034053171,-15.9000000991705));
#3589=CARTESIAN_POINT('',(2.8418946503454,14.5474950394292,-16.5968780007967));
#3590=CARTESIAN_POINT('',(2.89879159983791,14.4617806733792,-16.3981243262758));
#3591=CARTESIAN_POINT('',(3.00794940361213,14.4105749724138,-16.199370651755));
#3592=CARTESIAN_POINT('',(3.16358474139538,14.4028429110975,-16.0213380498126));
#3593=CARTESIAN_POINT('',(3.3481604058256,14.4392889580424,-15.8841805247656));
#3594=CARTESIAN_POINT('',(3.54157638493578,14.5120676152075,-15.7968780007967));
#3595=CARTESIAN_POINT('',(2.78789624407841,14.6271605392708,-16.4999088404732));
#3596=CARTESIAN_POINT('',(2.84644711794823,14.5562550251919,-16.3042611958491));
#3597=CARTESIAN_POINT('',(2.95032160242821,14.5222160376107,-16.1086135512252));
#3598=CARTESIAN_POINT('',(3.09397338127327,14.5318883678977,-15.9319292253193));
#3599=CARTESIAN_POINT('',(3.26249351624961,14.5840505376543,-15.7927221170858));
#3600=CARTESIAN_POINT('',(3.43891610415691,14.6701014437576,-15.6999088404733));
#3601=CARTESIAN_POINT('',(2.72196663978186,14.7035991717862,-16.410566430011));
#3602=CARTESIAN_POINT('',(2.77922329969356,14.6476511963409,-16.2176196334874));
#3603=CARTESIAN_POINT('',(2.87513578066311,14.6301640754257,-16.024672836964));
#3604=CARTESIAN_POINT('',(3.00466750971492,14.6561863487753,-15.8491779862883));
#3605=CARTESIAN_POINT('',(3.15536456314508,14.7230298776719,-15.708223237962));
#3606=CARTESIAN_POINT('',(3.313106182594,14.821576515777,-15.610566430011));
#3607=CARTESIAN_POINT('',(2.56303119424957,14.844640384374,-16.2541737280644));
#3608=CARTESIAN_POINT('',(2.61085486248904,14.8171309122998,-16.0657497452044));
#3609=CARTESIAN_POINT('',(2.68483900083382,14.8301449273648,-15.8773257623444));
#3610=CARTESIAN_POINT('',(2.78132164967639,14.8858219961142,-15.7038443840603));
#3611=CARTESIAN_POINT('',(2.89234701146971,14.9792817253225,-15.5600083013331));
#3612=CARTESIAN_POINT('',(3.00889018008192,15.1007093568109,-15.4541737280644));
#3613=CARTESIAN_POINT('',(2.35487614366495,14.9458637332501,-16.1610068552008));
#3614=CARTESIAN_POINT('',(2.38088424896601,14.9387843544722,-15.9750876752591));
#3615=CARTESIAN_POINT('',(2.42211076846505,14.9731475532565,-15.7891684953176));
#3616=CARTESIAN_POINT('',(2.47674253875035,15.0495139645113,-15.6168225823872));
#3617=CARTESIAN_POINT('',(2.54064432050814,15.1619122700736,-15.4714341956888));
#3618=CARTESIAN_POINT('',(2.60893002682863,15.3001663537896,-15.3610068552008));
#3619=CARTESIAN_POINT('',(2.23903261478376,14.9825778033845,-16.1348888227279));
#3620=CARTESIAN_POINT('',(2.25119338843383,14.9824709583564,-15.949651395062));
#3621=CARTESIAN_POINT('',(2.27348522237256,15.0242539551673,-15.7644139673962));
#3622=CARTESIAN_POINT('',(2.30507366150373,15.1080216423702,-15.5923791632724));
#3623=CARTESIAN_POINT('',(2.34359120750594,15.2274391692061,-15.4465730199881));
#3624=CARTESIAN_POINT('',(2.3860297561061,15.3721502021157,-15.3348888227279));
#3625=CARTESIAN_POINT('',(2.11822758121041,14.9999997939987,-16.1346171563207));
#3626=CARTESIAN_POINT('',(2.11533379671495,15.0020433221335,-15.9493946676511));
#3627=CARTESIAN_POINT('',(2.11758661904786,15.0467222049399,-15.7641721789818));
#3628=CARTESIAN_POINT('',(2.12518037979363,15.1339661273017,-15.5921433251889));
#3629=CARTESIAN_POINT('',(2.1375006880115,15.257172662371,-15.4463260948923));
#3630=CARTESIAN_POINT('',(2.15337107985778,15.405715734651,-15.3346171563207));
#3631=CARTESIAN_POINT('',(2.00000486268874,14.999999714279,-16.1566125887111));
#3632=CARTESIAN_POINT('',(1.98272010019162,14.9999997121288,-15.9707999982525));
#3633=CARTESIAN_POINT('',(1.96543555366624,15.0435310700822,-15.784987407794));
#3634=CARTESIAN_POINT('',(1.94940853282755,15.1306770994052,-15.6126909937009));
#3635=CARTESIAN_POINT('',(1.93587885415081,15.2546963673645,-15.4672392425938));
#3636=CARTESIAN_POINT('',(1.92558882368738,15.4046327638144,-15.3566125887111));
#3637=SURFACE_SIDE_STYLE('',(#5297));
#3638=EDGE_LOOP('',(#5298,#5299,#5300,#5301));
#3639=CARTESIAN_POINT('',(2.00000099933487,15.0,-16.1566241204208));
#3640=CARTESIAN_POINT('',(1.98271603514413,14.9999999127829,-15.9708114320975));
#3641=CARTESIAN_POINT('',(1.9654310709534,15.0435313456936,-15.7849987437744));
#3642=CARTESIAN_POINT('',(1.94940343504944,15.1306776170333,-15.6127022853081));
#3643=CARTESIAN_POINT('',(1.9358729959585,15.2546972510375,-15.4672505948135));
#3644=CARTESIAN_POINT('',(1.9255821236522,15.4046340690482,-15.3566241204209));
#3645=CARTESIAN_POINT('',(1.60048244159887,15.0,-16.1937885723896));
#3646=CARTESIAN_POINT('',(1.58661024911084,14.999999915233,-16.0081158305707));
#3647=CARTESIAN_POINT('',(1.57273805662282,15.043318856749,-15.822443088752));
#3648=CARTESIAN_POINT('',(1.55986877477997,15.1300389623558,-15.650210083856));
#3649=CARTESIAN_POINT('',(1.5489915543319,15.2534864856683,-15.5046717176097));
#3650=CARTESIAN_POINT('',(1.54070090163958,15.4028043326005,-15.3937885723897));
#3651=CARTESIAN_POINT('',(1.20063372288948,15.0,-16.2218443088181));
#3652=CARTESIAN_POINT('',(1.19020668920328,14.9999999353725,-16.0362779970978));
#3653=CARTESIAN_POINT('',(1.1797796555171,15.0431570099743,-15.8507116853777));
#3654=CARTESIAN_POINT('',(1.17010327351859,15.1295524743813,-15.6785269794325));
#3655=CARTESIAN_POINT('',(1.16191797973659,15.2525637336796,-15.5329227884313));
#3656=CARTESIAN_POINT('',(1.15566994251594,15.4014087158596,-15.4218443088181));
#3657=CARTESIAN_POINT('',(0.800537448887007,15.0,-16.2406138223867));
#3658=CARTESIAN_POINT('',(0.793578149802924,14.9999999792204,-16.0551190222995));
#3659=CARTESIAN_POINT('',(0.786618850718848,15.0430482190914,-15.8696242222124));
#3660=CARTESIAN_POINT('',(0.780159495101627,15.1292253762327,-15.6974719843363));
#3661=CARTESIAN_POINT('',(0.774693250958921,15.2519430912183,-15.5518235991044));
#3662=CARTESIAN_POINT('',(0.77051767196446,15.40046957382,-15.4406138223867));
#3663=CARTESIAN_POINT('',(0.400277932446382,15.0,-16.2500003754403));
#3664=CARTESIAN_POINT('',(0.396798178336391,14.9999999956735,-16.064541327694));
#3665=CARTESIAN_POINT('',(0.393318424226403,15.0429938187259,-15.8790822799479));
#3666=CARTESIAN_POINT('',(0.390088649322977,15.1290618291817,-15.7069462744396));
#3667=CARTESIAN_POINT('',(0.387355445005566,15.2516327850439,-15.5612757939885));
#3668=CARTESIAN_POINT('',(0.385267592572864,15.4000000357943,-15.4500003754403));
#3669=CARTESIAN_POINT('',(1.40099555956705E-07,15.0,-16.2500000660017));
#3670=CARTESIAN_POINT('',(1.4245680190683E-07,14.9999999992363,-16.0645410216729));
#3671=CARTESIAN_POINT('',(1.44814047967976E-07,15.0429938206481,-15.8790819773443));
#3672=CARTESIAN_POINT('',(1.47001953487811E-07,15.129061823976,-15.7069459733877));
#3673=CARTESIAN_POINT('',(1.48853473755212E-07,15.2516327686068,-15.5612754908246));
#3674=CARTESIAN_POINT('',(1.50267821280878E-07,15.4000000062731,-15.4500000660017));
#3675=SURFACE_SIDE_STYLE('',(#5302));
#3676=EDGE_LOOP('',(#5303,#5304,#5305,#5306));
#3677=CARTESIAN_POINT('',(2.00000466328614,-15.0000004738389,-16.1566110676027));
#3678=CARTESIAN_POINT('',(1.98271981845847,-15.0000004371145,-15.9707984336992));
#3679=CARTESIAN_POINT('',(1.96543517147984,-15.043531857068,-15.7849857997957));
#3680=CARTESIAN_POINT('',(1.94940803993428,-15.1306780479053,-15.6126893660041));
#3681=CARTESIAN_POINT('',(1.9358782508458,-15.2546975536073,-15.4672376418046));
#3682=CARTESIAN_POINT('',(1.925588118763,-15.40463422705,-15.3566110676027));
#3683=CARTESIAN_POINT('',(2.13598336287989,-15.0000001824752,-16.1313121525443));
#3684=CARTESIAN_POINT('',(2.1352509453876,-15.0023504961611,-15.9461782258172));
#3685=CARTESIAN_POINT('',(2.14043807039697,-15.0472017117339,-15.7610442990901));
#3686=CARTESIAN_POINT('',(2.15157942266375,-15.1344604508228,-15.5890556004372));
#3687=CARTESIAN_POINT('',(2.16778212841458,-15.2575451390576,-15.4431835192601));
#3688=CARTESIAN_POINT('',(2.1875815427324,-15.4058792239767,-15.3313121525443));
#3689=CARTESIAN_POINT('',(2.27538721755,-14.9770014010071,-16.1354098642108));
#3690=CARTESIAN_POINT('',(2.2921017798997,-14.9761658192995,-15.9501557136193));
#3691=CARTESIAN_POINT('',(2.32043113241163,-15.0169987530505,-15.7649015630283));
#3692=CARTESIAN_POINT('',(2.35923457263266,-15.0996514786648,-15.5928594679942));
#3693=CARTESIAN_POINT('',(2.40562367203001,-15.2178722525194,-15.4470643422163));
#3694=CARTESIAN_POINT('',(2.45604563853418,-15.3613844502315,-15.3354098642108));
#3695=CARTESIAN_POINT('',(2.40680530764694,-14.9279332857304,-16.1746134629796));
#3696=CARTESIAN_POINT('',(2.43894145088443,-14.9173701238428,-15.9883400863941));
#3697=CARTESIAN_POINT('',(2.48862314209031,-14.9480674422479,-15.8020667098087));
#3698=CARTESIAN_POINT('',(2.55359398077247,-15.0208168912942,-15.6295590771777));
#3699=CARTESIAN_POINT('',(2.62891146406301,-15.1298182950063,-15.4843875140675));
#3700=CARTESIAN_POINT('',(2.70883000659555,-15.2649713467039,-15.3746134629796));
#3701=CARTESIAN_POINT('',(2.60415973108462,-14.814728544061,-16.285621169769));
#3702=CARTESIAN_POINT('',(2.6553931509647,-14.7809908104501,-16.0963370677958));
#3703=CARTESIAN_POINT('',(2.73547663816445,-14.7875373922718,-15.9070529658228));
#3704=CARTESIAN_POINT('',(2.84036061729312,-14.8370382691618,-15.7331831475218));
#3705=CARTESIAN_POINT('',(2.96114356942455,-14.9249626019307,-15.5898835187186));
#3706=CARTESIAN_POINT('',(3.08775587336839,-15.0415844743341,-15.485621169769));
#3707=CARTESIAN_POINT('',(2.75106890559235,-14.6687047032099,-16.4516120482664));
#3708=CARTESIAN_POINT('',(2.80871633461322,-14.6059814585627,-16.2574125066856));
#3709=CARTESIAN_POINT('',(2.90806035436977,-14.5809443526678,-16.0632129651049));
#3710=CARTESIAN_POINT('',(3.04385246036407,-14.5994782783818,-15.8871677570388));
#3711=CARTESIAN_POINT('',(3.2025140120439,-14.659591677394,-15.7470263647821));
#3712=CARTESIAN_POINT('',(3.36861457602309,-14.7524171687493,-15.6516120482664));
#3713=CARTESIAN_POINT('',(2.80399764057455,-14.6030078098245,-16.5293891379079));
#3714=CARTESIAN_POINT('',(2.86198956547847,-14.5276366021692,-16.3327917696594));
#3715=CARTESIAN_POINT('',(2.9674078633539,-14.4883973006593,-16.1361944014109));
#3716=CARTESIAN_POINT('',(3.11464280027685,-14.4927828290014,-15.9590984771265));
#3717=CARTESIAN_POINT('',(3.2879867760896,-14.5401674515422,-15.8205193100807));
#3718=CARTESIAN_POINT('',(3.46951867980164,-14.6221858679574,-15.7293891379079));
#3719=CARTESIAN_POINT('',(2.84841648406025,-14.5351039251598,-16.6125044457802));
#3720=CARTESIAN_POINT('',(2.90465792387904,-14.447241259822,-16.413214135305));
#3721=CARTESIAN_POINT('',(3.01423640470445,-14.3933921700666,-16.2139238248299));
#3722=CARTESIAN_POINT('',(3.17138768978943,-14.3828860973839,-16.0356626036269));
#3723=CARTESIAN_POINT('',(3.35815355887553,-14.4168046957814,-15.8988673285813));
#3724=CARTESIAN_POINT('',(3.55391316826912,-14.4874638016908,-15.8125044457802));
#3725=CARTESIAN_POINT('',(2.88492986977981,-14.4657243030832,-16.7));
#3726=CARTESIAN_POINT('',(2.93750095091395,-14.3658331886711,-16.4977050876415));
#3727=CARTESIAN_POINT('',(3.04943443844229,-14.2971835504051,-16.2954101752832));
#3728=CARTESIAN_POINT('',(3.2150729619899,-14.271145480368,-16.1158689237426));
#3729=CARTESIAN_POINT('',(3.41410113940943,-14.29091251912,-15.9811018694156));
#3730=CARTESIAN_POINT('',(3.62298208731274,-14.3497038573593,-15.9));
#3731=SURFACE_SIDE_STYLE('',(#5307));
#3732=EDGE_LOOP('',(#5308,#5309,#5310,#5311));
#3733=CARTESIAN_POINT('',(2.0,-15.0,-16.1566316629761));
#3734=CARTESIAN_POINT('',(1.98271528186073,-14.9999998185157,-15.9708188893327));
#3735=CARTESIAN_POINT('',(1.96543056372147,-15.0435312867086,-15.7850061156895));
#3736=CARTESIAN_POINT('',(1.94940315973167,-15.1306777304565,-15.6127096185379));
#3737=CARTESIAN_POINT('',(1.93587292437481,-15.2546976394649,-15.4672579808861));
#3738=CARTESIAN_POINT('',(1.92558221784065,-15.404634778716,-15.3566316629759));
#3739=CARTESIAN_POINT('',(1.60048470826852,-15.0,-16.1937965154659));
#3740=CARTESIAN_POINT('',(1.58661276625675,-14.9999998117787,-16.0081236785799));
#3741=CARTESIAN_POINT('',(1.57274082424499,-15.0433187943283,-15.8224508416939));
#3742=CARTESIAN_POINT('',(1.55987177819789,-15.1300390937445,-15.6502177936726));
#3743=CARTESIAN_POINT('',(1.54899476429406,-15.2534869251947,-15.5046794862609));
#3744=CARTESIAN_POINT('',(1.54070427888932,-15.4028051318817,-15.3937965154658));
#3745=CARTESIAN_POINT('',(1.20064748575059,-15.0000000000001,-16.2218510422731));
#3746=CARTESIAN_POINT('',(1.19022060755609,-14.9999998349681,-16.0362846344439));
#3747=CARTESIAN_POINT('',(1.17979372936161,-15.0431569553802,-15.8507182266149));
#3748=CARTESIAN_POINT('',(1.17011749424132,-15.1295526198487,-15.6785334770449));
#3749=CARTESIAN_POINT('',(1.16193233015714,-15.2525641944362,-15.5329293454817));
#3750=CARTESIAN_POINT('',(1.1556843993618,-15.401409543719,-15.421851042273));
#3751=CARTESIAN_POINT('',(0.800564094599858,-15.0,-16.2406186291601));
#3752=CARTESIAN_POINT('',(0.793604791810448,-14.999999900141,-16.0551237514648));
#3753=CARTESIAN_POINT('',(0.786645489021041,-15.0430481790856,-15.8696288737696));
#3754=CARTESIAN_POINT('',(0.780186130733527,-15.1292254997755,-15.6974766006711));
#3755=CARTESIAN_POINT('',(0.774719885956637,-15.2519434712246,-15.5518282633913));
#3756=CARTESIAN_POINT('',(0.770544308690016,-15.4004702520049,-15.44061862916));
#3757=CARTESIAN_POINT('',(0.400306347248815,-15.0,-16.2500034473841));
#3758=CARTESIAN_POINT('',(0.396826468357645,-14.9999999546879,-16.0645443617884));
#3759=CARTESIAN_POINT('',(0.39334658946648,-15.0429937943805,-15.879085276193));
#3760=CARTESIAN_POINT('',(0.390116698885929,-15.1290618823597,-15.7069492535003));
#3761=CARTESIAN_POINT('',(0.387383396972231,-15.2516329614099,-15.5612787964404));
#3762=CARTESIAN_POINT('',(0.385295470389875,-15.4000003561506,-15.450003447384));
#3763=CARTESIAN_POINT('',(2.62652891347415E-06,-15.0,-16.2500013527582));
#3764=CARTESIAN_POINT('',(2.65958201073335E-06,-14.9999999821096,-16.0645422926979));
#3765=CARTESIAN_POINT('',(2.69263510788154E-06,-15.0429938103459,-15.8790832326379));
#3766=CARTESIAN_POINT('',(2.72331372930257E-06,-15.1290618458101,-15.7069472215388));
#3767=CARTESIAN_POINT('',(2.74927557930571E-06,-15.2516328415701,-15.5612767486978));
#3768=CARTESIAN_POINT('',(2.76910743057801E-06,-15.4000001390286,-15.4500013527581));
#3769=SURFACE_SIDE_STYLE('',(#5312));
#3770=EDGE_LOOP('',(#5313,#5314,#5315,#5316,#5317,#5318));
#3771=AXIS2_PLACEMENT_3D('',#5319,#5320,#5321);
#3772=SURFACE_SIDE_STYLE('',(#5322));
#3773=EDGE_LOOP('',(#5323,#5324,#5325,#5326));
#3774=AXIS2_PLACEMENT_3D('',#5327,#5328,#5329);
#3775=SURFACE_SIDE_STYLE('',(#5330));
#3776=EDGE_LOOP('',(#5331,#5332,#5333,#5334));
#3777=CARTESIAN_POINT('',(2.95980980437672,14.239416171732,-19.1464465384914));
#3778=CARTESIAN_POINT('',(3.00886238762164,14.0322439423451,-19.1636499216286));
#3779=CARTESIAN_POINT('',(3.11265104442626,13.838725150748,-19.1892048682124));
#3780=CARTESIAN_POINT('',(3.26666731950845,13.6786810953987,-19.2214956543744));
#3781=CARTESIAN_POINT('',(3.45503851947668,13.56860568396,-19.2571944386391));
#3782=CARTESIAN_POINT('',(3.6583116026364,13.513576903106,-19.2928932188135));
#3783=CARTESIAN_POINT('',(2.96456140114676,14.238129843426,-19.1174068557773));
#3784=CARTESIAN_POINT('',(3.01413813096036,14.0309332065814,-19.13121483035));
#3785=CARTESIAN_POINT('',(3.11865557494292,13.8373001037216,-19.1517081707617));
#3786=CARTESIAN_POINT('',(3.27356121999947,13.6770296052189,-19.1775919362386));
#3787=CARTESIAN_POINT('',(3.46291126281478,13.5666176043179,-19.2062028916745));
#3788=CARTESIAN_POINT('',(3.66718125907028,13.5111757429839,-19.2348138433247));
#3789=CARTESIAN_POINT('',(2.96813279124916,14.2371588118203,-19.0881807144658));
#3790=CARTESIAN_POINT('',(3.0181056308523,14.0299436234416,-19.0985596119922));
#3791=CARTESIAN_POINT('',(3.1231717367136,13.8362242683572,-19.1139545081414));
#3792=CARTESIAN_POINT('',(3.27874545616311,13.6757829642147,-19.133393018175));
#3793=CARTESIAN_POINT('',(3.46883000827936,13.5651169457447,-19.1548772747311));
#3794=CARTESIAN_POINT('',(3.67384786666842,13.5093631311848,-19.1763615284429));
#3795=CARTESIAN_POINT('',(2.97051625302181,14.2365093258317,-19.0588294890237));
#3796=CARTESIAN_POINT('',(3.02075419338666,14.0292816808,-19.0657564484453));
#3797=CARTESIAN_POINT('',(3.12618677156784,13.8355046462537,-19.0760280910794));
#3798=CARTESIAN_POINT('',(3.28220621185796,13.6749491430257,-19.0889957633587));
#3799=CARTESIAN_POINT('',(3.47278053964105,13.5641132488127,-19.1033273955744));
#3800=CARTESIAN_POINT('',(3.67829700564196,13.5081507415517,-19.1176590264152));
#3801=CARTESIAN_POINT('',(2.97170821906682,14.2361845401333,-19.0294147424529));
#3802=CARTESIAN_POINT('',(3.0220787278827,14.0289506653532,-19.0328782175474));
#3803=CARTESIAN_POINT('',(3.12769457425877,13.8351447871563,-19.0380140334436));
#3804=CARTESIAN_POINT('',(3.28393691902384,13.6745321778794,-19.0444978638251));
#3805=CARTESIAN_POINT('',(3.47475618588571,13.5636113375334,-19.0516636743655));
#3806=CARTESIAN_POINT('',(3.68052200892474,13.5075444749155,-19.0588294849058));
#3807=CARTESIAN_POINT('',(2.97170821906682,14.2361845401333,-19.0));
#3808=CARTESIAN_POINT('',(3.0220787278827,14.0289506653532,-19.0));
#3809=CARTESIAN_POINT('',(3.12769457425685,13.8351447871566,-19.0000000000001));
#3810=CARTESIAN_POINT('',(3.28393691902356,13.6745321778795,-18.9999999999999));
#3811=CARTESIAN_POINT('',(3.47475618588571,13.5636113375334,-19.0));
#3812=CARTESIAN_POINT('',(3.68052200892474,13.5075444749155,-19.0));
#3813=SURFACE_SIDE_STYLE('',(#5335));
#3814=EDGE_LOOP('',(#5336,#5337,#5338,#5339));
#3815=AXIS2_PLACEMENT_3D('',#5340,#5341,#5342);
#3816=SURFACE_SIDE_STYLE('',(#5343));
#3817=EDGE_LOOP('',(#5344,#5345,#5346,#5347));
#3818=CARTESIAN_POINT('',(2.97170873733612,-14.2361844511473,-18.9999999681553));
#3819=CARTESIAN_POINT('',(3.02207928988708,-14.0289505685316,-18.9999999418771));
#3820=CARTESIAN_POINT('',(3.12769520969283,-13.835144677512,-18.9999999102654));
#3821=CARTESIAN_POINT('',(3.28393765350011,-13.6745320512398,-18.9999998758038));
#3822=CARTESIAN_POINT('',(3.47475703476469,-13.5636111915477,-18.9999998420328));
#3823=CARTESIAN_POINT('',(3.68052297620223,-13.5075443091396,-18.9999998118164));
#3824=CARTESIAN_POINT('',(2.97170861475189,-14.2361844755802,-19.0294120812521));
#3825=CARTESIAN_POINT('',(3.02207915750613,-14.0289505936852,-19.0328752239565));
#3826=CARTESIAN_POINT('',(3.1276950608524,-13.8351447044741,-19.0380105532008));
#3827=CARTESIAN_POINT('',(3.28393748243527,-13.6745320810902,-19.0444937737863));
#3828=CARTESIAN_POINT('',(3.47475683794535,-13.5636112251191,-19.0516589140487));
#3829=CARTESIAN_POINT('',(3.68052275259468,-13.5075443468809,-19.0588240573132));
#3830=CARTESIAN_POINT('',(2.97051662339502,-14.2365092461871,-19.0588246209497));
#3831=CARTESIAN_POINT('',(3.02075460160889,-14.0292815958574,-19.0657509866034));
#3832=CARTESIAN_POINT('',(3.12618723629338,-13.8355045503072,-19.0760217555225));
#3833=CARTESIAN_POINT('',(3.2822067483995,-13.6749490298996,-19.0889883297796));
#3834=CARTESIAN_POINT('',(3.47278115679466,-13.5641131132524,-19.1033187523446));
#3835=CARTESIAN_POINT('',(3.67829770526348,-13.5081505804978,-19.1176491767683));
#3836=CARTESIAN_POINT('',(2.96813290007014,-14.2371587442675,-19.0881763935774));
#3837=CARTESIAN_POINT('',(3.0181057636088,-14.0299435569917,-19.0985547679959));
#3838=CARTESIAN_POINT('',(3.12317189275868,-13.8362241967573,-19.1139488917234));
#3839=CARTESIAN_POINT('',(3.27874563316241,-13.6757828784826,-19.133386429169));
#3840=CARTESIAN_POINT('',(3.46883020391325,-13.5651168360682,-19.1548696134781));
#3841=CARTESIAN_POINT('',(3.67384807955566,-13.5093629901143,-19.1763527974948));
#3842=CARTESIAN_POINT('',(2.96456100497215,-14.2381298866656,-19.1174047399692));
#3843=CARTESIAN_POINT('',(3.01413771181182,-14.0309332539673,-19.1312124452022));
#3844=CARTESIAN_POINT('',(3.11865510693796,-13.8373001553815,-19.1517053915629));
#3845=CARTESIAN_POINT('',(3.27356067967668,-13.6770296594412,-19.1775886637024));
#3846=CARTESIAN_POINT('',(3.4629106353617,-13.5666176578603,-19.2061990776452));
#3847=CARTESIAN_POINT('',(3.66718053984337,-13.5111757926332,-19.2348094912623));
#3848=CARTESIAN_POINT('',(2.9598089464802,-14.2394163379113,-19.1464466133495));
#3849=CARTESIAN_POINT('',(3.00886145992163,-14.0322441128886,-19.1636499777389));
#3850=CARTESIAN_POINT('',(3.11265000062613,-13.8387253333063,-19.1892049058731));
#3851=CARTESIAN_POINT('',(3.26666611969592,-13.6786812978315,-19.221495675626));
#3852=CARTESIAN_POINT('',(3.45503713930857,-13.5686059126079,-19.2571944471068));
#3853=CARTESIAN_POINT('',(3.65831003508969,-13.5135771615984,-19.2928932188135));
#3854=SURFACE_SIDE_STYLE('',(#5348));
#3855=EDGE_LOOP('',(#5349,#5350,#5351,#5352));
#3856=AXIS2_PLACEMENT_3D('',#5353,#5354,#5355);
#3857=SURFACE_SIDE_STYLE('',(#5356));
#3858=EDGE_LOOP('',(#5357,#5358,#5359,#5360));
#3859=CARTESIAN_POINT('',(-2.97170821838574,14.2361845422154,-17.5000000086812));
#3860=CARTESIAN_POINT('',(-3.02207872816427,14.0289506691945,-17.5000000067372));
#3861=CARTESIAN_POINT('',(-3.12769457500221,13.8351447927639,-17.5000000047933));
#3862=CARTESIAN_POINT('',(-3.28393691967822,13.6745321849258,-17.5000000030344));
#3863=CARTESIAN_POINT('',(-3.47475618604722,13.5636113453971,-17.5000000016411));
#3864=CARTESIAN_POINT('',(-3.68052200841986,13.5075444829216,-17.5000000007016));
#3865=CARTESIAN_POINT('',(-2.97170822822274,14.236184512059,-17.3145132180773));
#3866=CARTESIAN_POINT('',(-3.02207872372289,14.0289506137354,-17.2693262811558));
#3867=CARTESIAN_POINT('',(-3.12769456355357,13.8351447119151,-17.2241393442344));
#3868=CARTESIAN_POINT('',(-3.28393690932256,13.6745320834671,-17.1832529102439));
#3869=CARTESIAN_POINT('',(-3.47475618266212,13.5636112323901,-17.1508669319291));
#3870=CARTESIAN_POINT('',(-3.68052201453167,13.5075443681849,-17.1290265789081));
#3871=CARTESIAN_POINT('',(-2.96590675388945,14.2600528018339,-17.1290388115678));
#3872=CARTESIAN_POINT('',(-3.01857715427576,14.0655369668012,-17.038667839032));
#3873=CARTESIAN_POINT('',(-3.12624219003426,13.885825364804,-16.9482968664962));
#3874=CARTESIAN_POINT('',(-3.28405689947839,13.7395058424275,-16.8665266266251));
#3875=CARTESIAN_POINT('',(-3.47578561919575,13.6416339166637,-16.8017567533999));
#3876=CARTESIAN_POINT('',(-3.68175266714669,13.5963590927977,-16.7580774561426));
#3877=CARTESIAN_POINT('',(-2.95467386123123,14.3075683594922,-16.9549962059827));
#3878=CARTESIAN_POINT('',(-3.01241213166388,14.1385425679823,-16.8226476601797));
#3879=CARTESIAN_POINT('',(-3.12436883915168,13.9869805857873,-16.690299114377));
#3880=CARTESIAN_POINT('',(-3.28530594059139,13.8691705291178,-16.5703724047652));
#3881=CARTESIAN_POINT('',(-3.47872339511379,13.7972496101133,-16.4749812057172));
#3882=CARTESIAN_POINT('',(-3.68496489039491,13.7733496886422,-16.4099917729502));
#3883=CARTESIAN_POINT('',(-2.93044431195164,14.379241614949,-16.8090644902738));
#3884=CARTESIAN_POINT('',(-2.98880786219356,14.2446571752114,-16.6397377033628));
#3885=CARTESIAN_POINT('',(-3.10317299737368,14.1321372357786,-16.470410916452));
#3886=CARTESIAN_POINT('',(-3.26781168668785,14.0556596747891,-16.3176425282769));
#3887=CARTESIAN_POINT('',(-3.46489197144397,14.0242332469486,-16.197610479825));
#3888=CARTESIAN_POINT('',(-3.67347937302545,14.0369892056745,-16.1181289805477));
#3889=CARTESIAN_POINT('',(-2.88492986852112,14.465724304497,-16.7));
#3890=CARTESIAN_POINT('',(-2.93750094961636,14.3658331898774,-16.4977050876386));
#3891=CARTESIAN_POINT('',(-3.04943443700011,14.2971835514081,-16.2954101752773));
#3892=CARTESIAN_POINT('',(-3.21507296030104,14.271145481196,-16.1158689237354));
#3893=CARTESIAN_POINT('',(-3.41410113740075,14.2909125198229,-15.9811018694104));
#3894=CARTESIAN_POINT('',(-3.62298208494968,14.3497038579942,-15.9));
#3895=SURFACE_SIDE_STYLE('',(#5361));
#3896=EDGE_LOOP('',(#5362,#5363,#5364,#5365));
#3897=CARTESIAN_POINT('',(-2.88492986852112,-14.465724304497,-16.7));
#3898=CARTESIAN_POINT('',(-2.93750094961635,-14.3658331898774,-16.4977050876385));
#3899=CARTESIAN_POINT('',(-3.04943443700011,-14.297183551408,-16.2954101752773));
#3900=CARTESIAN_POINT('',(-3.21507296030103,-14.2711454811961,-16.1158689237353));
#3901=CARTESIAN_POINT('',(-3.41410113740074,-14.2909125198229,-15.9811018694104));
#3902=CARTESIAN_POINT('',(-3.62298208494967,-14.3497038579942,-15.9));
#3903=CARTESIAN_POINT('',(-2.93044326162253,-14.3792436106954,-16.8090619734111));
#3904=CARTESIAN_POINT('',(-2.98880667819263,-14.2446599715698,-16.6397344257002));
#3905=CARTESIAN_POINT('',(-3.10317175727517,-14.1321410445314,-16.4704068779896));
#3906=CARTESIAN_POINT('',(-3.26781046964361,-14.0556646475232,-16.3176378719993));
#3907=CARTESIAN_POINT('',(-3.46489079935251,-14.024239401061,-16.1976054834925));
#3908=CARTESIAN_POINT('',(-3.67347820770808,-14.0369964221375,-16.1181239468221));
#3909=CARTESIAN_POINT('',(-2.95467248030986,-14.307572166506,-16.9549882851789));
#3910=CARTESIAN_POINT('',(-3.01241112711517,-14.1385482177266,-16.822638204195));
#3911=CARTESIAN_POINT('',(-3.12436818716816,-13.9869882988232,-16.6902881232112));
#3912=CARTESIAN_POINT('',(-3.28530557174222,-13.8691803556991,-16.570359982535));
#3913=CARTESIAN_POINT('',(-3.47872322894139,-13.7972614217693,-16.4749675612958));
#3914=CARTESIAN_POINT('',(-3.68496485614846,-13.7733632344507,-16.4099772094636));
#3915=CARTESIAN_POINT('',(-2.96590482653214,-14.2600603523111,-17.1289107981543));
#3916=CARTESIAN_POINT('',(-3.01857654948645,-14.0655490178738,-17.0385088478656));
#3917=CARTESIAN_POINT('',(-3.12624247264585,-13.8858422648698,-16.9481068975771));
#3918=CARTESIAN_POINT('',(-3.2840575341287,-13.7395273956601,-16.8663085715915));
#3919=CARTESIAN_POINT('',(-3.47578613670664,-13.6416593453645,-16.8015163400269));
#3920=CARTESIAN_POINT('',(-3.68175275817025,-13.596387327442,-16.7578218112411));
#3921=CARTESIAN_POINT('',(-2.97170784102011,-14.236185768067,-17.3144892771905));
#3922=CARTESIAN_POINT('',(-3.02207893893789,-14.0289529385567,-17.2692965867347));
#3923=CARTESIAN_POINT('',(-3.12769507443847,-13.8351481078064,-17.2241038962789));
#3924=CARTESIAN_POINT('',(-3.28393737409504,-13.6745363477447,-17.1832122507));
#3925=CARTESIAN_POINT('',(-3.47475635290149,-13.563615982082,-17.1508221323587));
#3926=CARTESIAN_POINT('',(-3.68052178293381,-13.5075491887659,-17.1289789712123));
#3927=CARTESIAN_POINT('',(-2.97170812044752,-14.2361848593286,-17.499999873234));
#3928=CARTESIAN_POINT('',(-3.02207878070062,-14.0289512560783,-17.4999998776001));
#3929=CARTESIAN_POINT('',(-3.12769470107491,-13.83514565011,-17.4999998819663));
#3930=CARTESIAN_POINT('',(-3.28393703360715,-13.6745332619556,-17.4999998859169));
#3931=CARTESIAN_POINT('',(-3.47475622554392,-13.5636125460021,-17.4999998890461));
#3932=CARTESIAN_POINT('',(-3.68052194655548,-13.5075457029432,-17.4999998911565));
#3933=SURFACE_SIDE_STYLE('',(#5366));
#3934=EDGE_LOOP('',(#5367,#5368,#5369,#5370));
#3935=AXIS2_PLACEMENT_3D('',#5371,#5372,#5373);
#3936=SURFACE_SIDE_STYLE('',(#5374));
#3937=EDGE_LOOP('',(#5375,#5376,#5377,#5378));
#3938=CARTESIAN_POINT('',(2.88492990005498,14.4657242936363,-16.6999999538715));
#3939=CARTESIAN_POINT('',(2.93750098321532,14.3658331707197,-16.4977050311922));
#3940=CARTESIAN_POINT('',(3.04943447697398,14.2971835245709,-16.2954101085129));
#3941=CARTESIAN_POINT('',(3.21507301060948,14.2711454485203,-16.1158688483836));
#3942=CARTESIAN_POINT('',(3.4141012001949,14.2909124839506,-15.9811017888412));
#3943=CARTESIAN_POINT('',(3.62298216036953,14.3497038214579,-15.8999999179519));
#3944=CARTESIAN_POINT('',(2.93044175351788,14.3792469846573,-16.80905709606));
#3945=CARTESIAN_POINT('',(2.98880494820876,14.2446646558827,-16.6397281021338));
#3946=CARTESIAN_POINT('',(3.10316998893164,14.1321474165525,-16.4703991082077));
#3947=CARTESIAN_POINT('',(3.26780884641933,14.0556729937611,-16.3176289267956));
#3948=CARTESIAN_POINT('',(3.46488938396073,14.0242497819366,-16.1975958894859));
#3949=CARTESIAN_POINT('',(3.67347693498623,14.0370086575052,-16.1181142777485));
#3950=CARTESIAN_POINT('',(2.95466148936002,14.307598350202,-16.9549469404502));
#3951=CARTESIAN_POINT('',(3.01239857185199,14.138585039643,-16.8225847921026));
#3952=CARTESIAN_POINT('',(3.12435543145516,13.9870384485105,-16.6902226437552));
#3953=CARTESIAN_POINT('',(3.28529395390413,13.8692458263854,-16.5702845054342));
#3954=CARTESIAN_POINT('',(3.47871319720325,13.7973425972784,-16.4748861219727));
#3955=CARTESIAN_POINT('',(3.68495591238581,13.7734587630753,-16.4098942930119));
#3956=CARTESIAN_POINT('',(2.96590592642583,14.2600571427453,-17.128970110056));
#3957=CARTESIAN_POINT('',(3.01857570065116,14.0655427283589,-17.0385822995612));
#3958=CARTESIAN_POINT('',(3.12624071750467,13.8858329505029,-16.9481944890666));
#3959=CARTESIAN_POINT('',(3.28405602379835,13.739515760339,-16.8664089944013));
#3960=CARTESIAN_POINT('',(3.47578569230803,13.6416466453563,-16.8016270015512));
#3961=CARTESIAN_POINT('',(3.68175371373407,13.5963748812424,-16.7579394802765));
#3962=CARTESIAN_POINT('',(2.97170807397906,14.2361849786931,-17.3144857160389));
#3963=CARTESIAN_POINT('',(3.02207879486626,14.0289514775728,-17.2692921096032));
#3964=CARTESIAN_POINT('',(3.12769474400131,13.8351459734236,-17.2240985031678));
#3965=CARTESIAN_POINT('',(3.2839370700137,13.6745336661342,-17.1832060270543));
#3966=CARTESIAN_POINT('',(3.47475623019596,13.5636129921466,-17.1508152471957));
#3967=CARTESIAN_POINT('',(3.68052190910796,13.5075461494838,-17.1289716349711));
#3968=CARTESIAN_POINT('',(2.9717080836127,14.2361849488138,-17.4999999007187));
#3969=CARTESIAN_POINT('',(3.0220787865137,14.0289514242552,-17.4999999238826));
#3970=CARTESIAN_POINT('',(3.12769472556337,13.8351458967386,-17.4999999470465));
#3971=CARTESIAN_POINT('',(3.28393705044875,13.6745335713973,-17.4999999680057));
#3972=CARTESIAN_POINT('',(3.47475621599048,13.5636128891876,-17.4999999846076));
#3973=CARTESIAN_POINT('',(3.68052190297764,13.5075460486587,-17.4999999958034));
#3974=SURFACE_SIDE_STYLE('',(#5379));
#3975=EDGE_LOOP('',(#5380,#5381,#5382,#5383));
#3976=CARTESIAN_POINT('',(2.97170821838574,-14.2361845422154,-17.5000000086812));
#3977=CARTESIAN_POINT('',(3.02207872816428,-14.0289506691945,-17.5000000067372));
#3978=CARTESIAN_POINT('',(3.12769457500221,-13.8351447927639,-17.5000000047933));
#3979=CARTESIAN_POINT('',(3.28393691967821,-13.6745321849258,-17.5000000030344));
#3980=CARTESIAN_POINT('',(3.47475618604722,-13.5636113453971,-17.5000000016411));
#3981=CARTESIAN_POINT('',(3.68052200841986,-13.5075444829216,-17.5000000007016));
#3982=CARTESIAN_POINT('',(2.97170822822275,-14.236184512059,-17.3145132180771));
#3983=CARTESIAN_POINT('',(3.0220787237229,-14.0289506137354,-17.2693262811556));
#3984=CARTESIAN_POINT('',(3.12769456355358,-13.8351447119152,-17.2241393442342));
#3985=CARTESIAN_POINT('',(3.28393690932256,-13.6745320834671,-17.1832529102436));
#3986=CARTESIAN_POINT('',(3.47475618266212,-13.5636112323901,-17.1508669319288));
#3987=CARTESIAN_POINT('',(3.68052201453167,-13.5075443681849,-17.1290265789078));
#3988=CARTESIAN_POINT('',(2.96590675388943,-14.260052801834,-17.129038811568));
#3989=CARTESIAN_POINT('',(3.01857715427574,-14.0655369668013,-17.0386678390322));
#3990=CARTESIAN_POINT('',(3.12624219004172,-13.8858253647742,-16.9482968664965));
#3991=CARTESIAN_POINT('',(3.28405689950078,-13.7395058426664,-16.8665266266254));
#3992=CARTESIAN_POINT('',(3.47578561919576,-13.6416339166638,-16.8017567534001));
#3993=CARTESIAN_POINT('',(3.6817526671467,-13.5963590927978,-16.7580774561428));
#3994=CARTESIAN_POINT('',(2.9546738612313,-14.307568359492,-16.9549962059829));
#3995=CARTESIAN_POINT('',(3.01241213166394,-14.1385425679822,-16.8226476601799));
#3996=CARTESIAN_POINT('',(3.12436883915172,-13.9869805858169,-16.6902991143772));
#3997=CARTESIAN_POINT('',(3.28530594059147,-13.8691705292369,-16.5703724048848));
#3998=CARTESIAN_POINT('',(3.47872339511388,-13.797249610113,-16.4749812057175));
#3999=CARTESIAN_POINT('',(3.68496489039504,-13.7733496886418,-16.4099917729506));
#4000=CARTESIAN_POINT('',(2.93044431195166,-14.3792416149489,-16.8090644902739));
#4001=CARTESIAN_POINT('',(2.98880786219359,-14.2446571752114,-16.6397377033629));
#4002=CARTESIAN_POINT('',(3.10317299737371,-14.1321372357784,-16.4704109164521));
#4003=CARTESIAN_POINT('',(3.26781168668789,-14.055659674789,-16.317642528277));
#4004=CARTESIAN_POINT('',(3.464891971444,-14.0242332469484,-16.1976104798251));
#4005=CARTESIAN_POINT('',(3.67347937302547,-14.0369892056743,-16.1181289805478));
#4006=CARTESIAN_POINT('',(2.88492986852112,-14.465724304497,-16.7));
#4007=CARTESIAN_POINT('',(2.93750094961636,-14.3658331898774,-16.4977050876386));
#4008=CARTESIAN_POINT('',(3.04943443700011,-14.297183551408,-16.2954101752773));
#4009=CARTESIAN_POINT('',(3.21507296030104,-14.271145481196,-16.1158689237354));
#4010=CARTESIAN_POINT('',(3.41410113740074,-14.2909125198229,-15.9811018694104));
#4011=CARTESIAN_POINT('',(3.62298208494968,-14.3497038579942,-15.9));
#4012=SURFACE_SIDE_STYLE('',(#5384));
#4013=EDGE_LOOP('',(#5385,#5386,#5387,#5388));
#4014=AXIS2_PLACEMENT_3D('',#5389,#5390,#5391);
#4015=SURFACE_SIDE_STYLE('',(#5392));
#4016=EDGE_LOOP('',(#5393,#5394,#5395,#5396,#5397,#5398));
#4017=AXIS2_PLACEMENT_3D('',#5399,#5400,#5401);
#4018=SURFACE_SIDE_STYLE('',(#5402));
#4019=EDGE_LOOP('',(#5403,#5404,#5405,#5406));
#4020=AXIS2_PLACEMENT_3D('',#5407,#5408,#5409);
#4021=SURFACE_SIDE_STYLE('',(#5410));
#4022=EDGE_LOOP('',(#5411,#5412,#5413,#5414,#5415));
#4023=AXIS2_PLACEMENT_3D('',#5416,#5417,#5418);
#4024=SURFACE_SIDE_STYLE('',(#5419));
#4025=EDGE_LOOP('',(#5420,#5421,#5422,#5423));
#4026=AXIS2_PLACEMENT_3D('',#5424,#5425,#5426);
#4027=SURFACE_SIDE_STYLE('',(#5427));
#4028=EDGE_LOOP('',(#5428,#5429,#5430,#5431));
#4029=AXIS2_PLACEMENT_3D('',#5432,#5433,#5434);
#4030=SURFACE_SIDE_STYLE('',(#5435));
#4031=EDGE_LOOP('',(#5436,#5437,#5438,#5439,#5440));
#4032=AXIS2_PLACEMENT_3D('',#5441,#5442,#5443);
#4033=SURFACE_SIDE_STYLE('',(#5444));
#4034=EDGE_LOOP('',(#5445,#5446,#5447,#5448));
#4035=AXIS2_PLACEMENT_3D('',#5449,#5450,#5451);
#4036=SURFACE_SIDE_STYLE('',(#5452));
#4037=EDGE_LOOP('',(#5453,#5454,#5455,#5456,#5457));
#4038=AXIS2_PLACEMENT_3D('',#5458,#5459,#5460);
#4039=SURFACE_SIDE_STYLE('',(#5461));
#4040=EDGE_LOOP('',(#5462,#5463,#5464,#5465,#5466));
#4041=AXIS2_PLACEMENT_3D('',#5467,#5468,#5469);
#4042=SURFACE_SIDE_STYLE('',(#5470));
#4043=EDGE_LOOP('',(#5471,#5472,#5473,#5474));
#4044=AXIS2_PLACEMENT_3D('',#5475,#5476,#5477);
#4045=SURFACE_SIDE_STYLE('',(#5478));
#4046=EDGE_LOOP('',(#5479,#5480,#5481,#5482));
#4047=AXIS2_PLACEMENT_3D('',#5483,#5484,#5485);
#4048=SURFACE_SIDE_STYLE('',(#5486));
#4049=EDGE_LOOP('',(#5487,#5488,#5489));
#4050=AXIS2_PLACEMENT_3D('',#5490,#5491,#5492);
#4051=SURFACE_SIDE_STYLE('',(#5493));
#4052=EDGE_LOOP('',(#5494,#5495,#5496));
#4053=AXIS2_PLACEMENT_3D('',#5497,#5498,#5499);
#4054=SURFACE_SIDE_STYLE('',(#5500));
#4055=EDGE_LOOP('',(#5501,#5502,#5503,#5504,#5505));
#4056=AXIS2_PLACEMENT_3D('',#5506,#5507,#5508);
#4057=SURFACE_SIDE_STYLE('',(#5509));
#4058=EDGE_LOOP('',(#5510,#5511,#5512,#5513,#5514));
#4059=AXIS2_PLACEMENT_3D('',#5515,#5516,#5517);
#4060=SURFACE_SIDE_STYLE('',(#5518));
#4061=EDGE_LOOP('',(#5519,#5520,#5521,#5522,#5523,#5524));
#4062=AXIS2_PLACEMENT_3D('',#5525,#5526,#5527);
#4063=SURFACE_SIDE_STYLE('',(#5528));
#4064=EDGE_LOOP('',(#5529,#5530,#5531,#5532,#5533,#5534));
#4065=AXIS2_PLACEMENT_3D('',#5535,#5536,#5537);
#4066=SURFACE_SIDE_STYLE('',(#5538));
#4067=EDGE_LOOP('',(#5539,#5540,#5541,#5542,#5543));
#4068=AXIS2_PLACEMENT_3D('',#5544,#5545,#5546);
#4069=SURFACE_SIDE_STYLE('',(#5547));
#4070=EDGE_LOOP('',(#5548,#5549,#5550,#5551,#5552));
#4071=AXIS2_PLACEMENT_3D('',#5553,#5554,#5555);
#4072=SURFACE_SIDE_STYLE('',(#5556));
#4073=EDGE_LOOP('',(#5557,#5558,#5559,#5560));
#4074=AXIS2_PLACEMENT_3D('',#5561,#5562,#5563);
#4075=SURFACE_SIDE_STYLE('',(#5564));
#4076=EDGE_LOOP('',(#5565,#5566,#5567,#5568));
#4077=AXIS2_PLACEMENT_3D('',#5569,#5570,#5571);
#4078=SURFACE_SIDE_STYLE('',(#5572));
#4079=EDGE_LOOP('',(#5573,#5574,#5575,#5576,#5577));
#4080=AXIS2_PLACEMENT_3D('',#5578,#5579,#5580);
#4081=SURFACE_SIDE_STYLE('',(#5581));
#4082=EDGE_LOOP('',(#5582,#5583,#5584,#5585,#5586));
#4083=AXIS2_PLACEMENT_3D('',#5587,#5588,#5589);
#4084=SURFACE_SIDE_STYLE('',(#5590));
#4085=EDGE_LOOP('',(#5591,#5592,#5593,#5594,#5595,#5596));
#4086=AXIS2_PLACEMENT_3D('',#5597,#5598,#5599);
#4087=SURFACE_SIDE_STYLE('',(#5600));
#4088=EDGE_LOOP('',(#5601,#5602,#5603,#5604,#5605,#5606));
#4089=AXIS2_PLACEMENT_3D('',#5607,#5608,#5609);
#4090=SURFACE_SIDE_STYLE('',(#5610));
#4091=EDGE_LOOP('',(#5611,#5612,#5613));
#4092=AXIS2_PLACEMENT_3D('',#5614,#5615,#5616);
#4093=SURFACE_SIDE_STYLE('',(#5617));
#4094=EDGE_LOOP('',(#5618,#5619,#5620));
#4095=AXIS2_PLACEMENT_3D('',#5621,#5622,#5623);
#4096=SURFACE_SIDE_STYLE('',(#5624));
#4097=EDGE_LOOP('',(#5625,#5626,#5627,#5628,#5629,#5630,#5631,#5632,#5633));
#4098=AXIS2_PLACEMENT_3D('',#5634,#5635,#5636);
#4099=SURFACE_SIDE_STYLE('',(#5637));
#4100=EDGE_LOOP('',(#5638,#5639,#5640,#5641,#5642,#5643,#5644,#5645,#5646));
#4101=AXIS2_PLACEMENT_3D('',#5647,#5648,#5649);
#4102=SURFACE_SIDE_STYLE('',(#5650));
#4103=EDGE_LOOP('',(#5651,#5652,#5653));
#4104=AXIS2_PLACEMENT_3D('',#5654,#5655,#5656);
#4105=SURFACE_SIDE_STYLE('',(#5657));
#4106=EDGE_LOOP('',(#5658,#5659,#5660));
#4107=AXIS2_PLACEMENT_3D('',#5661,#5662,#5663);
#4108=SURFACE_SIDE_STYLE('',(#5664));
#4109=EDGE_LOOP('',(#5665,#5666,#5667,#5668,#5669));
#4110=AXIS2_PLACEMENT_3D('',#5670,#5671,#5672);
#4111=SURFACE_SIDE_STYLE('',(#5673));
#4112=EDGE_LOOP('',(#5674,#5675,#5676,#5677,#5678));
#4113=AXIS2_PLACEMENT_3D('',#5679,#5680,#5681);
#4114=SURFACE_SIDE_STYLE('',(#5682));
#4115=EDGE_LOOP('',(#5683,#5684,#5685,#5686,#5687,#5688));
#4116=AXIS2_PLACEMENT_3D('',#5689,#5690,#5691);
#4117=SURFACE_SIDE_STYLE('',(#5692));
#4118=EDGE_LOOP('',(#5693,#5694,#5695,#5696,#5697,#5698));
#4119=AXIS2_PLACEMENT_3D('',#5699,#5700,#5701);
#4120=SURFACE_SIDE_STYLE('',(#5702));
#4121=EDGE_LOOP('',(#5703,#5704,#5705,#5706,#5707));
#4122=AXIS2_PLACEMENT_3D('',#5708,#5709,#5710);
#4123=SURFACE_SIDE_STYLE('',(#5711));
#4124=EDGE_LOOP('',(#5712,#5713,#5714,#5715,#5716));
#4125=AXIS2_PLACEMENT_3D('',#5717,#5718,#5719);
#4126=SURFACE_SIDE_STYLE('',(#5720));
#4127=EDGE_LOOP('',(#5721,#5722,#5723,#5724));
#4128=AXIS2_PLACEMENT_3D('',#5725,#5726,#5727);
#4129=SURFACE_SIDE_STYLE('',(#5728));
#4130=EDGE_LOOP('',(#5729,#5730,#5731,#5732));
#4131=AXIS2_PLACEMENT_3D('',#5733,#5734,#5735);
#4132=SURFACE_SIDE_STYLE('',(#5736));
#4133=EDGE_LOOP('',(#5737,#5738,#5739,#5740,#5741));
#4134=AXIS2_PLACEMENT_3D('',#5742,#5743,#5744);
#4135=SURFACE_SIDE_STYLE('',(#5745));
#4136=EDGE_LOOP('',(#5746,#5747,#5748,#5749,#5750));
#4137=AXIS2_PLACEMENT_3D('',#5751,#5752,#5753);
#4138=SURFACE_SIDE_STYLE('',(#5754));
#4139=EDGE_LOOP('',(#5755,#5756,#5757,#5758,#5759,#5760));
#4140=AXIS2_PLACEMENT_3D('',#5761,#5762,#5763);
#4141=SURFACE_SIDE_STYLE('',(#5764));
#4142=EDGE_LOOP('',(#5765,#5766,#5767,#5768,#5769,#5770));
#4143=AXIS2_PLACEMENT_3D('',#5771,#5772,#5773);
#4144=SURFACE_SIDE_STYLE('',(#5774));
#4145=EDGE_LOOP('',(#5775,#5776,#5777));
#4146=AXIS2_PLACEMENT_3D('',#5778,#5779,#5780);
#4147=SURFACE_SIDE_STYLE('',(#5781));
#4148=EDGE_LOOP('',(#5782,#5783,#5784));
#4149=AXIS2_PLACEMENT_3D('',#5785,#5786,#5787);
#4150=SURFACE_SIDE_STYLE('',(#5788));
#4151=EDGE_LOOP('',(#5789,#5790,#5791,#5792,#5793,#5794,#5795,#5796,#5797));
#4152=AXIS2_PLACEMENT_3D('',#5798,#5799,#5800);
#4153=SURFACE_SIDE_STYLE('',(#5801));
#4154=EDGE_LOOP('',(#5802,#5803,#5804,#5805,#5806,#5807,#5808,#5809,#5810));
#4155=AXIS2_PLACEMENT_3D('',#5811,#5812,#5813);
#4156=SURFACE_SIDE_STYLE('',(#5814));
#4158=SURFACE_STYLE_FILL_AREA(#5815);
#4159=ORIENTED_EDGE('',*,*,#5816,.F.);
#4160=ORIENTED_EDGE('',*,*,#5817,.F.);
#4161=ORIENTED_EDGE('',*,*,#5818,.F.);
#4162=ORIENTED_EDGE('',*,*,#5819,.T.);
#4163=ORIENTED_EDGE('',*,*,#5820,.T.);
#4164=ORIENTED_EDGE('',*,*,#5821,.T.);
#4165=CARTESIAN_POINT('',(-3.5527136788005E-15,0.0,-14.8696169451017));
#4166=DIRECTION('',(0.0,-0.0,-1.0));
#4167=DIRECTION('',(0.940826456960338,-0.338888739682299,0.0));
#4168=SURFACE_STYLE_FILL_AREA(#5822);
#4169=ORIENTED_EDGE('',*,*,#5823,.F.);
#4170=ORIENTED_EDGE('',*,*,#5824,.F.);
#4171=ORIENTED_EDGE('',*,*,#5825,.F.);
#4172=ORIENTED_EDGE('',*,*,#5826,.T.);
#4173=ORIENTED_EDGE('',*,*,#5827,.T.);
#4174=ORIENTED_EDGE('',*,*,#5828,.T.);
#4175=CARTESIAN_POINT('',(6.66133814775094E-15,3.5527136788005E-15,-14.8696169451017));
#4176=DIRECTION('',(0.0,0.0,-1.0));
#4177=DIRECTION('',(-0.968596448128627,0.248638131976186,0.0));
#4178=SURFACE_STYLE_FILL_AREA(#5829);
#4179=ORIENTED_EDGE('',*,*,#5830,.F.);
#4180=ORIENTED_EDGE('',*,*,#5824,.T.);
#4181=ORIENTED_EDGE('',*,*,#5831,.T.);
#4182=ORIENTED_EDGE('',*,*,#5832,.T.);
#4183=ORIENTED_EDGE('',*,*,#5833,.F.);
#4184=CARTESIAN_POINT('',(0.0,0.0,-15.0));
#4185=DIRECTION('',(-0.0,0.0,-1.0));
#4186=DIRECTION('',(-1.0,0.0,0.0));
#4187=SURFACE_STYLE_FILL_AREA(#5834);
#4188=ORIENTED_EDGE('',*,*,#5835,.F.);
#4189=ORIENTED_EDGE('',*,*,#5827,.F.);
#4190=ORIENTED_EDGE('',*,*,#5836,.F.);
#4191=ORIENTED_EDGE('',*,*,#5837,.T.);
#4192=CARTESIAN_POINT('',(0.0,0.0,-15.9));
#4193=DIRECTION('',(0.0,0.0,1.0));
#4194=DIRECTION('',(-1.0,0.0,0.0));
#4195=SURFACE_STYLE_FILL_AREA(#5838);
#4196=ORIENTED_EDGE('',*,*,#5839,.F.);
#4197=ORIENTED_EDGE('',*,*,#5817,.T.);
#4198=ORIENTED_EDGE('',*,*,#5840,.T.);
#4199=ORIENTED_EDGE('',*,*,#5841,.T.);
#4200=ORIENTED_EDGE('',*,*,#5842,.T.);
#4201=ORIENTED_EDGE('',*,*,#5843,.T.);
#4202=CARTESIAN_POINT('',(0.0,0.0,-15.0));
#4203=DIRECTION('',(0.0,-0.0,-1.0));
#4204=DIRECTION('',(1.0,0.0,0.0));
#4205=SURFACE_STYLE_FILL_AREA(#5844);
#4206=ORIENTED_EDGE('',*,*,#5845,.F.);
#4207=ORIENTED_EDGE('',*,*,#5820,.F.);
#4208=ORIENTED_EDGE('',*,*,#5846,.F.);
#4209=ORIENTED_EDGE('',*,*,#5847,.F.);
#4210=CARTESIAN_POINT('',(0.0,0.0,-15.9));
#4211=DIRECTION('',(-0.0,0.0,1.0));
#4212=DIRECTION('',(1.0,0.0,0.0));
#4213=SURFACE_STYLE_FILL_AREA(#5848);
#4214=ORIENTED_EDGE('',*,*,#5849,.F.);
#4215=ORIENTED_EDGE('',*,*,#5850,.F.);
#4216=ORIENTED_EDGE('',*,*,#5851,.F.);
#4217=ORIENTED_EDGE('',*,*,#5852,.T.);
#4218=ORIENTED_EDGE('',*,*,#5853,.T.);
#4219=ORIENTED_EDGE('',*,*,#5854,.T.);
#4220=CARTESIAN_POINT('',(-1.77635683940025E-15,0.0,14.8696169451017));
#4221=DIRECTION('',(0.0,-0.0,-1.0));
#4222=DIRECTION('',(0.940826456960338,-0.338888739682298,0.0));
#4223=SURFACE_STYLE_FILL_AREA(#5855);
#4224=ORIENTED_EDGE('',*,*,#5856,.F.);
#4225=ORIENTED_EDGE('',*,*,#5857,.F.);
#4226=ORIENTED_EDGE('',*,*,#5858,.F.);
#4227=ORIENTED_EDGE('',*,*,#5859,.T.);
#4228=ORIENTED_EDGE('',*,*,#5860,.T.);
#4229=ORIENTED_EDGE('',*,*,#5861,.T.);
#4230=CARTESIAN_POINT('',(8.88178419700125E-16,1.77635683940025E-15,14.8696169451017));
#4231=DIRECTION('',(0.0,0.0,-1.0));
#4232=DIRECTION('',(-0.968596448128627,0.248638131976185,0.0));
#4233=SURFACE_STYLE_FILL_AREA(#5862);
#4234=ORIENTED_EDGE('',*,*,#5863,.F.);
#4235=ORIENTED_EDGE('',*,*,#5860,.F.);
#4236=ORIENTED_EDGE('',*,*,#5864,.T.);
#4237=ORIENTED_EDGE('',*,*,#5865,.T.);
#4238=ORIENTED_EDGE('',*,*,#5866,.T.);
#4239=CARTESIAN_POINT('',(0.0,0.0,15.0));
#4240=DIRECTION('',(0.0,-0.0,1.0));
#4241=DIRECTION('',(-1.0,0.0,0.0));
#4242=SURFACE_STYLE_FILL_AREA(#5867);
#4243=ORIENTED_EDGE('',*,*,#5868,.F.);
#4244=ORIENTED_EDGE('',*,*,#5857,.T.);
#4245=ORIENTED_EDGE('',*,*,#5869,.T.);
#4246=ORIENTED_EDGE('',*,*,#5870,.F.);
#4247=ORIENTED_EDGE('',*,*,#5871,.F.);
#4248=CARTESIAN_POINT('',(0.0,0.0,15.9));
#4249=DIRECTION('',(-0.0,0.0,-1.0));
#4250=DIRECTION('',(-1.0,0.0,0.0));
#4251=SURFACE_STYLE_FILL_AREA(#5872);
#4252=ORIENTED_EDGE('',*,*,#5873,.F.);
#4253=ORIENTED_EDGE('',*,*,#5853,.F.);
#4254=ORIENTED_EDGE('',*,*,#5874,.T.);
#4255=ORIENTED_EDGE('',*,*,#5875,.F.);
#4256=CARTESIAN_POINT('',(0.0,0.0,15.0));
#4257=DIRECTION('',(-0.0,-0.0,1.0));
#4258=DIRECTION('',(1.0,0.0,0.0));
#4259=SURFACE_STYLE_FILL_AREA(#5876);
#4260=ORIENTED_EDGE('',*,*,#5877,.F.);
#4261=ORIENTED_EDGE('',*,*,#5850,.T.);
#4262=ORIENTED_EDGE('',*,*,#5878,.T.);
#4263=ORIENTED_EDGE('',*,*,#5879,.F.);
#4264=ORIENTED_EDGE('',*,*,#5880,.T.);
#4265=CARTESIAN_POINT('',(0.0,0.0,15.9));
#4266=DIRECTION('',(0.0,-0.0,-1.0));
#4267=DIRECTION('',(1.0,0.0,0.0));
#4268=SURFACE_STYLE_FILL_AREA(#5881);
#4269=ORIENTED_EDGE('',*,*,#5882,.F.);
#4270=ORIENTED_EDGE('',*,*,#5883,.T.);
#4271=ORIENTED_EDGE('',*,*,#5884,.T.);
#4272=ORIENTED_EDGE('',*,*,#5885,.F.);
#4273=ORIENTED_EDGE('',*,*,#5886,.F.);
#4274=ORIENTED_EDGE('',*,*,#5887,.F.);
#4275=CARTESIAN_POINT('',(-1.33226762955019E-15,8.88178419700125E-16,-17.5));
#4276=DIRECTION('',(0.0,0.0,1.0));
#4277=DIRECTION('',(-0.930297519357761,-0.36680584166122,0.0));
#4278=SURFACE_STYLE_FILL_AREA(#5888);
#4279=ORIENTED_EDGE('',*,*,#5889,.F.);
#4280=ORIENTED_EDGE('',*,*,#5890,.F.);
#4281=ORIENTED_EDGE('',*,*,#5891,.F.);
#4282=ORIENTED_EDGE('',*,*,#5892,.F.);
#4283=ORIENTED_EDGE('',*,*,#5893,.T.);
#4284=ORIENTED_EDGE('',*,*,#5894,.T.);
#4285=CARTESIAN_POINT('',(-4.44089209850063E-15,-1.77635683940025E-15,-17.5));
#4286=DIRECTION('',(0.0,-0.0,-1.0));
#4287=DIRECTION('',(0.968671255378871,-0.248346530079891,0.0));
#4288=SURFACE_STYLE_FILL_AREA(#5895);
#4289=ORIENTED_EDGE('',*,*,#5896,.F.);
#4290=ORIENTED_EDGE('',*,*,#5886,.T.);
#4291=ORIENTED_EDGE('',*,*,#5897,.F.);
#4292=ORIENTED_EDGE('',*,*,#5898,.F.);
#4293=ORIENTED_EDGE('',*,*,#5899,.F.);
#4294=ORIENTED_EDGE('',*,*,#5900,.F.);
#4295=CARTESIAN_POINT('',(0.0,0.0,-10.0));
#4296=DIRECTION('',(0.0,0.0,-1.0));
#4297=DIRECTION('',(-1.0,0.0,0.0));
#4298=SURFACE_STYLE_FILL_AREA(#5901);
#4299=ORIENTED_EDGE('',*,*,#5902,.F.);
#4300=ORIENTED_EDGE('',*,*,#5883,.F.);
#4301=ORIENTED_EDGE('',*,*,#5903,.F.);
#4302=ORIENTED_EDGE('',*,*,#5904,.F.);
#4303=ORIENTED_EDGE('',*,*,#5905,.F.);
#4304=ORIENTED_EDGE('',*,*,#5906,.F.);
#4305=ORIENTED_EDGE('',*,*,#5907,.T.);
#4306=ORIENTED_EDGE('',*,*,#5908,.T.);
#4307=CARTESIAN_POINT('',(0.0,0.0,-16.5));
#4308=DIRECTION('',(0.0,0.0,1.0));
#4309=DIRECTION('',(-1.0,0.0,0.0));
#4310=SURFACE_STYLE_FILL_AREA(#5909);
#4311=ORIENTED_EDGE('',*,*,#5910,.F.);
#4312=ORIENTED_EDGE('',*,*,#5911,.T.);
#4313=ORIENTED_EDGE('',*,*,#5912,.T.);
#4314=ORIENTED_EDGE('',*,*,#5913,.F.);
#4315=ORIENTED_EDGE('',*,*,#5914,.F.);
#4316=ORIENTED_EDGE('',*,*,#5891,.T.);
#4317=CARTESIAN_POINT('',(0.0,0.0,-10.0));
#4318=DIRECTION('',(0.0,0.0,1.0));
#4319=DIRECTION('',(1.0,0.0,0.0));
#4320=SURFACE_STYLE_FILL_AREA(#5915);
#4321=ORIENTED_EDGE('',*,*,#5916,.F.);
#4322=ORIENTED_EDGE('',*,*,#5893,.F.);
#4323=ORIENTED_EDGE('',*,*,#5917,.F.);
#4324=ORIENTED_EDGE('',*,*,#5918,.F.);
#4325=ORIENTED_EDGE('',*,*,#5919,.F.);
#4326=ORIENTED_EDGE('',*,*,#5920,.F.);
#4327=CARTESIAN_POINT('',(0.0,0.0,-16.5));
#4328=DIRECTION('',(-0.0,0.0,1.0));
#4329=DIRECTION('',(1.0,0.0,0.0));
#4330=SURFACE_STYLE_FILL_AREA(#5921);
#4331=ORIENTED_EDGE('',*,*,#5922,.F.);
#4332=ORIENTED_EDGE('',*,*,#5923,.T.);
#4333=ORIENTED_EDGE('',*,*,#5924,.T.);
#4334=ORIENTED_EDGE('',*,*,#5925,.T.);
#4335=ORIENTED_EDGE('',*,*,#5926,.F.);
#4336=ORIENTED_EDGE('',*,*,#5927,.F.);
#4337=CARTESIAN_POINT('',(-3.99680288865056E-15,2.66453525910038E-15,17.5));
#4338=DIRECTION('',(0.0,-0.0,-1.0));
#4339=DIRECTION('',(0.930297519357761,-0.36680584166122,0.0));
#4340=SURFACE_STYLE_FILL_AREA(#5928);
#4341=ORIENTED_EDGE('',*,*,#5929,.F.);
#4342=ORIENTED_EDGE('',*,*,#5930,.F.);
#4343=ORIENTED_EDGE('',*,*,#5931,.F.);
#4344=ORIENTED_EDGE('',*,*,#5932,.T.);
#4345=ORIENTED_EDGE('',*,*,#5933,.T.);
#4346=ORIENTED_EDGE('',*,*,#5934,.T.);
#4347=CARTESIAN_POINT('',(1.77635683940025E-15,-1.77635683940025E-15,17.5));
#4348=DIRECTION('',(0.0,0.0,1.0));
#4349=DIRECTION('',(-0.968671255378871,-0.248346530079891,0.0));
#4350=SURFACE_STYLE_FILL_AREA(#5935);
#4351=ORIENTED_EDGE('',*,*,#5936,.F.);
#4352=ORIENTED_EDGE('',*,*,#5937,.T.);
#4353=ORIENTED_EDGE('',*,*,#5938,.T.);
#4354=ORIENTED_EDGE('',*,*,#5939,.T.);
#4355=ORIENTED_EDGE('',*,*,#5940,.T.);
#4356=ORIENTED_EDGE('',*,*,#5931,.T.);
#4357=CARTESIAN_POINT('',(0.0,0.0,10.0));
#4358=DIRECTION('',(0.0,0.0,-1.0));
#4359=DIRECTION('',(-1.0,0.0,0.0));
#4360=SURFACE_STYLE_FILL_AREA(#5941);
#4361=ORIENTED_EDGE('',*,*,#5942,.F.);
#4362=ORIENTED_EDGE('',*,*,#5933,.F.);
#4363=ORIENTED_EDGE('',*,*,#5943,.T.);
#4364=ORIENTED_EDGE('',*,*,#5944,.T.);
#4365=ORIENTED_EDGE('',*,*,#5945,.F.);
#4366=ORIENTED_EDGE('',*,*,#5946,.F.);
#4367=CARTESIAN_POINT('',(0.0,0.0,16.5));
#4368=DIRECTION('',(-0.0,0.0,-1.0));
#4369=DIRECTION('',(-1.0,0.0,0.0));
#4370=SURFACE_STYLE_FILL_AREA(#5947);
#4371=ORIENTED_EDGE('',*,*,#5948,.F.);
#4372=ORIENTED_EDGE('',*,*,#5926,.T.);
#4373=ORIENTED_EDGE('',*,*,#5949,.T.);
#4374=ORIENTED_EDGE('',*,*,#5950,.T.);
#4375=ORIENTED_EDGE('',*,*,#5951,.F.);
#4376=ORIENTED_EDGE('',*,*,#5952,.F.);
#4377=CARTESIAN_POINT('',(0.0,0.0,10.0));
#4378=DIRECTION('',(0.0,0.0,1.0));
#4379=DIRECTION('',(1.0,0.0,0.0));
#4380=SURFACE_STYLE_FILL_AREA(#5953);
#4381=ORIENTED_EDGE('',*,*,#5954,.F.);
#4382=ORIENTED_EDGE('',*,*,#5923,.F.);
#4383=ORIENTED_EDGE('',*,*,#5955,.F.);
#4384=ORIENTED_EDGE('',*,*,#5956,.F.);
#4385=ORIENTED_EDGE('',*,*,#5957,.F.);
#4386=ORIENTED_EDGE('',*,*,#5958,.F.);
#4387=ORIENTED_EDGE('',*,*,#5959,.T.);
#4388=ORIENTED_EDGE('',*,*,#5960,.T.);
#4389=CARTESIAN_POINT('',(0.0,0.0,16.5));
#4390=DIRECTION('',(0.0,-0.0,-1.0));
#4391=DIRECTION('',(1.0,0.0,0.0));
#4392=SURFACE_STYLE_FILL_AREA(#5961);
#4393=ORIENTED_EDGE('',*,*,#5962,.F.);
#4394=ORIENTED_EDGE('',*,*,#5963,.F.);
#4395=ORIENTED_EDGE('',*,*,#5964,.F.);
#4396=ORIENTED_EDGE('',*,*,#5965,.F.);
#4397=ORIENTED_EDGE('',*,*,#5966,.T.);
#4398=ORIENTED_EDGE('',*,*,#5900,.T.);
#4399=CARTESIAN_POINT('',(-4.44089209850063E-15,-1.77635683940025E-15,-19.2928932188135));
#4400=DIRECTION('',(0.0,0.0,-1.0));
#4401=DIRECTION('',(-0.968586289402305,0.24867770302517,0.0));
#4402=SURFACE_STYLE_FILL_AREA(#5967);
#4403=ORIENTED_EDGE('',*,*,#5968,.F.);
#4404=ORIENTED_EDGE('',*,*,#5969,.F.);
#4405=ORIENTED_EDGE('',*,*,#5970,.F.);
#4406=ORIENTED_EDGE('',*,*,#5971,.F.);
#4407=ORIENTED_EDGE('',*,*,#5964,.T.);
#4408=CARTESIAN_POINT('',(1.19904086659517E-14,6.66133814775096E-14,-32.5));
#4409=DIRECTION('',(-1.01424973528416E-30,-5.32907051820075E-15,1.0));
#4410=DIRECTION('',(-1.0,1.90323947078598E-16,0.0));
#4411=SURFACE_STYLE_FILL_AREA(#5972);
#4412=ORIENTED_EDGE('',*,*,#5973,.F.);
#4413=ORIENTED_EDGE('',*,*,#5974,.T.);
#4414=ORIENTED_EDGE('',*,*,#5975,.T.);
#4415=ORIENTED_EDGE('',*,*,#5976,.T.);
#4416=ORIENTED_EDGE('',*,*,#5977,.F.);
#4417=ORIENTED_EDGE('',*,*,#5908,.F.);
#4418=CARTESIAN_POINT('',(-8.88178419700125E-16,0.0,-14.85));
#4419=DIRECTION('',(-0.0,0.0,1.0));
#4420=DIRECTION('',(-0.968621125053834,-0.2485419805575,-0.0));
#4421=SURFACE_STYLE_FILL_AREA(#5978);
#4422=ORIENTED_EDGE('',*,*,#5979,.F.);
#4423=ORIENTED_EDGE('',*,*,#5980,.T.);
#4424=ORIENTED_EDGE('',*,*,#5981,.T.);
#4425=ORIENTED_EDGE('',*,*,#5975,.F.);
#4426=CARTESIAN_POINT('',(0.0,0.0,10.0));
#4427=DIRECTION('',(0.0,0.0,-1.0));
#4428=DIRECTION('',(-1.0,0.0,0.0));
#4429=SURFACE_STYLE_FILL_AREA(#5982);
#4430=ORIENTED_EDGE('',*,*,#5983,.F.);
#4431=ORIENTED_EDGE('',*,*,#5984,.T.);
#4432=ORIENTED_EDGE('',*,*,#5833,.T.);
#4433=ORIENTED_EDGE('',*,*,#5985,.T.);
#4434=ORIENTED_EDGE('',*,*,#5986,.F.);
#4435=ORIENTED_EDGE('',*,*,#5987,.F.);
#4436=CARTESIAN_POINT('',(-2.22044604925031E-15,1.77635683940025E-15,-14.8601077025535));
#4437=DIRECTION('',(-0.0,0.0,1.0));
#4438=DIRECTION('',(-0.968595132146789,-0.248643258467918,-0.0));
#4439=SURFACE_STYLE_FILL_AREA(#5988);
#4440=ORIENTED_EDGE('',*,*,#5989,.F.);
#4441=ORIENTED_EDGE('',*,*,#5986,.T.);
#4442=ORIENTED_EDGE('',*,*,#5990,.T.);
#4443=ORIENTED_EDGE('',*,*,#5991,.F.);
#4444=CARTESIAN_POINT('',(0.0,0.0,10.0));
#4445=DIRECTION('',(0.0,0.0,-1.0));
#4446=DIRECTION('',(-1.0,0.0,0.0));
#4447=SURFACE_STYLE_FILL_AREA(#5992);
#4448=ORIENTED_EDGE('',*,*,#5993,.F.);
#4449=ORIENTED_EDGE('',*,*,#5994,.T.);
#4450=ORIENTED_EDGE('',*,*,#5995,.F.);
#4451=ORIENTED_EDGE('',*,*,#5912,.F.);
#4452=CARTESIAN_POINT('',(4.44089209850063E-15,-1.77635683940025E-15,-19.2928932188135));
#4453=DIRECTION('',(0.0,0.0,-1.0));
#4454=DIRECTION('',(0.968586289402305,0.24867770302517,0.0));
#4455=SURFACE_STYLE_FILL_AREA(#5996);
#4456=ORIENTED_EDGE('',*,*,#5997,.F.);
#4457=ORIENTED_EDGE('',*,*,#5998,.T.);
#4458=ORIENTED_EDGE('',*,*,#5999,.F.);
#4459=ORIENTED_EDGE('',*,*,#6000,.F.);
#4460=ORIENTED_EDGE('',*,*,#5994,.F.);
#4461=ORIENTED_EDGE('',*,*,#6001,.F.);
#4462=CARTESIAN_POINT('',(-1.19904086659517E-14,6.66133814775096E-14,-32.5));
#4463=DIRECTION('',(1.01424973528416E-30,-5.32907051820075E-15,1.0));
#4464=DIRECTION('',(1.0,1.90323947078598E-16,0.0));
#4465=SURFACE_STYLE_FILL_AREA(#6002);
#4466=ORIENTED_EDGE('',*,*,#6003,.F.);
#4467=ORIENTED_EDGE('',*,*,#6004,.F.);
#4468=ORIENTED_EDGE('',*,*,#6005,.F.);
#4469=ORIENTED_EDGE('',*,*,#6006,.T.);
#4470=CARTESIAN_POINT('',(8.88178419700125E-16,0.0,-14.85));
#4471=DIRECTION('',(0.0,0.0,1.0));
#4472=DIRECTION('',(0.968621125053834,-0.2485419805575,0.0));
#4473=SURFACE_STYLE_FILL_AREA(#6007);
#4474=ORIENTED_EDGE('',*,*,#6008,.F.);
#4475=ORIENTED_EDGE('',*,*,#6009,.T.);
#4476=ORIENTED_EDGE('',*,*,#5981,.F.);
#4477=ORIENTED_EDGE('',*,*,#6010,.F.);
#4478=CARTESIAN_POINT('',(0.0,0.0,10.0));
#4479=DIRECTION('',(0.0,0.0,1.0));
#4480=DIRECTION('',(1.0,0.0,0.0));
#4481=SURFACE_STYLE_FILL_AREA(#6011);
#4482=ORIENTED_EDGE('',*,*,#6012,.F.);
#4483=ORIENTED_EDGE('',*,*,#5842,.F.);
#4484=ORIENTED_EDGE('',*,*,#6013,.F.);
#4485=ORIENTED_EDGE('',*,*,#6014,.T.);
#4486=CARTESIAN_POINT('',(2.22044604925031E-15,1.77635683940025E-15,-14.8601077025535));
#4487=DIRECTION('',(0.0,0.0,1.0));
#4488=DIRECTION('',(0.968595132146789,-0.248643258467918,0.0));
#4489=SURFACE_STYLE_FILL_AREA(#6015);
#4490=ORIENTED_EDGE('',*,*,#6016,.F.);
#4491=ORIENTED_EDGE('',*,*,#6017,.T.);
#4492=ORIENTED_EDGE('',*,*,#5990,.F.);
#4493=ORIENTED_EDGE('',*,*,#6018,.F.);
#4494=CARTESIAN_POINT('',(0.0,0.0,10.0));
#4495=DIRECTION('',(0.0,0.0,1.0));
#4496=DIRECTION('',(1.0,0.0,0.0));
#4497=SURFACE_STYLE_FILL_AREA(#6019);
#4498=ORIENTED_EDGE('',*,*,#6020,.F.);
#4499=ORIENTED_EDGE('',*,*,#6021,.T.);
#4500=ORIENTED_EDGE('',*,*,#6022,.T.);
#4501=ORIENTED_EDGE('',*,*,#5938,.F.);
#4502=CARTESIAN_POINT('',(-4.44089209850063E-15,-1.77635683940025E-15,19.2928932188135));
#4503=DIRECTION('',(0.0,0.0,1.0));
#4504=DIRECTION('',(-0.968586289402305,0.24867770302517,0.0));
#4505=SURFACE_STYLE_FILL_AREA(#6023);
#4506=ORIENTED_EDGE('',*,*,#6024,.F.);
#4507=ORIENTED_EDGE('',*,*,#6025,.T.);
#4508=ORIENTED_EDGE('',*,*,#6026,.T.);
#4509=ORIENTED_EDGE('',*,*,#6027,.T.);
#4510=ORIENTED_EDGE('',*,*,#6021,.F.);
#4511=ORIENTED_EDGE('',*,*,#6028,.F.);
#4512=CARTESIAN_POINT('',(1.19904086659517E-14,6.66133814775096E-14,32.5));
#4513=DIRECTION('',(-1.01424973528416E-30,-5.32907051820075E-15,-1.0));
#4514=DIRECTION('',(-1.0,1.90323947078598E-16,0.0));
#4515=SURFACE_STYLE_FILL_AREA(#6029);
#4516=ORIENTED_EDGE('',*,*,#6030,.F.);
#4517=ORIENTED_EDGE('',*,*,#6031,.F.);
#4518=ORIENTED_EDGE('',*,*,#6032,.F.);
#4519=ORIENTED_EDGE('',*,*,#6033,.T.);
#4520=CARTESIAN_POINT('',(-8.88178419700125E-16,0.0,14.85));
#4521=DIRECTION('',(-0.0,0.0,-1.0));
#4522=DIRECTION('',(-0.968621125053834,-0.2485419805575,0.0));
#4523=SURFACE_STYLE_FILL_AREA(#6034);
#4524=ORIENTED_EDGE('',*,*,#6035,.F.);
#4525=ORIENTED_EDGE('',*,*,#6036,.T.);
#4526=ORIENTED_EDGE('',*,*,#6037,.F.);
#4527=ORIENTED_EDGE('',*,*,#6038,.F.);
#4528=CARTESIAN_POINT('',(0.0,0.0,10.0));
#4529=DIRECTION('',(0.0,0.0,-1.0));
#4530=DIRECTION('',(-1.0,0.0,0.0));
#4531=SURFACE_STYLE_FILL_AREA(#6039);
#4532=ORIENTED_EDGE('',*,*,#6040,.F.);
#4533=ORIENTED_EDGE('',*,*,#5865,.F.);
#4534=ORIENTED_EDGE('',*,*,#6041,.F.);
#4535=ORIENTED_EDGE('',*,*,#6042,.T.);
#4536=CARTESIAN_POINT('',(-2.22044604925031E-15,1.77635683940025E-15,14.8601077025535));
#4537=DIRECTION('',(-0.0,0.0,-1.0));
#4538=DIRECTION('',(-0.968595132146789,-0.248643258467918,0.0));
#4539=SURFACE_STYLE_FILL_AREA(#6043);
#4540=ORIENTED_EDGE('',*,*,#6044,.F.);
#4541=ORIENTED_EDGE('',*,*,#6045,.T.);
#4542=ORIENTED_EDGE('',*,*,#6046,.F.);
#4543=ORIENTED_EDGE('',*,*,#6047,.F.);
#4544=CARTESIAN_POINT('',(0.0,0.0,10.0));
#4545=DIRECTION('',(0.0,0.0,-1.0));
#4546=DIRECTION('',(-1.0,0.0,0.0));
#4547=SURFACE_STYLE_FILL_AREA(#6048);
#4548=ORIENTED_EDGE('',*,*,#6049,.F.);
#4549=ORIENTED_EDGE('',*,*,#6050,.T.);
#4550=ORIENTED_EDGE('',*,*,#6051,.T.);
#4551=ORIENTED_EDGE('',*,*,#6052,.F.);
#4552=ORIENTED_EDGE('',*,*,#6053,.T.);
#4553=ORIENTED_EDGE('',*,*,#6054,.T.);
#4554=ORIENTED_EDGE('',*,*,#6055,.T.);
#4555=ORIENTED_EDGE('',*,*,#6025,.F.);
#4556=CARTESIAN_POINT('',(0.0,0.0,10.0));
#4557=DIRECTION('',(0.0,0.0,-1.0));
#4558=DIRECTION('',(-1.0,0.0,0.0));
#4559=SURFACE_STYLE_FILL_AREA(#6056);
#4560=ORIENTED_EDGE('',*,*,#6057,.F.);
#4561=ORIENTED_EDGE('',*,*,#5871,.T.);
#4562=ORIENTED_EDGE('',*,*,#6058,.T.);
#4563=ORIENTED_EDGE('',*,*,#6059,.F.);
#4564=CARTESIAN_POINT('',(0.0,0.0,10.0));
#4565=DIRECTION('',(0.0,0.0,-1.0));
#4566=DIRECTION('',(-1.0,0.0,0.0));
#4567=SURFACE_STYLE_FILL_AREA(#6060);
#4568=ORIENTED_EDGE('',*,*,#6061,.F.);
#4569=ORIENTED_EDGE('',*,*,#6062,.F.);
#4570=ORIENTED_EDGE('',*,*,#6063,.F.);
#4571=ORIENTED_EDGE('',*,*,#6064,.F.);
#4572=ORIENTED_EDGE('',*,*,#6065,.T.);
#4573=ORIENTED_EDGE('',*,*,#5952,.T.);
#4574=CARTESIAN_POINT('',(4.44089209850063E-15,-1.77635683940025E-15,19.2928932188135));
#4575=DIRECTION('',(0.0,-0.0,1.0));
#4576=DIRECTION('',(0.968586289402305,0.24867770302517,0.0));
#4577=SURFACE_STYLE_FILL_AREA(#6066);
#4578=ORIENTED_EDGE('',*,*,#6067,.F.);
#4579=ORIENTED_EDGE('',*,*,#6068,.F.);
#4580=ORIENTED_EDGE('',*,*,#6069,.F.);
#4581=ORIENTED_EDGE('',*,*,#6070,.F.);
#4582=ORIENTED_EDGE('',*,*,#6063,.T.);
#4583=CARTESIAN_POINT('',(-1.19904086659517E-14,6.66133814775096E-14,32.5));
#4584=DIRECTION('',(1.01424973528416E-30,-5.32907051820075E-15,-1.0));
#4585=DIRECTION('',(1.0,1.90323947078598E-16,0.0));
#4586=SURFACE_STYLE_FILL_AREA(#6071);
#4587=ORIENTED_EDGE('',*,*,#6072,.F.);
#4588=ORIENTED_EDGE('',*,*,#6073,.T.);
#4589=ORIENTED_EDGE('',*,*,#6074,.T.);
#4590=ORIENTED_EDGE('',*,*,#6075,.T.);
#4591=ORIENTED_EDGE('',*,*,#6076,.F.);
#4592=ORIENTED_EDGE('',*,*,#5960,.F.);
#4593=CARTESIAN_POINT('',(8.88178419700125E-16,0.0,14.85));
#4594=DIRECTION('',(0.0,-0.0,-1.0));
#4595=DIRECTION('',(0.968621125053834,-0.2485419805575,0.0));
#4596=SURFACE_STYLE_FILL_AREA(#6077);
#4597=ORIENTED_EDGE('',*,*,#6078,.F.);
#4598=ORIENTED_EDGE('',*,*,#6079,.T.);
#4599=ORIENTED_EDGE('',*,*,#6037,.T.);
#4600=ORIENTED_EDGE('',*,*,#6074,.F.);
#4601=CARTESIAN_POINT('',(0.0,0.0,10.0));
#4602=DIRECTION('',(0.0,0.0,1.0));
#4603=DIRECTION('',(1.0,0.0,0.0));
#4604=SURFACE_STYLE_FILL_AREA(#6080);
#4605=ORIENTED_EDGE('',*,*,#6081,.F.);
#4606=ORIENTED_EDGE('',*,*,#6082,.T.);
#4607=ORIENTED_EDGE('',*,*,#5875,.T.);
#4608=ORIENTED_EDGE('',*,*,#6083,.T.);
#4609=ORIENTED_EDGE('',*,*,#6084,.F.);
#4610=ORIENTED_EDGE('',*,*,#6085,.F.);
#4611=CARTESIAN_POINT('',(2.22044604925031E-15,1.77635683940025E-15,14.8601077025535));
#4612=DIRECTION('',(0.0,-0.0,-1.0));
#4613=DIRECTION('',(0.968595132146789,-0.248643258467918,0.0));
#4614=SURFACE_STYLE_FILL_AREA(#6086);
#4615=ORIENTED_EDGE('',*,*,#6087,.F.);
#4616=ORIENTED_EDGE('',*,*,#6084,.T.);
#4617=ORIENTED_EDGE('',*,*,#6046,.T.);
#4618=ORIENTED_EDGE('',*,*,#6088,.F.);
#4619=CARTESIAN_POINT('',(0.0,0.0,10.0));
#4620=DIRECTION('',(0.0,0.0,1.0));
#4621=DIRECTION('',(1.0,0.0,0.0));
#4622=SURFACE_STYLE_FILL_AREA(#6089);
#4623=ORIENTED_EDGE('',*,*,#6090,.F.);
#4624=ORIENTED_EDGE('',*,*,#6091,.T.);
#4625=ORIENTED_EDGE('',*,*,#6092,.T.);
#4626=ORIENTED_EDGE('',*,*,#6093,.T.);
#4627=ORIENTED_EDGE('',*,*,#6053,.F.);
#4628=ORIENTED_EDGE('',*,*,#6094,.F.);
#4629=ORIENTED_EDGE('',*,*,#6095,.T.);
#4630=ORIENTED_EDGE('',*,*,#5998,.F.);
#4631=CARTESIAN_POINT('',(0.0,0.0,10.0));
#4632=DIRECTION('',(0.0,0.0,1.0));
#4633=DIRECTION('',(1.0,0.0,0.0));
#4634=SURFACE_STYLE_FILL_AREA(#6096);
#4635=ORIENTED_EDGE('',*,*,#6097,.F.);
#4636=ORIENTED_EDGE('',*,*,#5847,.T.);
#4637=ORIENTED_EDGE('',*,*,#6058,.F.);
#4638=ORIENTED_EDGE('',*,*,#6098,.F.);
#4639=CARTESIAN_POINT('',(0.0,0.0,10.0));
#4640=DIRECTION('',(0.0,0.0,1.0));
#4641=DIRECTION('',(1.0,0.0,0.0));
#4642=SURFACE_STYLE_FILL_AREA(#6099);
#4643=ORIENTED_EDGE('',*,*,#6097,.T.);
#4644=ORIENTED_EDGE('',*,*,#5880,.F.);
#4645=ORIENTED_EDGE('',*,*,#6100,.T.);
#4646=ORIENTED_EDGE('',*,*,#6101,.T.);
#4647=CARTESIAN_POINT('',(0.0,0.0,10.0));
#4648=DIRECTION('',(0.0,0.0,1.0));
#4649=DIRECTION('',(1.0,0.0,0.0));
#4650=SURFACE_STYLE_FILL_AREA(#6102);
#4651=ORIENTED_EDGE('',*,*,#6103,.T.);
#4652=ORIENTED_EDGE('',*,*,#6088,.T.);
#4653=ORIENTED_EDGE('',*,*,#6045,.F.);
#4654=ORIENTED_EDGE('',*,*,#6104,.F.);
#4655=ORIENTED_EDGE('',*,*,#6105,.T.);
#4656=ORIENTED_EDGE('',*,*,#6038,.T.);
#4657=ORIENTED_EDGE('',*,*,#6079,.F.);
#4658=ORIENTED_EDGE('',*,*,#6106,.F.);
#4659=CARTESIAN_POINT('',(0.0,16.1,14.5));
#4660=DIRECTION('',(0.0,0.0,1.0));
#4661=DIRECTION('',(1.0,0.0,0.0));
#4662=SURFACE_STYLE_FILL_AREA(#6107);
#4663=ORIENTED_EDGE('',*,*,#6090,.T.);
#4664=ORIENTED_EDGE('',*,*,#6108,.F.);
#4665=ORIENTED_EDGE('',*,*,#6109,.T.);
#4666=ORIENTED_EDGE('',*,*,#6110,.T.);
#4667=ORIENTED_EDGE('',*,*,#6111,.T.);
#4668=ORIENTED_EDGE('',*,*,#6112,.F.);
#4669=ORIENTED_EDGE('',*,*,#6113,.T.);
#4670=ORIENTED_EDGE('',*,*,#6068,.T.);
#4671=CARTESIAN_POINT('',(0.0,0.0,10.0));
#4672=DIRECTION('',(0.0,0.0,1.0));
#4673=DIRECTION('',(1.0,0.0,0.0));
#4674=SURFACE_STYLE_FILL_AREA(#6114);
#4675=ORIENTED_EDGE('',*,*,#6087,.T.);
#4676=ORIENTED_EDGE('',*,*,#6103,.F.);
#4677=ORIENTED_EDGE('',*,*,#6115,.F.);
#4678=ORIENTED_EDGE('',*,*,#6116,.T.);
#4679=ORIENTED_EDGE('',*,*,#6085,.T.);
#4680=CARTESIAN_POINT('',(0.0,0.0,10.0));
#4681=DIRECTION('',(0.0,0.0,1.0));
#4682=DIRECTION('',(1.0,0.0,0.0));
#4683=SURFACE_STYLE_FILL_AREA(#6117);
#4684=ORIENTED_EDGE('',*,*,#6081,.T.);
#4685=ORIENTED_EDGE('',*,*,#6116,.F.);
#4686=ORIENTED_EDGE('',*,*,#6041,.T.);
#4687=ORIENTED_EDGE('',*,*,#6118,.T.);
#4688=CARTESIAN_POINT('',(2.22044604925031E-15,1.77635683940025E-15,14.8601077025535));
#4689=DIRECTION('',(0.0,-0.0,-1.0));
#4690=DIRECTION('',(0.968595132146789,-0.248643258467918,0.0));
#4691=SURFACE_STYLE_FILL_AREA(#6119);
#4692=ORIENTED_EDGE('',*,*,#6078,.T.);
#4693=ORIENTED_EDGE('',*,*,#6073,.F.);
#4694=ORIENTED_EDGE('',*,*,#6120,.F.);
#4695=ORIENTED_EDGE('',*,*,#6121,.F.);
#4696=ORIENTED_EDGE('',*,*,#6106,.T.);
#4697=CARTESIAN_POINT('',(0.0,0.0,10.0));
#4698=DIRECTION('',(0.0,0.0,1.0));
#4699=DIRECTION('',(1.0,0.0,0.0));
#4700=SURFACE_STYLE_FILL_AREA(#6122);
#4701=ORIENTED_EDGE('',*,*,#6072,.T.);
#4702=ORIENTED_EDGE('',*,*,#5959,.F.);
#4703=ORIENTED_EDGE('',*,*,#6032,.T.);
#4704=ORIENTED_EDGE('',*,*,#6120,.T.);
#4705=CARTESIAN_POINT('',(8.88178419700125E-16,0.0,14.85));
#4706=DIRECTION('',(0.0,-0.0,-1.0));
#4707=DIRECTION('',(0.968621125053834,-0.2485419805575,0.0));
#4708=SURFACE_STYLE_FILL_AREA(#6123);
#4709=ORIENTED_EDGE('',*,*,#6067,.T.);
#4710=ORIENTED_EDGE('',*,*,#6062,.T.);
#4711=ORIENTED_EDGE('',*,*,#6124,.T.);
#4712=ORIENTED_EDGE('',*,*,#6125,.T.);
#4713=ORIENTED_EDGE('',*,*,#6126,.T.);
#4714=ORIENTED_EDGE('',*,*,#6091,.F.);
#4715=CARTESIAN_POINT('',(-1.19904086659517E-14,6.66133814775096E-14,32.5));
#4716=DIRECTION('',(1.01424973528416E-30,-5.32907051820075E-15,-1.0));
#4717=DIRECTION('',(1.0,1.90323947078598E-16,0.0));
#4718=SURFACE_STYLE_FILL_AREA(#6127);
#4719=ORIENTED_EDGE('',*,*,#6128,.F.);
#4720=ORIENTED_EDGE('',*,*,#6070,.T.);
#4721=ORIENTED_EDGE('',*,*,#6129,.T.);
#4722=ORIENTED_EDGE('',*,*,#6130,.F.);
#4723=SURFACE_STYLE_FILL_AREA(#6131);
#4724=ORIENTED_EDGE('',*,*,#6069,.T.);
#4725=ORIENTED_EDGE('',*,*,#6132,.F.);
#4726=ORIENTED_EDGE('',*,*,#6133,.F.);
#4727=ORIENTED_EDGE('',*,*,#6129,.F.);
#4728=SURFACE_STYLE_FILL_AREA(#6134);
#4729=ORIENTED_EDGE('',*,*,#6135,.F.);
#4730=ORIENTED_EDGE('',*,*,#6136,.T.);
#4731=ORIENTED_EDGE('',*,*,#6137,.T.);
#4732=ORIENTED_EDGE('',*,*,#6125,.F.);
#4733=SURFACE_STYLE_FILL_AREA(#6138);
#4734=ORIENTED_EDGE('',*,*,#6139,.T.);
#4735=ORIENTED_EDGE('',*,*,#6140,.F.);
#4736=ORIENTED_EDGE('',*,*,#6126,.F.);
#4737=ORIENTED_EDGE('',*,*,#6137,.F.);
#4738=SURFACE_STYLE_FILL_AREA(#6141);
#4739=ORIENTED_EDGE('',*,*,#6061,.T.);
#4740=ORIENTED_EDGE('',*,*,#5951,.T.);
#4741=ORIENTED_EDGE('',*,*,#6142,.T.);
#4742=ORIENTED_EDGE('',*,*,#6124,.F.);
#4743=CARTESIAN_POINT('',(4.44089209850063E-15,-1.77635683940025E-15,19.2928932188135));
#4744=DIRECTION('',(0.0,-0.0,1.0));
#4745=DIRECTION('',(0.968586289402305,0.24867770302517,0.0));
#4746=SURFACE_STYLE_FILL_AREA(#6143);
#4747=ORIENTED_EDGE('',*,*,#6144,.F.);
#4748=ORIENTED_EDGE('',*,*,#6064,.T.);
#4749=ORIENTED_EDGE('',*,*,#6128,.T.);
#4750=ORIENTED_EDGE('',*,*,#6145,.F.);
#4751=SURFACE_STYLE_FILL_AREA(#6146);
#4752=ORIENTED_EDGE('',*,*,#6147,.F.);
#4753=ORIENTED_EDGE('',*,*,#6148,.T.);
#4754=ORIENTED_EDGE('',*,*,#6135,.T.);
#4755=ORIENTED_EDGE('',*,*,#6142,.F.);
#4756=SURFACE_STYLE_FILL_AREA(#6149);
#4757=ORIENTED_EDGE('',*,*,#6057,.T.);
#4758=ORIENTED_EDGE('',*,*,#5837,.F.);
#4759=ORIENTED_EDGE('',*,*,#6100,.F.);
#4760=ORIENTED_EDGE('',*,*,#6150,.T.);
#4761=CARTESIAN_POINT('',(0.0,0.0,10.0));
#4762=DIRECTION('',(0.0,0.0,-1.0));
#4763=DIRECTION('',(-1.0,0.0,0.0));
#4764=SURFACE_STYLE_FILL_AREA(#6151);
#4765=ORIENTED_EDGE('',*,*,#6049,.T.);
#4766=ORIENTED_EDGE('',*,*,#6152,.F.);
#4767=ORIENTED_EDGE('',*,*,#6153,.T.);
#4768=ORIENTED_EDGE('',*,*,#6154,.F.);
#4769=ORIENTED_EDGE('',*,*,#6111,.F.);
#4770=ORIENTED_EDGE('',*,*,#6155,.T.);
#4771=ORIENTED_EDGE('',*,*,#6156,.T.);
#4772=ORIENTED_EDGE('',*,*,#5969,.T.);
#4773=CARTESIAN_POINT('',(0.0,0.0,10.0));
#4774=DIRECTION('',(0.0,0.0,-1.0));
#4775=DIRECTION('',(-1.0,0.0,0.0));
#4776=SURFACE_STYLE_FILL_AREA(#6157);
#4777=ORIENTED_EDGE('',*,*,#6044,.T.);
#4778=ORIENTED_EDGE('',*,*,#6158,.F.);
#4779=ORIENTED_EDGE('',*,*,#6042,.F.);
#4780=ORIENTED_EDGE('',*,*,#6115,.T.);
#4781=ORIENTED_EDGE('',*,*,#6104,.T.);
#4782=CARTESIAN_POINT('',(0.0,0.0,10.0));
#4783=DIRECTION('',(0.0,0.0,-1.0));
#4784=DIRECTION('',(-1.0,0.0,0.0));
#4785=SURFACE_STYLE_FILL_AREA(#6159);
#4786=ORIENTED_EDGE('',*,*,#6040,.T.);
#4787=ORIENTED_EDGE('',*,*,#6158,.T.);
#4788=ORIENTED_EDGE('',*,*,#6047,.T.);
#4789=ORIENTED_EDGE('',*,*,#6083,.F.);
#4790=ORIENTED_EDGE('',*,*,#6160,.F.);
#4791=ORIENTED_EDGE('',*,*,#5866,.F.);
#4792=CARTESIAN_POINT('',(-2.22044604925031E-15,1.77635683940025E-15,14.8601077025535));
#4793=DIRECTION('',(-0.0,0.0,-1.0));
#4794=DIRECTION('',(-0.968595132146789,-0.248643258467918,0.0));
#4795=SURFACE_STYLE_FILL_AREA(#6161);
#4796=ORIENTED_EDGE('',*,*,#6035,.T.);
#4797=ORIENTED_EDGE('',*,*,#6105,.F.);
#4798=ORIENTED_EDGE('',*,*,#6121,.T.);
#4799=ORIENTED_EDGE('',*,*,#6031,.T.);
#4800=ORIENTED_EDGE('',*,*,#6162,.T.);
#4801=CARTESIAN_POINT('',(0.0,0.0,10.0));
#4802=DIRECTION('',(0.0,0.0,-1.0));
#4803=DIRECTION('',(-1.0,0.0,0.0));
#4804=SURFACE_STYLE_FILL_AREA(#6163);
#4805=ORIENTED_EDGE('',*,*,#6030,.T.);
#4806=ORIENTED_EDGE('',*,*,#6164,.T.);
#4807=ORIENTED_EDGE('',*,*,#5946,.T.);
#4808=ORIENTED_EDGE('',*,*,#6075,.F.);
#4809=ORIENTED_EDGE('',*,*,#6036,.F.);
#4810=ORIENTED_EDGE('',*,*,#6162,.F.);
#4811=CARTESIAN_POINT('',(-8.88178419700125E-16,0.0,14.85));
#4812=DIRECTION('',(-0.0,0.0,-1.0));
#4813=DIRECTION('',(-0.968621125053834,-0.2485419805575,0.0));
#4814=SURFACE_STYLE_FILL_AREA(#6165);
#4815=ORIENTED_EDGE('',*,*,#6024,.T.);
#4816=ORIENTED_EDGE('',*,*,#6166,.F.);
#4817=ORIENTED_EDGE('',*,*,#6167,.F.);
#4818=ORIENTED_EDGE('',*,*,#6168,.F.);
#4819=ORIENTED_EDGE('',*,*,#6152,.T.);
#4820=CARTESIAN_POINT('',(1.19904086659517E-14,6.66133814775096E-14,32.5));
#4821=DIRECTION('',(-1.01424973528416E-30,-5.32907051820075E-15,-1.0));
#4822=DIRECTION('',(-1.0,1.90323947078598E-16,0.0));
#4823=SURFACE_STYLE_FILL_AREA(#6169);
#4824=ORIENTED_EDGE('',*,*,#6170,.F.);
#4825=ORIENTED_EDGE('',*,*,#6168,.T.);
#4826=ORIENTED_EDGE('',*,*,#6171,.T.);
#4827=ORIENTED_EDGE('',*,*,#6172,.F.);
#4828=SURFACE_STYLE_FILL_AREA(#6173);
#4829=ORIENTED_EDGE('',*,*,#6171,.F.);
#4830=ORIENTED_EDGE('',*,*,#6167,.T.);
#4831=ORIENTED_EDGE('',*,*,#6174,.T.);
#4832=ORIENTED_EDGE('',*,*,#6175,.F.);
#4833=SURFACE_STYLE_FILL_AREA(#6176);
#4834=ORIENTED_EDGE('',*,*,#6177,.F.);
#4835=ORIENTED_EDGE('',*,*,#6178,.T.);
#4836=ORIENTED_EDGE('',*,*,#6179,.T.);
#4837=ORIENTED_EDGE('',*,*,#6026,.F.);
#4838=SURFACE_STYLE_FILL_AREA(#6180);
#4839=ORIENTED_EDGE('',*,*,#6179,.F.);
#4840=ORIENTED_EDGE('',*,*,#6181,.T.);
#4841=ORIENTED_EDGE('',*,*,#6182,.T.);
#4842=ORIENTED_EDGE('',*,*,#6027,.F.);
#4843=SURFACE_STYLE_FILL_AREA(#6183);
#4844=ORIENTED_EDGE('',*,*,#6020,.T.);
#4845=ORIENTED_EDGE('',*,*,#5937,.F.);
#4846=ORIENTED_EDGE('',*,*,#6184,.F.);
#4847=ORIENTED_EDGE('',*,*,#6185,.F.);
#4848=ORIENTED_EDGE('',*,*,#6166,.T.);
#4849=ORIENTED_EDGE('',*,*,#6028,.T.);
#4850=CARTESIAN_POINT('',(-4.44089209850063E-15,-1.77635683940025E-15,19.2928932188135));
#4851=DIRECTION('',(0.0,0.0,1.0));
#4852=DIRECTION('',(-0.968586289402305,0.24867770302517,0.0));
#4853=SURFACE_STYLE_FILL_AREA(#6186);
#4854=ORIENTED_EDGE('',*,*,#6174,.F.);
#4855=ORIENTED_EDGE('',*,*,#6185,.T.);
#4856=ORIENTED_EDGE('',*,*,#6187,.T.);
#4857=ORIENTED_EDGE('',*,*,#6188,.F.);
#4858=SURFACE_STYLE_FILL_AREA(#6189);
#4859=ORIENTED_EDGE('',*,*,#6182,.F.);
#4860=ORIENTED_EDGE('',*,*,#6190,.T.);
#4861=ORIENTED_EDGE('',*,*,#6191,.T.);
#4862=ORIENTED_EDGE('',*,*,#6022,.F.);
#4863=SURFACE_STYLE_FILL_AREA(#6192);
#4864=ORIENTED_EDGE('',*,*,#6193,.T.);
#4865=ORIENTED_EDGE('',*,*,#5991,.T.);
#4866=ORIENTED_EDGE('',*,*,#6017,.F.);
#4867=ORIENTED_EDGE('',*,*,#6194,.F.);
#4868=ORIENTED_EDGE('',*,*,#6195,.T.);
#4869=ORIENTED_EDGE('',*,*,#6010,.T.);
#4870=ORIENTED_EDGE('',*,*,#5980,.F.);
#4871=ORIENTED_EDGE('',*,*,#6196,.F.);
#4872=CARTESIAN_POINT('',(0.0,16.1,-14.5));
#4873=DIRECTION('',(0.0,0.0,1.0));
#4874=DIRECTION('',(1.0,0.0,0.0));
#4875=SURFACE_STYLE_FILL_AREA(#6197);
#4876=ORIENTED_EDGE('',*,*,#6016,.T.);
#4877=ORIENTED_EDGE('',*,*,#6198,.F.);
#4878=ORIENTED_EDGE('',*,*,#6014,.F.);
#4879=ORIENTED_EDGE('',*,*,#6199,.T.);
#4880=ORIENTED_EDGE('',*,*,#6194,.T.);
#4881=CARTESIAN_POINT('',(0.0,0.0,10.0));
#4882=DIRECTION('',(0.0,0.0,1.0));
#4883=DIRECTION('',(1.0,0.0,0.0));
#4884=SURFACE_STYLE_FILL_AREA(#6200);
#4885=ORIENTED_EDGE('',*,*,#6012,.T.);
#4886=ORIENTED_EDGE('',*,*,#6198,.T.);
#4887=ORIENTED_EDGE('',*,*,#6018,.T.);
#4888=ORIENTED_EDGE('',*,*,#5985,.F.);
#4889=ORIENTED_EDGE('',*,*,#6201,.F.);
#4890=ORIENTED_EDGE('',*,*,#5843,.F.);
#4891=CARTESIAN_POINT('',(2.22044604925031E-15,1.77635683940025E-15,-14.8601077025535));
#4892=DIRECTION('',(0.0,0.0,1.0));
#4893=DIRECTION('',(0.968595132146789,-0.248643258467918,0.0));
#4894=SURFACE_STYLE_FILL_AREA(#6202);
#4895=ORIENTED_EDGE('',*,*,#6008,.T.);
#4896=ORIENTED_EDGE('',*,*,#6195,.F.);
#4897=ORIENTED_EDGE('',*,*,#6203,.T.);
#4898=ORIENTED_EDGE('',*,*,#6004,.T.);
#4899=ORIENTED_EDGE('',*,*,#6204,.T.);
#4900=CARTESIAN_POINT('',(0.0,0.0,10.0));
#4901=DIRECTION('',(0.0,0.0,1.0));
#4902=DIRECTION('',(1.0,0.0,0.0));
#4903=SURFACE_STYLE_FILL_AREA(#6205);
#4904=ORIENTED_EDGE('',*,*,#6003,.T.);
#4905=ORIENTED_EDGE('',*,*,#6206,.T.);
#4906=ORIENTED_EDGE('',*,*,#5920,.T.);
#4907=ORIENTED_EDGE('',*,*,#5976,.F.);
#4908=ORIENTED_EDGE('',*,*,#6009,.F.);
#4909=ORIENTED_EDGE('',*,*,#6204,.F.);
#4910=CARTESIAN_POINT('',(8.88178419700125E-16,0.0,-14.85));
#4911=DIRECTION('',(0.0,0.0,1.0));
#4912=DIRECTION('',(0.968621125053834,-0.2485419805575,0.0));
#4913=SURFACE_STYLE_FILL_AREA(#6207);
#4914=ORIENTED_EDGE('',*,*,#5997,.T.);
#4915=ORIENTED_EDGE('',*,*,#6208,.F.);
#4916=ORIENTED_EDGE('',*,*,#6209,.F.);
#4917=ORIENTED_EDGE('',*,*,#6210,.F.);
#4918=ORIENTED_EDGE('',*,*,#6108,.T.);
#4919=CARTESIAN_POINT('',(-1.19904086659517E-14,6.66133814775096E-14,-32.5));
#4920=DIRECTION('',(1.01424973528416E-30,-5.32907051820075E-15,1.0));
#4921=DIRECTION('',(1.0,1.90323947078598E-16,0.0));
#4922=SURFACE_STYLE_FILL_AREA(#6211);
#4923=ORIENTED_EDGE('',*,*,#6212,.F.);
#4924=ORIENTED_EDGE('',*,*,#6209,.T.);
#4925=ORIENTED_EDGE('',*,*,#6213,.T.);
#4926=ORIENTED_EDGE('',*,*,#6214,.F.);
#4927=SURFACE_STYLE_FILL_AREA(#6215);
#4928=ORIENTED_EDGE('',*,*,#6216,.F.);
#4929=ORIENTED_EDGE('',*,*,#6210,.T.);
#4930=ORIENTED_EDGE('',*,*,#6212,.T.);
#4931=ORIENTED_EDGE('',*,*,#6217,.F.);
#4932=SURFACE_STYLE_FILL_AREA(#6218);
#4933=ORIENTED_EDGE('',*,*,#6219,.F.);
#4934=ORIENTED_EDGE('',*,*,#6000,.T.);
#4935=ORIENTED_EDGE('',*,*,#6220,.T.);
#4936=ORIENTED_EDGE('',*,*,#6221,.F.);
#4937=SURFACE_STYLE_FILL_AREA(#6222);
#4938=ORIENTED_EDGE('',*,*,#6223,.F.);
#4939=ORIENTED_EDGE('',*,*,#6224,.F.);
#4940=ORIENTED_EDGE('',*,*,#6220,.F.);
#4941=ORIENTED_EDGE('',*,*,#5999,.T.);
#4942=SURFACE_STYLE_FILL_AREA(#6225);
#4943=ORIENTED_EDGE('',*,*,#5993,.T.);
#4944=ORIENTED_EDGE('',*,*,#5911,.F.);
#4945=ORIENTED_EDGE('',*,*,#6226,.F.);
#4946=ORIENTED_EDGE('',*,*,#6227,.F.);
#4947=ORIENTED_EDGE('',*,*,#6208,.T.);
#4948=ORIENTED_EDGE('',*,*,#6001,.T.);
#4949=CARTESIAN_POINT('',(4.44089209850063E-15,-1.77635683940025E-15,-19.2928932188135));
#4950=DIRECTION('',(0.0,0.0,-1.0));
#4951=DIRECTION('',(0.968586289402305,0.24867770302517,0.0));
#4952=SURFACE_STYLE_FILL_AREA(#6228);
#4953=ORIENTED_EDGE('',*,*,#6213,.F.);
#4954=ORIENTED_EDGE('',*,*,#6227,.T.);
#4955=ORIENTED_EDGE('',*,*,#6229,.T.);
#4956=ORIENTED_EDGE('',*,*,#6230,.F.);
#4957=SURFACE_STYLE_FILL_AREA(#6231);
#4958=ORIENTED_EDGE('',*,*,#6232,.F.);
#4959=ORIENTED_EDGE('',*,*,#5995,.T.);
#4960=ORIENTED_EDGE('',*,*,#6219,.T.);
#4961=ORIENTED_EDGE('',*,*,#6233,.F.);
#4962=SURFACE_STYLE_FILL_AREA(#6234);
#4963=ORIENTED_EDGE('',*,*,#5989,.T.);
#4964=ORIENTED_EDGE('',*,*,#6193,.F.);
#4965=ORIENTED_EDGE('',*,*,#6199,.F.);
#4966=ORIENTED_EDGE('',*,*,#6235,.T.);
#4967=ORIENTED_EDGE('',*,*,#5987,.T.);
#4968=CARTESIAN_POINT('',(0.0,0.0,10.0));
#4969=DIRECTION('',(0.0,0.0,-1.0));
#4970=DIRECTION('',(-1.0,0.0,0.0));
#4971=SURFACE_STYLE_FILL_AREA(#6236);
#4972=ORIENTED_EDGE('',*,*,#5983,.T.);
#4973=ORIENTED_EDGE('',*,*,#6235,.F.);
#4974=ORIENTED_EDGE('',*,*,#6013,.T.);
#4975=ORIENTED_EDGE('',*,*,#6237,.T.);
#4976=CARTESIAN_POINT('',(-2.22044604925031E-15,1.77635683940025E-15,-14.8601077025535));
#4977=DIRECTION('',(-0.0,0.0,1.0));
#4978=DIRECTION('',(-0.968595132146789,-0.248643258467918,-0.0));
#4979=SURFACE_STYLE_FILL_AREA(#6238);
#4980=ORIENTED_EDGE('',*,*,#5979,.T.);
#4981=ORIENTED_EDGE('',*,*,#5974,.F.);
#4982=ORIENTED_EDGE('',*,*,#6239,.F.);
#4983=ORIENTED_EDGE('',*,*,#6203,.F.);
#4984=ORIENTED_EDGE('',*,*,#6196,.T.);
#4985=CARTESIAN_POINT('',(0.0,0.0,10.0));
#4986=DIRECTION('',(0.0,0.0,-1.0));
#4987=DIRECTION('',(-1.0,0.0,0.0));
#4988=SURFACE_STYLE_FILL_AREA(#6240);
#4989=ORIENTED_EDGE('',*,*,#5973,.T.);
#4990=ORIENTED_EDGE('',*,*,#5907,.F.);
#4991=ORIENTED_EDGE('',*,*,#6005,.T.);
#4992=ORIENTED_EDGE('',*,*,#6239,.T.);
#4993=CARTESIAN_POINT('',(-8.88178419700125E-16,0.0,-14.85));
#4994=DIRECTION('',(-0.0,0.0,1.0));
#4995=DIRECTION('',(-0.968621125053834,-0.2485419805575,-0.0));
#4996=SURFACE_STYLE_FILL_AREA(#6241);
#4997=ORIENTED_EDGE('',*,*,#5968,.T.);
#4998=ORIENTED_EDGE('',*,*,#5963,.T.);
#4999=ORIENTED_EDGE('',*,*,#6242,.T.);
#5000=ORIENTED_EDGE('',*,*,#6243,.F.);
#5001=ORIENTED_EDGE('',*,*,#6244,.F.);
#5002=ORIENTED_EDGE('',*,*,#6050,.F.);
#5003=CARTESIAN_POINT('',(1.19904086659517E-14,6.66133814775096E-14,-32.5));
#5004=DIRECTION('',(-1.01424973528416E-30,-5.32907051820075E-15,1.0));
#5005=DIRECTION('',(-1.0,1.90323947078598E-16,0.0));
#5006=SURFACE_STYLE_FILL_AREA(#6245);
#5007=ORIENTED_EDGE('',*,*,#5970,.T.);
#5008=ORIENTED_EDGE('',*,*,#6246,.F.);
#5009=ORIENTED_EDGE('',*,*,#6247,.F.);
#5010=ORIENTED_EDGE('',*,*,#6248,.F.);
#5011=SURFACE_STYLE_FILL_AREA(#6249);
#5012=ORIENTED_EDGE('',*,*,#6250,.F.);
#5013=ORIENTED_EDGE('',*,*,#5971,.T.);
#5014=ORIENTED_EDGE('',*,*,#6248,.T.);
#5015=ORIENTED_EDGE('',*,*,#6251,.F.);
#5016=SURFACE_STYLE_FILL_AREA(#6252);
#5017=ORIENTED_EDGE('',*,*,#6253,.F.);
#5018=ORIENTED_EDGE('',*,*,#6254,.F.);
#5019=ORIENTED_EDGE('',*,*,#6244,.T.);
#5020=ORIENTED_EDGE('',*,*,#6255,.T.);
#5021=SURFACE_STYLE_FILL_AREA(#6256);
#5022=ORIENTED_EDGE('',*,*,#6255,.F.);
#5023=ORIENTED_EDGE('',*,*,#6243,.T.);
#5024=ORIENTED_EDGE('',*,*,#6257,.T.);
#5025=ORIENTED_EDGE('',*,*,#6258,.F.);
#5026=SURFACE_STYLE_FILL_AREA(#6259);
#5027=ORIENTED_EDGE('',*,*,#5962,.T.);
#5028=ORIENTED_EDGE('',*,*,#5899,.T.);
#5029=ORIENTED_EDGE('',*,*,#6260,.F.);
#5030=ORIENTED_EDGE('',*,*,#6242,.F.);
#5031=CARTESIAN_POINT('',(-4.44089209850063E-15,-1.77635683940025E-15,-19.2928932188135));
#5032=DIRECTION('',(0.0,0.0,-1.0));
#5033=DIRECTION('',(-0.968586289402305,0.24867770302517,0.0));
#5034=SURFACE_STYLE_FILL_AREA(#6261);
#5035=ORIENTED_EDGE('',*,*,#6262,.F.);
#5036=ORIENTED_EDGE('',*,*,#5965,.T.);
#5037=ORIENTED_EDGE('',*,*,#6250,.T.);
#5038=ORIENTED_EDGE('',*,*,#6263,.F.);
#5039=SURFACE_STYLE_FILL_AREA(#6264);
#5040=ORIENTED_EDGE('',*,*,#6257,.F.);
#5041=ORIENTED_EDGE('',*,*,#6260,.T.);
#5042=ORIENTED_EDGE('',*,*,#6265,.T.);
#5043=ORIENTED_EDGE('',*,*,#6266,.F.);
#5044=SURFACE_STYLE_FILL_AREA(#6267);
#5045=ORIENTED_EDGE('',*,*,#5954,.T.);
#5046=ORIENTED_EDGE('',*,*,#6076,.T.);
#5047=ORIENTED_EDGE('',*,*,#5945,.T.);
#5048=ORIENTED_EDGE('',*,*,#6268,.T.);
#5049=ORIENTED_EDGE('',*,*,#6269,.T.);
#5050=ORIENTED_EDGE('',*,*,#5924,.F.);
#5051=CARTESIAN_POINT('',(0.0,0.0,16.5));
#5052=DIRECTION('',(0.0,-0.0,-1.0));
#5053=DIRECTION('',(1.0,0.0,0.0));
#5054=SURFACE_STYLE_FILL_AREA(#6270);
#5055=ORIENTED_EDGE('',*,*,#6271,.F.);
#5056=ORIENTED_EDGE('',*,*,#5957,.T.);
#5057=ORIENTED_EDGE('',*,*,#6272,.T.);
#5058=ORIENTED_EDGE('',*,*,#6273,.F.);
#5059=SURFACE_STYLE_FILL_AREA(#6274);
#5060=ORIENTED_EDGE('',*,*,#6272,.F.);
#5061=ORIENTED_EDGE('',*,*,#5956,.T.);
#5062=ORIENTED_EDGE('',*,*,#6275,.T.);
#5063=ORIENTED_EDGE('',*,*,#6276,.F.);
#5064=SURFACE_STYLE_FILL_AREA(#6277);
#5065=ORIENTED_EDGE('',*,*,#6278,.F.);
#5066=ORIENTED_EDGE('',*,*,#6279,.T.);
#5067=ORIENTED_EDGE('',*,*,#6280,.T.);
#5068=ORIENTED_EDGE('',*,*,#6268,.F.);
#5069=SURFACE_STYLE_FILL_AREA(#6281);
#5070=ORIENTED_EDGE('',*,*,#6280,.F.);
#5071=ORIENTED_EDGE('',*,*,#6282,.T.);
#5072=ORIENTED_EDGE('',*,*,#6283,.T.);
#5073=ORIENTED_EDGE('',*,*,#6269,.F.);
#5074=SURFACE_STYLE_FILL_AREA(#6284);
#5075=ORIENTED_EDGE('',*,*,#5948,.T.);
#5076=ORIENTED_EDGE('',*,*,#6065,.F.);
#5077=ORIENTED_EDGE('',*,*,#6285,.F.);
#5078=ORIENTED_EDGE('',*,*,#6286,.F.);
#5079=ORIENTED_EDGE('',*,*,#6287,.T.);
#5080=ORIENTED_EDGE('',*,*,#5927,.T.);
#5081=CARTESIAN_POINT('',(0.0,0.0,10.0));
#5082=DIRECTION('',(0.0,0.0,1.0));
#5083=DIRECTION('',(1.0,0.0,0.0));
#5084=SURFACE_STYLE_FILL_AREA(#6288);
#5085=ORIENTED_EDGE('',*,*,#6289,.F.);
#5086=ORIENTED_EDGE('',*,*,#6286,.T.);
#5087=ORIENTED_EDGE('',*,*,#6290,.T.);
#5088=ORIENTED_EDGE('',*,*,#6291,.F.);
#5089=CARTESIAN_POINT('',(-3.94341643813364,14.4723690802666,17.3154185895734));
#5090=DIRECTION('',(0.0,0.0,-1.0));
#5091=DIRECTION('',(0.971708219066822,-0.236184540133312,0.0));
#5092=SURFACE_STYLE_FILL_AREA(#6292);
#5093=ORIENTED_EDGE('',*,*,#6290,.F.);
#5094=ORIENTED_EDGE('',*,*,#6285,.T.);
#5095=ORIENTED_EDGE('',*,*,#6144,.T.);
#5096=ORIENTED_EDGE('',*,*,#6293,.F.);
#5097=SURFACE_STYLE_FILL_AREA(#6294);
#5098=ORIENTED_EDGE('',*,*,#6295,.F.);
#5099=ORIENTED_EDGE('',*,*,#6296,.T.);
#5100=ORIENTED_EDGE('',*,*,#6297,.T.);
#5101=ORIENTED_EDGE('',*,*,#5949,.F.);
#5102=CARTESIAN_POINT('',(-3.94341643813364,-14.4723690802666,17.3154185895735));
#5103=DIRECTION('',(0.0,0.0,-1.0));
#5104=DIRECTION('',(0.262894429208909,0.964824605351108,0.0));
#5105=SURFACE_STYLE_FILL_AREA(#6298);
#5106=ORIENTED_EDGE('',*,*,#6297,.F.);
#5107=ORIENTED_EDGE('',*,*,#6299,.T.);
#5108=ORIENTED_EDGE('',*,*,#6147,.T.);
#5109=ORIENTED_EDGE('',*,*,#5950,.F.);
#5110=SURFACE_STYLE_FILL_AREA(#6300);
#5111=ORIENTED_EDGE('',*,*,#5942,.T.);
#5112=ORIENTED_EDGE('',*,*,#6164,.F.);
#5113=ORIENTED_EDGE('',*,*,#6033,.F.);
#5114=ORIENTED_EDGE('',*,*,#5958,.T.);
#5115=ORIENTED_EDGE('',*,*,#6301,.F.);
#5116=ORIENTED_EDGE('',*,*,#6302,.F.);
#5117=ORIENTED_EDGE('',*,*,#6303,.F.);
#5118=ORIENTED_EDGE('',*,*,#5934,.F.);
#5119=CARTESIAN_POINT('',(0.0,0.0,16.5));
#5120=DIRECTION('',(-0.0,0.0,-1.0));
#5121=DIRECTION('',(-1.0,0.0,0.0));
#5122=SURFACE_STYLE_FILL_AREA(#6304);
#5123=ORIENTED_EDGE('',*,*,#6305,.F.);
#5124=ORIENTED_EDGE('',*,*,#6302,.T.);
#5125=ORIENTED_EDGE('',*,*,#6306,.T.);
#5126=ORIENTED_EDGE('',*,*,#6307,.F.);
#5127=SURFACE_STYLE_FILL_AREA(#6308);
#5128=ORIENTED_EDGE('',*,*,#6306,.F.);
#5129=ORIENTED_EDGE('',*,*,#6301,.T.);
#5130=ORIENTED_EDGE('',*,*,#6271,.T.);
#5131=ORIENTED_EDGE('',*,*,#6309,.F.);
#5132=SURFACE_STYLE_FILL_AREA(#6310);
#5133=ORIENTED_EDGE('',*,*,#6311,.F.);
#5134=ORIENTED_EDGE('',*,*,#6312,.T.);
#5135=ORIENTED_EDGE('',*,*,#6313,.T.);
#5136=ORIENTED_EDGE('',*,*,#5943,.F.);
#5137=SURFACE_STYLE_FILL_AREA(#6314);
#5138=ORIENTED_EDGE('',*,*,#6313,.F.);
#5139=ORIENTED_EDGE('',*,*,#6315,.T.);
#5140=ORIENTED_EDGE('',*,*,#6278,.T.);
#5141=ORIENTED_EDGE('',*,*,#5944,.F.);
#5142=SURFACE_STYLE_FILL_AREA(#6316);
#5143=ORIENTED_EDGE('',*,*,#5936,.T.);
#5144=ORIENTED_EDGE('',*,*,#5930,.T.);
#5145=ORIENTED_EDGE('',*,*,#6317,.T.);
#5146=ORIENTED_EDGE('',*,*,#6318,.F.);
#5147=ORIENTED_EDGE('',*,*,#6319,.F.);
#5148=ORIENTED_EDGE('',*,*,#6184,.T.);
#5149=CARTESIAN_POINT('',(0.0,0.0,10.0));
#5150=DIRECTION('',(0.0,0.0,-1.0));
#5151=DIRECTION('',(-1.0,0.0,0.0));
#5152=SURFACE_STYLE_FILL_AREA(#6320);
#5153=ORIENTED_EDGE('',*,*,#6321,.F.);
#5154=ORIENTED_EDGE('',*,*,#6318,.T.);
#5155=ORIENTED_EDGE('',*,*,#6322,.T.);
#5156=ORIENTED_EDGE('',*,*,#6323,.F.);
#5157=CARTESIAN_POINT('',(3.94341643813364,14.4723690802666,17.3154185895735));
#5158=DIRECTION('',(0.0,0.0,1.0));
#5159=DIRECTION('',(-0.971708219066822,-0.236184540133314,0.0));
#5160=SURFACE_STYLE_FILL_AREA(#6324);
#5161=ORIENTED_EDGE('',*,*,#6187,.F.);
#5162=ORIENTED_EDGE('',*,*,#6319,.T.);
#5163=ORIENTED_EDGE('',*,*,#6321,.T.);
#5164=ORIENTED_EDGE('',*,*,#6325,.F.);
#5165=SURFACE_STYLE_FILL_AREA(#6326);
#5166=ORIENTED_EDGE('',*,*,#6327,.F.);
#5167=ORIENTED_EDGE('',*,*,#6328,.T.);
#5168=ORIENTED_EDGE('',*,*,#6329,.T.);
#5169=ORIENTED_EDGE('',*,*,#5940,.F.);
#5170=CARTESIAN_POINT('',(3.94341643813364,-14.4723690802666,17.3154185895736));
#5171=DIRECTION('',(0.0,0.0,1.0));
#5172=DIRECTION('',(-0.262894429208909,0.964824605351108,0.0));
#5173=SURFACE_STYLE_FILL_AREA(#6330);
#5174=ORIENTED_EDGE('',*,*,#6191,.F.);
#5175=ORIENTED_EDGE('',*,*,#6331,.T.);
#5176=ORIENTED_EDGE('',*,*,#6327,.T.);
#5177=ORIENTED_EDGE('',*,*,#5939,.F.);
#5178=SURFACE_STYLE_FILL_AREA(#6332);
#5179=ORIENTED_EDGE('',*,*,#5929,.T.);
#5180=ORIENTED_EDGE('',*,*,#6303,.T.);
#5181=ORIENTED_EDGE('',*,*,#6333,.F.);
#5182=ORIENTED_EDGE('',*,*,#6317,.F.);
#5183=CARTESIAN_POINT('',(1.77635683940025E-15,-1.77635683940025E-15,17.5));
#5184=DIRECTION('',(0.0,0.0,1.0));
#5185=DIRECTION('',(-0.968671255378871,-0.248346530079891,0.0));
#5186=SURFACE_STYLE_FILL_AREA(#6334);
#5187=ORIENTED_EDGE('',*,*,#6322,.F.);
#5188=ORIENTED_EDGE('',*,*,#6333,.T.);
#5189=ORIENTED_EDGE('',*,*,#6305,.T.);
#5190=ORIENTED_EDGE('',*,*,#6335,.F.);
#5191=SURFACE_STYLE_FILL_AREA(#6336);
#5192=ORIENTED_EDGE('',*,*,#6329,.F.);
#5193=ORIENTED_EDGE('',*,*,#6337,.T.);
#5194=ORIENTED_EDGE('',*,*,#6311,.T.);
#5195=ORIENTED_EDGE('',*,*,#5932,.F.);
#5196=SURFACE_STYLE_FILL_AREA(#6338);
#5197=ORIENTED_EDGE('',*,*,#5922,.T.);
#5198=ORIENTED_EDGE('',*,*,#6287,.F.);
#5199=ORIENTED_EDGE('',*,*,#6339,.F.);
#5200=ORIENTED_EDGE('',*,*,#5955,.T.);
#5201=CARTESIAN_POINT('',(-3.99680288865056E-15,2.66453525910038E-15,17.5));
#5202=DIRECTION('',(0.0,-0.0,-1.0));
#5203=DIRECTION('',(0.930297519357761,-0.36680584166122,0.0));
#5204=SURFACE_STYLE_FILL_AREA(#6340);
#5205=ORIENTED_EDGE('',*,*,#6275,.F.);
#5206=ORIENTED_EDGE('',*,*,#6339,.T.);
#5207=ORIENTED_EDGE('',*,*,#6289,.T.);
#5208=ORIENTED_EDGE('',*,*,#6341,.F.);
#5209=SURFACE_STYLE_FILL_AREA(#6342);
#5210=ORIENTED_EDGE('',*,*,#6283,.F.);
#5211=ORIENTED_EDGE('',*,*,#6343,.T.);
#5212=ORIENTED_EDGE('',*,*,#6295,.T.);
#5213=ORIENTED_EDGE('',*,*,#5925,.F.);
#5214=SURFACE_STYLE_FILL_AREA(#6344);
#5215=ORIENTED_EDGE('',*,*,#5916,.T.);
#5216=ORIENTED_EDGE('',*,*,#6206,.F.);
#5217=ORIENTED_EDGE('',*,*,#6006,.F.);
#5218=ORIENTED_EDGE('',*,*,#5906,.T.);
#5219=ORIENTED_EDGE('',*,*,#6345,.F.);
#5220=ORIENTED_EDGE('',*,*,#6346,.F.);
#5221=ORIENTED_EDGE('',*,*,#6347,.F.);
#5222=ORIENTED_EDGE('',*,*,#5894,.F.);
#5223=CARTESIAN_POINT('',(0.0,0.0,-16.5));
#5224=DIRECTION('',(-0.0,0.0,1.0));
#5225=DIRECTION('',(1.0,0.0,0.0));
#5226=SURFACE_STYLE_FILL_AREA(#6348);
#5227=ORIENTED_EDGE('',*,*,#6349,.F.);
#5228=ORIENTED_EDGE('',*,*,#6345,.T.);
#5229=ORIENTED_EDGE('',*,*,#6350,.T.);
#5230=ORIENTED_EDGE('',*,*,#6351,.F.);
#5231=SURFACE_STYLE_FILL_AREA(#6352);
#5232=ORIENTED_EDGE('',*,*,#6353,.F.);
#5233=ORIENTED_EDGE('',*,*,#6346,.T.);
#5234=ORIENTED_EDGE('',*,*,#6349,.T.);
#5235=ORIENTED_EDGE('',*,*,#6354,.F.);
#5236=SURFACE_STYLE_FILL_AREA(#6355);
#5237=ORIENTED_EDGE('',*,*,#6356,.F.);
#5238=ORIENTED_EDGE('',*,*,#5918,.T.);
#5239=ORIENTED_EDGE('',*,*,#6357,.T.);
#5240=ORIENTED_EDGE('',*,*,#6358,.F.);
#5241=SURFACE_STYLE_FILL_AREA(#6359);
#5242=ORIENTED_EDGE('',*,*,#6357,.F.);
#5243=ORIENTED_EDGE('',*,*,#5917,.T.);
#5244=ORIENTED_EDGE('',*,*,#6360,.T.);
#5245=ORIENTED_EDGE('',*,*,#6361,.F.);
#5246=SURFACE_STYLE_FILL_AREA(#6362);
#5247=ORIENTED_EDGE('',*,*,#5910,.T.);
#5248=ORIENTED_EDGE('',*,*,#5890,.T.);
#5249=ORIENTED_EDGE('',*,*,#6363,.T.);
#5250=ORIENTED_EDGE('',*,*,#6364,.F.);
#5251=ORIENTED_EDGE('',*,*,#6365,.F.);
#5252=ORIENTED_EDGE('',*,*,#6226,.T.);
#5253=CARTESIAN_POINT('',(0.0,0.0,-10.0));
#5254=DIRECTION('',(0.0,0.0,1.0));
#5255=DIRECTION('',(1.0,0.0,0.0));
#5256=SURFACE_STYLE_FILL_AREA(#6366);
#5257=ORIENTED_EDGE('',*,*,#6367,.F.);
#5258=ORIENTED_EDGE('',*,*,#6364,.T.);
#5259=ORIENTED_EDGE('',*,*,#6368,.T.);
#5260=ORIENTED_EDGE('',*,*,#6369,.F.);
#5261=CARTESIAN_POINT('',(-3.94341643813365,14.4723690802666,-17.3154185895734));
#5262=DIRECTION('',(0.0,0.0,-1.0));
#5263=DIRECTION('',(0.971708219066823,-0.236184540133312,0.0));
#5264=SURFACE_STYLE_FILL_AREA(#6370);
#5265=ORIENTED_EDGE('',*,*,#6229,.F.);
#5266=ORIENTED_EDGE('',*,*,#6365,.T.);
#5267=ORIENTED_EDGE('',*,*,#6367,.T.);
#5268=ORIENTED_EDGE('',*,*,#6371,.F.);
#5269=SURFACE_STYLE_FILL_AREA(#6372);
#5270=ORIENTED_EDGE('',*,*,#6373,.F.);
#5271=ORIENTED_EDGE('',*,*,#5914,.T.);
#5272=ORIENTED_EDGE('',*,*,#6374,.T.);
#5273=ORIENTED_EDGE('',*,*,#6375,.F.);
#5274=CARTESIAN_POINT('',(-3.94341643813364,-14.4723690802666,-17.3154185895735));
#5275=DIRECTION('',(0.0,-0.0,1.0));
#5276=DIRECTION('',(0.971708219066822,0.236184540133312,0.0));
#5277=SURFACE_STYLE_FILL_AREA(#6376);
#5278=ORIENTED_EDGE('',*,*,#6374,.F.);
#5279=ORIENTED_EDGE('',*,*,#5913,.T.);
#5280=ORIENTED_EDGE('',*,*,#6232,.T.);
#5281=ORIENTED_EDGE('',*,*,#6377,.F.);
#5282=SURFACE_STYLE_FILL_AREA(#6378);
#5283=ORIENTED_EDGE('',*,*,#5902,.T.);
#5284=ORIENTED_EDGE('',*,*,#5977,.T.);
#5285=ORIENTED_EDGE('',*,*,#5919,.T.);
#5286=ORIENTED_EDGE('',*,*,#6379,.F.);
#5287=ORIENTED_EDGE('',*,*,#6380,.F.);
#5288=ORIENTED_EDGE('',*,*,#5884,.F.);
#5289=CARTESIAN_POINT('',(0.0,0.0,-16.5));
#5290=DIRECTION('',(0.0,0.0,1.0));
#5291=DIRECTION('',(-1.0,0.0,0.0));
#5292=SURFACE_STYLE_FILL_AREA(#6381);
#5293=ORIENTED_EDGE('',*,*,#6382,.F.);
#5294=ORIENTED_EDGE('',*,*,#5904,.T.);
#5295=ORIENTED_EDGE('',*,*,#6383,.T.);
#5296=ORIENTED_EDGE('',*,*,#6384,.F.);
#5297=SURFACE_STYLE_FILL_AREA(#6385);
#5298=ORIENTED_EDGE('',*,*,#6350,.F.);
#5299=ORIENTED_EDGE('',*,*,#5905,.T.);
#5300=ORIENTED_EDGE('',*,*,#6382,.T.);
#5301=ORIENTED_EDGE('',*,*,#6386,.F.);
#5302=SURFACE_STYLE_FILL_AREA(#6387);
#5303=ORIENTED_EDGE('',*,*,#6388,.F.);
#5304=ORIENTED_EDGE('',*,*,#6380,.T.);
#5305=ORIENTED_EDGE('',*,*,#6389,.T.);
#5306=ORIENTED_EDGE('',*,*,#6390,.F.);
#5307=SURFACE_STYLE_FILL_AREA(#6391);
#5308=ORIENTED_EDGE('',*,*,#6389,.F.);
#5309=ORIENTED_EDGE('',*,*,#6379,.T.);
#5310=ORIENTED_EDGE('',*,*,#6356,.T.);
#5311=ORIENTED_EDGE('',*,*,#6392,.F.);
#5312=SURFACE_STYLE_FILL_AREA(#6393);
#5313=ORIENTED_EDGE('',*,*,#5896,.T.);
#5314=ORIENTED_EDGE('',*,*,#5966,.F.);
#5315=ORIENTED_EDGE('',*,*,#6394,.F.);
#5316=ORIENTED_EDGE('',*,*,#6395,.F.);
#5317=ORIENTED_EDGE('',*,*,#6396,.T.);
#5318=ORIENTED_EDGE('',*,*,#5887,.T.);
#5319=CARTESIAN_POINT('',(0.0,0.0,-10.0));
#5320=DIRECTION('',(0.0,0.0,-1.0));
#5321=DIRECTION('',(-1.0,0.0,0.0));
#5322=SURFACE_STYLE_FILL_AREA(#6397);
#5323=ORIENTED_EDGE('',*,*,#6398,.F.);
#5324=ORIENTED_EDGE('',*,*,#6395,.T.);
#5325=ORIENTED_EDGE('',*,*,#6399,.T.);
#5326=ORIENTED_EDGE('',*,*,#6400,.F.);
#5327=CARTESIAN_POINT('',(3.94341643813364,14.4723690802666,-17.3154185895735));
#5328=DIRECTION('',(0.0,0.0,1.0));
#5329=DIRECTION('',(-0.971708219066822,-0.236184540133314,0.0));
#5330=SURFACE_STYLE_FILL_AREA(#6401);
#5331=ORIENTED_EDGE('',*,*,#6399,.F.);
#5332=ORIENTED_EDGE('',*,*,#6394,.T.);
#5333=ORIENTED_EDGE('',*,*,#6262,.T.);
#5334=ORIENTED_EDGE('',*,*,#6402,.F.);
#5335=SURFACE_STYLE_FILL_AREA(#6403);
#5336=ORIENTED_EDGE('',*,*,#6404,.F.);
#5337=ORIENTED_EDGE('',*,*,#5897,.T.);
#5338=ORIENTED_EDGE('',*,*,#6405,.T.);
#5339=ORIENTED_EDGE('',*,*,#6406,.F.);
#5340=CARTESIAN_POINT('',(3.94341643813365,-14.4723690802666,-17.3154185895736));
#5341=DIRECTION('',(0.0,0.0,-1.0));
#5342=DIRECTION('',(-0.971708219066823,0.23618454013331,0.0));
#5343=SURFACE_STYLE_FILL_AREA(#6407);
#5344=ORIENTED_EDGE('',*,*,#6265,.F.);
#5345=ORIENTED_EDGE('',*,*,#5898,.T.);
#5346=ORIENTED_EDGE('',*,*,#6404,.T.);
#5347=ORIENTED_EDGE('',*,*,#6408,.F.);
#5348=SURFACE_STYLE_FILL_AREA(#6409);
#5349=ORIENTED_EDGE('',*,*,#5889,.T.);
#5350=ORIENTED_EDGE('',*,*,#6347,.T.);
#5351=ORIENTED_EDGE('',*,*,#6410,.F.);
#5352=ORIENTED_EDGE('',*,*,#6363,.F.);
#5353=CARTESIAN_POINT('',(-4.44089209850063E-15,-1.77635683940025E-15,-17.5));
#5354=DIRECTION('',(0.0,-0.0,-1.0));
#5355=DIRECTION('',(0.968671255378871,-0.248346530079891,0.0));
#5356=SURFACE_STYLE_FILL_AREA(#6411);
#5357=ORIENTED_EDGE('',*,*,#6368,.F.);
#5358=ORIENTED_EDGE('',*,*,#6410,.T.);
#5359=ORIENTED_EDGE('',*,*,#6353,.T.);
#5360=ORIENTED_EDGE('',*,*,#6412,.F.);
#5361=SURFACE_STYLE_FILL_AREA(#6413);
#5362=ORIENTED_EDGE('',*,*,#6360,.F.);
#5363=ORIENTED_EDGE('',*,*,#5892,.T.);
#5364=ORIENTED_EDGE('',*,*,#6373,.T.);
#5365=ORIENTED_EDGE('',*,*,#6414,.F.);
#5366=SURFACE_STYLE_FILL_AREA(#6415);
#5367=ORIENTED_EDGE('',*,*,#5882,.T.);
#5368=ORIENTED_EDGE('',*,*,#6396,.F.);
#5369=ORIENTED_EDGE('',*,*,#6416,.F.);
#5370=ORIENTED_EDGE('',*,*,#5903,.T.);
#5371=CARTESIAN_POINT('',(-1.33226762955019E-15,8.88178419700125E-16,-17.5));
#5372=DIRECTION('',(0.0,0.0,1.0));
#5373=DIRECTION('',(-0.930297519357761,-0.36680584166122,0.0));
#5374=SURFACE_STYLE_FILL_AREA(#6417);
#5375=ORIENTED_EDGE('',*,*,#6383,.F.);
#5376=ORIENTED_EDGE('',*,*,#6416,.T.);
#5377=ORIENTED_EDGE('',*,*,#6398,.T.);
#5378=ORIENTED_EDGE('',*,*,#6418,.F.);
#5379=SURFACE_STYLE_FILL_AREA(#6419);
#5380=ORIENTED_EDGE('',*,*,#6405,.F.);
#5381=ORIENTED_EDGE('',*,*,#5885,.T.);
#5382=ORIENTED_EDGE('',*,*,#6388,.T.);
#5383=ORIENTED_EDGE('',*,*,#6420,.F.);
#5384=SURFACE_STYLE_FILL_AREA(#6421);
#5385=ORIENTED_EDGE('',*,*,#5877,.T.);
#5386=ORIENTED_EDGE('',*,*,#6098,.T.);
#5387=ORIENTED_EDGE('',*,*,#5870,.T.);
#5388=ORIENTED_EDGE('',*,*,#5851,.T.);
#5389=CARTESIAN_POINT('',(0.0,0.0,15.9));
#5390=DIRECTION('',(0.0,-0.0,-1.0));
#5391=DIRECTION('',(1.0,0.0,0.0));
#5392=SURFACE_STYLE_FILL_AREA(#6422);
#5393=ORIENTED_EDGE('',*,*,#5873,.T.);
#5394=ORIENTED_EDGE('',*,*,#6082,.F.);
#5395=ORIENTED_EDGE('',*,*,#6118,.F.);
#5396=ORIENTED_EDGE('',*,*,#5864,.F.);
#5397=ORIENTED_EDGE('',*,*,#6423,.F.);
#5398=ORIENTED_EDGE('',*,*,#5854,.F.);
#5399=CARTESIAN_POINT('',(0.0,0.0,15.0));
#5400=DIRECTION('',(-0.0,-0.0,1.0));
#5401=DIRECTION('',(1.0,0.0,0.0));
#5402=SURFACE_STYLE_FILL_AREA(#6424);
#5403=ORIENTED_EDGE('',*,*,#5868,.T.);
#5404=ORIENTED_EDGE('',*,*,#6150,.F.);
#5405=ORIENTED_EDGE('',*,*,#5879,.T.);
#5406=ORIENTED_EDGE('',*,*,#5858,.T.);
#5407=CARTESIAN_POINT('',(0.0,0.0,15.9));
#5408=DIRECTION('',(-0.0,0.0,-1.0));
#5409=DIRECTION('',(-1.0,0.0,0.0));
#5410=SURFACE_STYLE_FILL_AREA(#6425);
#5411=ORIENTED_EDGE('',*,*,#5863,.T.);
#5412=ORIENTED_EDGE('',*,*,#6160,.T.);
#5413=ORIENTED_EDGE('',*,*,#5874,.F.);
#5414=ORIENTED_EDGE('',*,*,#6426,.F.);
#5415=ORIENTED_EDGE('',*,*,#5861,.F.);
#5416=CARTESIAN_POINT('',(0.0,0.0,15.0));
#5417=DIRECTION('',(0.0,-0.0,1.0));
#5418=DIRECTION('',(-1.0,0.0,0.0));
#5419=SURFACE_STYLE_FILL_AREA(#6427);
#5420=ORIENTED_EDGE('',*,*,#5856,.T.);
#5421=ORIENTED_EDGE('',*,*,#6426,.T.);
#5422=ORIENTED_EDGE('',*,*,#5852,.F.);
#5423=ORIENTED_EDGE('',*,*,#5869,.F.);
#5424=CARTESIAN_POINT('',(8.88178419700125E-16,1.77635683940025E-15,14.8696169451017));
#5425=DIRECTION('',(0.0,0.0,-1.0));
#5426=DIRECTION('',(-0.968596448128627,0.248638131976185,0.0));
#5427=SURFACE_STYLE_FILL_AREA(#6428);
#5428=ORIENTED_EDGE('',*,*,#5849,.T.);
#5429=ORIENTED_EDGE('',*,*,#6423,.T.);
#5430=ORIENTED_EDGE('',*,*,#5859,.F.);
#5431=ORIENTED_EDGE('',*,*,#5878,.F.);
#5432=CARTESIAN_POINT('',(-1.77635683940025E-15,0.0,14.8696169451017));
#5433=DIRECTION('',(0.0,-0.0,-1.0));
#5434=DIRECTION('',(0.940826456960338,-0.338888739682298,0.0));
#5435=SURFACE_STYLE_FILL_AREA(#6429);
#5436=ORIENTED_EDGE('',*,*,#5845,.T.);
#5437=ORIENTED_EDGE('',*,*,#6101,.F.);
#5438=ORIENTED_EDGE('',*,*,#5836,.T.);
#5439=ORIENTED_EDGE('',*,*,#6430,.F.);
#5440=ORIENTED_EDGE('',*,*,#5821,.F.);
#5441=CARTESIAN_POINT('',(0.0,0.0,-15.9));
#5442=DIRECTION('',(-0.0,0.0,1.0));
#5443=DIRECTION('',(1.0,0.0,0.0));
#5444=SURFACE_STYLE_FILL_AREA(#6431);
#5445=ORIENTED_EDGE('',*,*,#5839,.T.);
#5446=ORIENTED_EDGE('',*,*,#6201,.T.);
#5447=ORIENTED_EDGE('',*,*,#5832,.F.);
#5448=ORIENTED_EDGE('',*,*,#5818,.T.);
#5449=CARTESIAN_POINT('',(0.0,0.0,-15.0));
#5450=DIRECTION('',(0.0,-0.0,-1.0));
#5451=DIRECTION('',(1.0,0.0,0.0));
#5452=SURFACE_STYLE_FILL_AREA(#6432);
#5453=ORIENTED_EDGE('',*,*,#5835,.T.);
#5454=ORIENTED_EDGE('',*,*,#6059,.T.);
#5455=ORIENTED_EDGE('',*,*,#5846,.T.);
#5456=ORIENTED_EDGE('',*,*,#6433,.F.);
#5457=ORIENTED_EDGE('',*,*,#5828,.F.);
#5458=CARTESIAN_POINT('',(0.0,0.0,-15.9));
#5459=DIRECTION('',(0.0,0.0,1.0));
#5460=DIRECTION('',(-1.0,0.0,0.0));
#5461=SURFACE_STYLE_FILL_AREA(#6434);
#5462=ORIENTED_EDGE('',*,*,#5830,.T.);
#5463=ORIENTED_EDGE('',*,*,#5984,.F.);
#5464=ORIENTED_EDGE('',*,*,#6237,.F.);
#5465=ORIENTED_EDGE('',*,*,#5841,.F.);
#5466=ORIENTED_EDGE('',*,*,#5825,.T.);
#5467=CARTESIAN_POINT('',(0.0,0.0,-15.0));
#5468=DIRECTION('',(-0.0,0.0,-1.0));
#5469=DIRECTION('',(-1.0,0.0,0.0));
#5470=SURFACE_STYLE_FILL_AREA(#6435);
#5471=ORIENTED_EDGE('',*,*,#5823,.T.);
#5472=ORIENTED_EDGE('',*,*,#6433,.T.);
#5473=ORIENTED_EDGE('',*,*,#5819,.F.);
#5474=ORIENTED_EDGE('',*,*,#5831,.F.);
#5475=CARTESIAN_POINT('',(6.66133814775094E-15,3.5527136788005E-15,-14.8696169451017));
#5476=DIRECTION('',(0.0,0.0,-1.0));
#5477=DIRECTION('',(-0.968596448128627,0.248638131976186,0.0));
#5478=SURFACE_STYLE_FILL_AREA(#6436);
#5479=ORIENTED_EDGE('',*,*,#5816,.T.);
#5480=ORIENTED_EDGE('',*,*,#6430,.T.);
#5481=ORIENTED_EDGE('',*,*,#5826,.F.);
#5482=ORIENTED_EDGE('',*,*,#5840,.F.);
#5483=CARTESIAN_POINT('',(-3.5527136788005E-15,0.0,-14.8696169451017));
#5484=DIRECTION('',(0.0,-0.0,-1.0));
#5485=DIRECTION('',(0.940826456960338,-0.338888739682299,0.0));
#5486=SURFACE_STYLE_FILL_AREA(#6437);
#5487=ORIENTED_EDGE('',*,*,#6438,.F.);
#5488=ORIENTED_EDGE('',*,*,#6439,.F.);
#5489=ORIENTED_EDGE('',*,*,#6172,.T.);
#5490=CARTESIAN_POINT('',(2.0,14.081223290545,19.0));
#5491=DIRECTION('',(0.0,-1.0,0.0));
#5492=DIRECTION('',(1.0,0.0,0.0));
#5493=SURFACE_STYLE_FILL_AREA(#6440);
#5494=ORIENTED_EDGE('',*,*,#6441,.T.);
#5495=ORIENTED_EDGE('',*,*,#6442,.F.);
#5496=ORIENTED_EDGE('',*,*,#6247,.T.);
#5497=CARTESIAN_POINT('',(2.0,14.081223290545,-19.0));
#5498=DIRECTION('',(0.0,-1.0,0.0));
#5499=DIRECTION('',(0.0,0.0,-1.0));
#5500=SURFACE_STYLE_FILL_AREA(#6443);
#5501=ORIENTED_EDGE('',*,*,#6444,.F.);
#5502=ORIENTED_EDGE('',*,*,#6445,.F.);
#5503=ORIENTED_EDGE('',*,*,#6323,.T.);
#5504=ORIENTED_EDGE('',*,*,#6335,.T.);
#5505=ORIENTED_EDGE('',*,*,#6307,.T.);
#5506=CARTESIAN_POINT('',(2.0,14.0,0.0));
#5507=DIRECTION('',(0.0,0.0,-1.0));
#5508=DIRECTION('',(1.0,0.0,0.0));
#5509=SURFACE_STYLE_FILL_AREA(#6446);
#5510=ORIENTED_EDGE('',*,*,#6447,.T.);
#5511=ORIENTED_EDGE('',*,*,#6448,.F.);
#5512=ORIENTED_EDGE('',*,*,#6384,.T.);
#5513=ORIENTED_EDGE('',*,*,#6418,.T.);
#5514=ORIENTED_EDGE('',*,*,#6400,.T.);
#5515=CARTESIAN_POINT('',(2.0,14.0,0.0));
#5516=DIRECTION('',(0.0,0.0,-1.0));
#5517=DIRECTION('',(1.0,0.0,0.0));
#5518=SURFACE_STYLE_FILL_AREA(#6449);
#5519=ORIENTED_EDGE('',*,*,#6445,.T.);
#5520=ORIENTED_EDGE('',*,*,#6450,.F.);
#5521=ORIENTED_EDGE('',*,*,#6438,.T.);
#5522=ORIENTED_EDGE('',*,*,#6175,.T.);
#5523=ORIENTED_EDGE('',*,*,#6188,.T.);
#5524=ORIENTED_EDGE('',*,*,#6325,.T.);
#5525=CARTESIAN_POINT('',(2.0,14.0,19.0));
#5526=DIRECTION('',(0.0,0.0,1.0));
#5527=DIRECTION('',(0.965925826289069,-0.25881904510252,0.0));
#5528=SURFACE_STYLE_FILL_AREA(#6451);
#5529=ORIENTED_EDGE('',*,*,#6442,.T.);
#5530=ORIENTED_EDGE('',*,*,#6452,.F.);
#5531=ORIENTED_EDGE('',*,*,#6447,.F.);
#5532=ORIENTED_EDGE('',*,*,#6402,.T.);
#5533=ORIENTED_EDGE('',*,*,#6263,.T.);
#5534=ORIENTED_EDGE('',*,*,#6251,.T.);
#5535=CARTESIAN_POINT('',(2.0,14.0,-19.0));
#5536=DIRECTION('',(0.0,0.0,-1.0));
#5537=DIRECTION('',(0.965925826289069,-0.25881904510252,0.0));
#5538=SURFACE_STYLE_FILL_AREA(#6453);
#5539=ORIENTED_EDGE('',*,*,#6273,.T.);
#5540=ORIENTED_EDGE('',*,*,#6454,.F.);
#5541=ORIENTED_EDGE('',*,*,#6455,.F.);
#5542=ORIENTED_EDGE('',*,*,#6444,.T.);
#5543=ORIENTED_EDGE('',*,*,#6309,.T.);
#5544=CARTESIAN_POINT('',(-3.0,15.0,22.0));
#5545=DIRECTION('',(-0.0,1.0,0.0));
#5546=DIRECTION('',(1.0,0.0,0.0));
#5547=SURFACE_STYLE_FILL_AREA(#6456);
#5548=ORIENTED_EDGE('',*,*,#6386,.T.);
#5549=ORIENTED_EDGE('',*,*,#6448,.T.);
#5550=ORIENTED_EDGE('',*,*,#6457,.T.);
#5551=ORIENTED_EDGE('',*,*,#6458,.F.);
#5552=ORIENTED_EDGE('',*,*,#6351,.T.);
#5553=CARTESIAN_POINT('',(-3.0,15.0,22.0));
#5554=DIRECTION('',(-0.0,1.0,0.0));
#5555=DIRECTION('',(1.0,0.0,0.0));
#5556=SURFACE_STYLE_FILL_AREA(#6459);
#5557=ORIENTED_EDGE('',*,*,#6450,.T.);
#5558=ORIENTED_EDGE('',*,*,#6455,.T.);
#5559=ORIENTED_EDGE('',*,*,#6460,.F.);
#5560=ORIENTED_EDGE('',*,*,#6461,.F.);
#5561=CARTESIAN_POINT('',(0.0,14.0,19.0));
#5562=DIRECTION('',(1.0,0.0,0.0));
#5563=DIRECTION('',(0.0,1.0,0.0));
#5564=SURFACE_STYLE_FILL_AREA(#6462);
#5565=ORIENTED_EDGE('',*,*,#6452,.T.);
#5566=ORIENTED_EDGE('',*,*,#6463,.T.);
#5567=ORIENTED_EDGE('',*,*,#6464,.F.);
#5568=ORIENTED_EDGE('',*,*,#6457,.F.);
#5569=CARTESIAN_POINT('',(0.0,14.0,-19.0));
#5570=DIRECTION('',(1.0,0.0,0.0));
#5571=DIRECTION('',(0.0,0.0,-1.0));
#5572=SURFACE_STYLE_FILL_AREA(#6465);
#5573=ORIENTED_EDGE('',*,*,#6466,.F.);
#5574=ORIENTED_EDGE('',*,*,#6454,.T.);
#5575=ORIENTED_EDGE('',*,*,#6276,.T.);
#5576=ORIENTED_EDGE('',*,*,#6341,.T.);
#5577=ORIENTED_EDGE('',*,*,#6291,.T.);
#5578=CARTESIAN_POINT('',(-2.0,14.0,0.0));
#5579=DIRECTION('',(0.0,0.0,-1.0));
#5580=DIRECTION('',(0.0,1.0,0.0));
#5581=SURFACE_STYLE_FILL_AREA(#6467);
#5582=ORIENTED_EDGE('',*,*,#6458,.T.);
#5583=ORIENTED_EDGE('',*,*,#6468,.T.);
#5584=ORIENTED_EDGE('',*,*,#6369,.T.);
#5585=ORIENTED_EDGE('',*,*,#6412,.T.);
#5586=ORIENTED_EDGE('',*,*,#6354,.T.);
#5587=CARTESIAN_POINT('',(-2.0,14.0,0.0));
#5588=DIRECTION('',(0.0,0.0,-1.0));
#5589=DIRECTION('',(0.0,1.0,0.0));
#5590=SURFACE_STYLE_FILL_AREA(#6469);
#5591=ORIENTED_EDGE('',*,*,#6470,.F.);
#5592=ORIENTED_EDGE('',*,*,#6460,.T.);
#5593=ORIENTED_EDGE('',*,*,#6466,.T.);
#5594=ORIENTED_EDGE('',*,*,#6293,.T.);
#5595=ORIENTED_EDGE('',*,*,#6145,.T.);
#5596=ORIENTED_EDGE('',*,*,#6130,.T.);
#5597=CARTESIAN_POINT('',(-2.0,14.0,19.0));
#5598=DIRECTION('',(0.0,0.0,1.0));
#5599=DIRECTION('',(0.25881904510252,0.965925826289068,-0.0));
#5600=SURFACE_STYLE_FILL_AREA(#6471);
#5601=ORIENTED_EDGE('',*,*,#6468,.F.);
#5602=ORIENTED_EDGE('',*,*,#6464,.T.);
#5603=ORIENTED_EDGE('',*,*,#6472,.F.);
#5604=ORIENTED_EDGE('',*,*,#6214,.T.);
#5605=ORIENTED_EDGE('',*,*,#6230,.T.);
#5606=ORIENTED_EDGE('',*,*,#6371,.T.);
#5607=CARTESIAN_POINT('',(-2.0,14.0,-19.0));
#5608=DIRECTION('',(0.0,0.0,-1.0));
#5609=DIRECTION('',(0.25881904510252,0.965925826289068,0.0));
#5610=SURFACE_STYLE_FILL_AREA(#6473);
#5611=ORIENTED_EDGE('',*,*,#6474,.F.);
#5612=ORIENTED_EDGE('',*,*,#6470,.T.);
#5613=ORIENTED_EDGE('',*,*,#6133,.T.);
#5614=CARTESIAN_POINT('',(-2.0,14.081223290545,19.0));
#5615=DIRECTION('',(0.0,1.0,0.0));
#5616=DIRECTION('',(-1.0,0.0,0.0));
#5617=SURFACE_STYLE_FILL_AREA(#6475);
#5618=ORIENTED_EDGE('',*,*,#6472,.T.);
#5619=ORIENTED_EDGE('',*,*,#6476,.T.);
#5620=ORIENTED_EDGE('',*,*,#6217,.T.);
#5621=CARTESIAN_POINT('',(-2.0,14.081223290545,-19.0));
#5622=DIRECTION('',(0.0,1.0,0.0));
#5623=DIRECTION('',(0.0,0.0,-1.0));
#5624=SURFACE_STYLE_FILL_AREA(#6477);
#5625=ORIENTED_EDGE('',*,*,#6439,.T.);
#5626=ORIENTED_EDGE('',*,*,#6461,.T.);
#5627=ORIENTED_EDGE('',*,*,#6474,.T.);
#5628=ORIENTED_EDGE('',*,*,#6132,.T.);
#5629=ORIENTED_EDGE('',*,*,#6113,.F.);
#5630=ORIENTED_EDGE('',*,*,#6112,.T.);
#5631=ORIENTED_EDGE('',*,*,#6154,.T.);
#5632=ORIENTED_EDGE('',*,*,#6153,.F.);
#5633=ORIENTED_EDGE('',*,*,#6170,.T.);
#5634=CARTESIAN_POINT('',(0.0,0.0,20.0));
#5635=DIRECTION('',(0.0,0.0,1.0));
#5636=DIRECTION('',(1.0,0.0,0.0));
#5637=SURFACE_STYLE_FILL_AREA(#6478);
#5638=ORIENTED_EDGE('',*,*,#6441,.F.);
#5639=ORIENTED_EDGE('',*,*,#6246,.T.);
#5640=ORIENTED_EDGE('',*,*,#6156,.F.);
#5641=ORIENTED_EDGE('',*,*,#6155,.F.);
#5642=ORIENTED_EDGE('',*,*,#6110,.F.);
#5643=ORIENTED_EDGE('',*,*,#6109,.F.);
#5644=ORIENTED_EDGE('',*,*,#6216,.T.);
#5645=ORIENTED_EDGE('',*,*,#6476,.F.);
#5646=ORIENTED_EDGE('',*,*,#6463,.F.);
#5647=CARTESIAN_POINT('',(0.0,0.0,-20.0));
#5648=DIRECTION('',(0.0,0.0,1.0));
#5649=DIRECTION('',(1.0,0.0,0.0));
#5650=SURFACE_STYLE_FILL_AREA(#6479);
#5651=ORIENTED_EDGE('',*,*,#6480,.T.);
#5652=ORIENTED_EDGE('',*,*,#6481,.F.);
#5653=ORIENTED_EDGE('',*,*,#6178,.F.);
#5654=CARTESIAN_POINT('',(2.0,-14.081223290545,19.0));
#5655=DIRECTION('',(0.0,-1.0,0.0));
#5656=DIRECTION('',(0.0,0.0,1.0));
#5657=SURFACE_STYLE_FILL_AREA(#6482);
#5658=ORIENTED_EDGE('',*,*,#6483,.F.);
#5659=ORIENTED_EDGE('',*,*,#6484,.F.);
#5660=ORIENTED_EDGE('',*,*,#6253,.T.);
#5661=CARTESIAN_POINT('',(2.0,-14.081223290545,-19.0));
#5662=DIRECTION('',(0.0,-1.0,0.0));
#5663=DIRECTION('',(1.0,0.0,0.0));
#5664=SURFACE_STYLE_FILL_AREA(#6485);
#5665=ORIENTED_EDGE('',*,*,#6486,.T.);
#5666=ORIENTED_EDGE('',*,*,#6487,.T.);
#5667=ORIENTED_EDGE('',*,*,#6312,.F.);
#5668=ORIENTED_EDGE('',*,*,#6337,.F.);
#5669=ORIENTED_EDGE('',*,*,#6328,.F.);
#5670=CARTESIAN_POINT('',(2.0,-14.0,0.0));
#5671=DIRECTION('',(0.0,0.0,-1.0));
#5672=DIRECTION('',(0.0,-1.0,0.0));
#5673=SURFACE_STYLE_FILL_AREA(#6488);
#5674=ORIENTED_EDGE('',*,*,#6489,.T.);
#5675=ORIENTED_EDGE('',*,*,#6490,.F.);
#5676=ORIENTED_EDGE('',*,*,#6406,.T.);
#5677=ORIENTED_EDGE('',*,*,#6420,.T.);
#5678=ORIENTED_EDGE('',*,*,#6390,.T.);
#5679=CARTESIAN_POINT('',(2.0,-14.0,0.0));
#5680=DIRECTION('',(0.0,0.0,-1.0));
#5681=DIRECTION('',(0.0,-1.0,0.0));
#5682=SURFACE_STYLE_FILL_AREA(#6491);
#5683=ORIENTED_EDGE('',*,*,#6481,.T.);
#5684=ORIENTED_EDGE('',*,*,#6492,.F.);
#5685=ORIENTED_EDGE('',*,*,#6486,.F.);
#5686=ORIENTED_EDGE('',*,*,#6331,.F.);
#5687=ORIENTED_EDGE('',*,*,#6190,.F.);
#5688=ORIENTED_EDGE('',*,*,#6181,.F.);
#5689=CARTESIAN_POINT('',(2.0,-14.0,19.0));
#5690=DIRECTION('',(0.0,0.0,1.0));
#5691=DIRECTION('',(-0.25881904510252,-0.965925826289068,0.0));
#5692=SURFACE_STYLE_FILL_AREA(#6493);
#5693=ORIENTED_EDGE('',*,*,#6490,.T.);
#5694=ORIENTED_EDGE('',*,*,#6494,.F.);
#5695=ORIENTED_EDGE('',*,*,#6483,.T.);
#5696=ORIENTED_EDGE('',*,*,#6258,.T.);
#5697=ORIENTED_EDGE('',*,*,#6266,.T.);
#5698=ORIENTED_EDGE('',*,*,#6408,.T.);
#5699=CARTESIAN_POINT('',(2.0,-14.0,-19.0));
#5700=DIRECTION('',(0.0,0.0,-1.0));
#5701=DIRECTION('',(-0.25881904510252,-0.965925826289068,-0.0));
#5702=SURFACE_STYLE_FILL_AREA(#6495);
#5703=ORIENTED_EDGE('',*,*,#6496,.T.);
#5704=ORIENTED_EDGE('',*,*,#6279,.F.);
#5705=ORIENTED_EDGE('',*,*,#6315,.F.);
#5706=ORIENTED_EDGE('',*,*,#6487,.F.);
#5707=ORIENTED_EDGE('',*,*,#6497,.T.);
#5708=CARTESIAN_POINT('',(-3.0,-15.0,22.0));
#5709=DIRECTION('',(-0.0,1.0,0.0));
#5710=DIRECTION('',(1.0,0.0,0.0));
#5711=SURFACE_STYLE_FILL_AREA(#6498);
#5712=ORIENTED_EDGE('',*,*,#6489,.F.);
#5713=ORIENTED_EDGE('',*,*,#6392,.T.);
#5714=ORIENTED_EDGE('',*,*,#6358,.T.);
#5715=ORIENTED_EDGE('',*,*,#6499,.T.);
#5716=ORIENTED_EDGE('',*,*,#6500,.F.);
#5717=CARTESIAN_POINT('',(-3.0,-15.0,22.0));
#5718=DIRECTION('',(-0.0,1.0,0.0));
#5719=DIRECTION('',(1.0,0.0,0.0));
#5720=SURFACE_STYLE_FILL_AREA(#6501);
#5721=ORIENTED_EDGE('',*,*,#6492,.T.);
#5722=ORIENTED_EDGE('',*,*,#6502,.T.);
#5723=ORIENTED_EDGE('',*,*,#6503,.F.);
#5724=ORIENTED_EDGE('',*,*,#6497,.F.);
#5725=CARTESIAN_POINT('',(0.0,-14.0,19.0));
#5726=DIRECTION('',(1.0,0.0,-0.0));
#5727=DIRECTION('',(0.0,0.0,1.0));
#5728=SURFACE_STYLE_FILL_AREA(#6504);
#5729=ORIENTED_EDGE('',*,*,#6494,.T.);
#5730=ORIENTED_EDGE('',*,*,#6500,.T.);
#5731=ORIENTED_EDGE('',*,*,#6505,.F.);
#5732=ORIENTED_EDGE('',*,*,#6506,.F.);
#5733=CARTESIAN_POINT('',(0.0,-14.0,-19.0));
#5734=DIRECTION('',(1.0,0.0,0.0));
#5735=DIRECTION('',(0.0,-1.0,0.0));
#5736=SURFACE_STYLE_FILL_AREA(#6507);
#5737=ORIENTED_EDGE('',*,*,#6496,.F.);
#5738=ORIENTED_EDGE('',*,*,#6508,.T.);
#5739=ORIENTED_EDGE('',*,*,#6296,.F.);
#5740=ORIENTED_EDGE('',*,*,#6343,.F.);
#5741=ORIENTED_EDGE('',*,*,#6282,.F.);
#5742=CARTESIAN_POINT('',(-2.0,-14.0,0.0));
#5743=DIRECTION('',(0.0,0.0,-1.0));
#5744=DIRECTION('',(-1.0,0.0,0.0));
#5745=SURFACE_STYLE_FILL_AREA(#6509);
#5746=ORIENTED_EDGE('',*,*,#6510,.F.);
#5747=ORIENTED_EDGE('',*,*,#6499,.F.);
#5748=ORIENTED_EDGE('',*,*,#6361,.T.);
#5749=ORIENTED_EDGE('',*,*,#6414,.T.);
#5750=ORIENTED_EDGE('',*,*,#6375,.T.);
#5751=CARTESIAN_POINT('',(-2.0,-14.0,0.0));
#5752=DIRECTION('',(0.0,0.0,-1.0));
#5753=DIRECTION('',(-1.0,0.0,0.0));
#5754=SURFACE_STYLE_FILL_AREA(#6511);
#5755=ORIENTED_EDGE('',*,*,#6508,.F.);
#5756=ORIENTED_EDGE('',*,*,#6503,.T.);
#5757=ORIENTED_EDGE('',*,*,#6512,.F.);
#5758=ORIENTED_EDGE('',*,*,#6136,.F.);
#5759=ORIENTED_EDGE('',*,*,#6148,.F.);
#5760=ORIENTED_EDGE('',*,*,#6299,.F.);
#5761=CARTESIAN_POINT('',(-2.0,-14.0,19.0));
#5762=DIRECTION('',(0.0,0.0,1.0));
#5763=DIRECTION('',(-0.965925826289069,0.25881904510252,0.0));
#5764=SURFACE_STYLE_FILL_AREA(#6513);
#5765=ORIENTED_EDGE('',*,*,#6514,.F.);
#5766=ORIENTED_EDGE('',*,*,#6505,.T.);
#5767=ORIENTED_EDGE('',*,*,#6510,.T.);
#5768=ORIENTED_EDGE('',*,*,#6377,.T.);
#5769=ORIENTED_EDGE('',*,*,#6233,.T.);
#5770=ORIENTED_EDGE('',*,*,#6221,.T.);
#5771=CARTESIAN_POINT('',(-2.0,-14.0,-19.0));
#5772=DIRECTION('',(0.0,0.0,-1.0));
#5773=DIRECTION('',(-0.965925826289069,0.25881904510252,0.0));
#5774=SURFACE_STYLE_FILL_AREA(#6515);
#5775=ORIENTED_EDGE('',*,*,#6512,.T.);
#5776=ORIENTED_EDGE('',*,*,#6516,.T.);
#5777=ORIENTED_EDGE('',*,*,#6139,.F.);
#5778=CARTESIAN_POINT('',(-2.0,-14.081223290545,19.0));
#5779=DIRECTION('',(0.0,1.0,0.0));
#5780=DIRECTION('',(0.0,0.0,1.0));
#5781=SURFACE_STYLE_FILL_AREA(#6517);
#5782=ORIENTED_EDGE('',*,*,#6518,.F.);
#5783=ORIENTED_EDGE('',*,*,#6514,.T.);
#5784=ORIENTED_EDGE('',*,*,#6224,.T.);
#5785=CARTESIAN_POINT('',(-2.0,-14.081223290545,-19.0));
#5786=DIRECTION('',(0.0,1.0,0.0));
#5787=DIRECTION('',(-1.0,0.0,0.0));
#5788=SURFACE_STYLE_FILL_AREA(#6519);
#5789=ORIENTED_EDGE('',*,*,#6516,.F.);
#5790=ORIENTED_EDGE('',*,*,#6502,.F.);
#5791=ORIENTED_EDGE('',*,*,#6480,.F.);
#5792=ORIENTED_EDGE('',*,*,#6177,.T.);
#5793=ORIENTED_EDGE('',*,*,#6055,.F.);
#5794=ORIENTED_EDGE('',*,*,#6054,.F.);
#5795=ORIENTED_EDGE('',*,*,#6093,.F.);
#5796=ORIENTED_EDGE('',*,*,#6092,.F.);
#5797=ORIENTED_EDGE('',*,*,#6140,.T.);
#5798=CARTESIAN_POINT('',(0.0,0.0,20.0));
#5799=DIRECTION('',(0.0,0.0,1.0));
#5800=DIRECTION('',(1.0,0.0,0.0));
#5801=SURFACE_STYLE_FILL_AREA(#6520);
#5802=ORIENTED_EDGE('',*,*,#6518,.T.);
#5803=ORIENTED_EDGE('',*,*,#6223,.T.);
#5804=ORIENTED_EDGE('',*,*,#6095,.F.);
#5805=ORIENTED_EDGE('',*,*,#6094,.T.);
#5806=ORIENTED_EDGE('',*,*,#6052,.T.);
#5807=ORIENTED_EDGE('',*,*,#6051,.F.);
#5808=ORIENTED_EDGE('',*,*,#6254,.T.);
#5809=ORIENTED_EDGE('',*,*,#6484,.T.);
#5810=ORIENTED_EDGE('',*,*,#6506,.T.);
#5811=CARTESIAN_POINT('',(0.0,0.0,-20.0));
#5812=DIRECTION('',(0.0,0.0,1.0));
#5813=DIRECTION('',(1.0,0.0,0.0));
#5814=SURFACE_STYLE_FILL_AREA(#6521);
#5815=FILL_AREA_STYLE('',(#6522));
#5816=EDGE_CURVE('',#6523,#6524,#6525,.T.);
#5817=EDGE_CURVE('',#6526,#6523,#6527,.F.);
#5818=EDGE_CURVE('',#6528,#6526,#6529,.F.);
#5819=EDGE_CURVE('',#6528,#6530,#6531,.F.);
#5820=EDGE_CURVE('',#6530,#6532,#6533,.T.);
#5821=EDGE_CURVE('',#6532,#6524,#6534,.T.);
#5822=FILL_AREA_STYLE('',(#6535));
#5823=EDGE_CURVE('',#6536,#6537,#6538,.T.);
#5824=EDGE_CURVE('',#6539,#6536,#6540,.T.);
#5825=EDGE_CURVE('',#6541,#6539,#6542,.T.);
#5826=EDGE_CURVE('',#6541,#6543,#6544,.F.);
#5827=EDGE_CURVE('',#6543,#6545,#6546,.F.);
#5828=EDGE_CURVE('',#6545,#6537,#6547,.F.);
#5829=FILL_AREA_STYLE('',(#6548));
#5830=EDGE_CURVE('',#6539,#6549,#6550,.T.);
#5831=EDGE_CURVE('',#6536,#6528,#6551,.T.);
#5832=EDGE_CURVE('',#6528,#6552,#6553,.F.);
#5833=EDGE_CURVE('',#6549,#6552,#6554,.T.);
#5834=FILL_AREA_STYLE('',(#6555));
#5835=EDGE_CURVE('',#6545,#6556,#6557,.T.);
#5836=EDGE_CURVE('',#6558,#6543,#6559,.F.);
#5837=EDGE_CURVE('',#6558,#6556,#6560,.T.);
#5838=FILL_AREA_STYLE('',(#6561));
#5839=EDGE_CURVE('',#6526,#6562,#6563,.T.);
#5840=EDGE_CURVE('',#6523,#6541,#6564,.F.);
#5841=EDGE_CURVE('',#6541,#6565,#6566,.F.);
#5842=EDGE_CURVE('',#6565,#6567,#6568,.T.);
#5843=EDGE_CURVE('',#6567,#6562,#6569,.T.);
#5844=FILL_AREA_STYLE('',(#6570));
#5845=EDGE_CURVE('',#6532,#6571,#6572,.T.);
#5846=EDGE_CURVE('',#6573,#6530,#6574,.F.);
#5847=EDGE_CURVE('',#6571,#6573,#6575,.T.);
#5848=FILL_AREA_STYLE('',(#6576));
#5849=EDGE_CURVE('',#6577,#6578,#6579,.T.);
#5850=EDGE_CURVE('',#6580,#6577,#6581,.T.);
#5851=EDGE_CURVE('',#6582,#6580,#6583,.T.);
#5852=EDGE_CURVE('',#6582,#6584,#6585,.F.);
#5853=EDGE_CURVE('',#6584,#6586,#6587,.F.);
#5854=EDGE_CURVE('',#6586,#6578,#6588,.F.);
#5855=FILL_AREA_STYLE('',(#6589));
#5856=EDGE_CURVE('',#6590,#6591,#6592,.T.);
#5857=EDGE_CURVE('',#6593,#6590,#6594,.F.);
#5858=EDGE_CURVE('',#6595,#6593,#6596,.F.);
#5859=EDGE_CURVE('',#6595,#6597,#6598,.F.);
#5860=EDGE_CURVE('',#6597,#6599,#6600,.T.);
#5861=EDGE_CURVE('',#6599,#6591,#6601,.T.);
#5862=FILL_AREA_STYLE('',(#6602));
#5863=EDGE_CURVE('',#6599,#6603,#6604,.T.);
#5864=EDGE_CURVE('',#6597,#6605,#6606,.F.);
#5865=EDGE_CURVE('',#6605,#6607,#6608,.T.);
#5866=EDGE_CURVE('',#6607,#6603,#6609,.T.);
#5867=FILL_AREA_STYLE('',(#6610));
#5868=EDGE_CURVE('',#6593,#6611,#6612,.T.);
#5869=EDGE_CURVE('',#6590,#6582,#6613,.F.);
#5870=EDGE_CURVE('',#6614,#6582,#6615,.F.);
#5871=EDGE_CURVE('',#6611,#6614,#6616,.T.);
#5872=FILL_AREA_STYLE('',(#6617));
#5873=EDGE_CURVE('',#6586,#6618,#6619,.T.);
#5874=EDGE_CURVE('',#6584,#6620,#6621,.F.);
#5875=EDGE_CURVE('',#6618,#6620,#6622,.T.);
#5876=FILL_AREA_STYLE('',(#6623));
#5877=EDGE_CURVE('',#6580,#6624,#6625,.T.);
#5878=EDGE_CURVE('',#6577,#6595,#6626,.T.);
#5879=EDGE_CURVE('',#6627,#6595,#6628,.F.);
#5880=EDGE_CURVE('',#6627,#6624,#6629,.T.);
#5881=FILL_AREA_STYLE('',(#6630));
#5882=EDGE_CURVE('',#6631,#6632,#6633,.T.);
#5883=EDGE_CURVE('',#6631,#6634,#6635,.F.);
#5884=EDGE_CURVE('',#6634,#6636,#6637,.F.);
#5885=EDGE_CURVE('',#6638,#6636,#6639,.T.);
#5886=EDGE_CURVE('',#6640,#6638,#6641,.T.);
#5887=EDGE_CURVE('',#6632,#6640,#6642,.T.);
#5888=FILL_AREA_STYLE('',(#6643));
#5889=EDGE_CURVE('',#6644,#6645,#6646,.T.);
#5890=EDGE_CURVE('',#6647,#6644,#6648,.F.);
#5891=EDGE_CURVE('',#6649,#6647,#6650,.F.);
#5892=EDGE_CURVE('',#6651,#6649,#6652,.T.);
#5893=EDGE_CURVE('',#6651,#6653,#6654,.T.);
#5894=EDGE_CURVE('',#6653,#6645,#6655,.T.);
#5895=FILL_AREA_STYLE('',(#6656));
#5896=EDGE_CURVE('',#6640,#6657,#6658,.T.);
#5897=EDGE_CURVE('',#6659,#6638,#6660,.F.);
#5898=EDGE_CURVE('',#6661,#6659,#6662,.F.);
#5899=EDGE_CURVE('',#6663,#6661,#6664,.T.);
#5900=EDGE_CURVE('',#6657,#6663,#6665,.T.);
#5901=FILL_AREA_STYLE('',(#6666));
#5902=EDGE_CURVE('',#6634,#6667,#6668,.T.);
#5903=EDGE_CURVE('',#6669,#6631,#6670,.F.);
#5904=EDGE_CURVE('',#6671,#6669,#6672,.F.);
#5905=EDGE_CURVE('',#6673,#6671,#6674,.F.);
#5906=EDGE_CURVE('',#6675,#6673,#6676,.F.);
#5907=EDGE_CURVE('',#6675,#6677,#6678,.F.);
#5908=EDGE_CURVE('',#6677,#6667,#6679,.F.);
#5909=FILL_AREA_STYLE('',(#6680));
#5910=EDGE_CURVE('',#6681,#6647,#6682,.T.);
#5911=EDGE_CURVE('',#6681,#6683,#6684,.T.);
#5912=EDGE_CURVE('',#6683,#6685,#6686,.T.);
#5913=EDGE_CURVE('',#6687,#6685,#6688,.F.);
#5914=EDGE_CURVE('',#6649,#6687,#6689,.F.);
#5915=FILL_AREA_STYLE('',(#6690));
#5916=EDGE_CURVE('',#6653,#6691,#6692,.T.);
#5917=EDGE_CURVE('',#6693,#6651,#6694,.T.);
#5918=EDGE_CURVE('',#6695,#6693,#6696,.F.);
#5919=EDGE_CURVE('',#6697,#6695,#6698,.F.);
#5920=EDGE_CURVE('',#6691,#6697,#6699,.F.);
#5921=FILL_AREA_STYLE('',(#6700));
#5922=EDGE_CURVE('',#6701,#6702,#6703,.T.);
#5923=EDGE_CURVE('',#6701,#6704,#6705,.F.);
#5924=EDGE_CURVE('',#6704,#6706,#6707,.F.);
#5925=EDGE_CURVE('',#6706,#6708,#6709,.T.);
#5926=EDGE_CURVE('',#6710,#6708,#6711,.T.);
#5927=EDGE_CURVE('',#6702,#6710,#6712,.T.);
#5928=FILL_AREA_STYLE('',(#6713));
#5929=EDGE_CURVE('',#6714,#6715,#6716,.T.);
#5930=EDGE_CURVE('',#6717,#6714,#6718,.F.);
#5931=EDGE_CURVE('',#6719,#6717,#6720,.F.);
#5932=EDGE_CURVE('',#6719,#6721,#6722,.T.);
#5933=EDGE_CURVE('',#6721,#6723,#6724,.T.);
#5934=EDGE_CURVE('',#6723,#6715,#6725,.T.);
#5935=FILL_AREA_STYLE('',(#6726));
#5936=EDGE_CURVE('',#6727,#6717,#6728,.T.);
#5937=EDGE_CURVE('',#6727,#6729,#6730,.T.);
#5938=EDGE_CURVE('',#6729,#6731,#6732,.T.);
#5939=EDGE_CURVE('',#6731,#6733,#6734,.F.);
#5940=EDGE_CURVE('',#6733,#6719,#6735,.T.);
#5941=FILL_AREA_STYLE('',(#6736));
#5942=EDGE_CURVE('',#6723,#6737,#6738,.T.);
#5943=EDGE_CURVE('',#6721,#6739,#6740,.T.);
#5944=EDGE_CURVE('',#6739,#6741,#6742,.F.);
#5945=EDGE_CURVE('',#6743,#6741,#6744,.F.);
#5946=EDGE_CURVE('',#6737,#6743,#6745,.F.);
#5947=FILL_AREA_STYLE('',(#6746));
#5948=EDGE_CURVE('',#6710,#6747,#6748,.T.);
#5949=EDGE_CURVE('',#6708,#6749,#6750,.T.);
#5950=EDGE_CURVE('',#6749,#6751,#6752,.F.);
#5951=EDGE_CURVE('',#6753,#6751,#6754,.T.);
#5952=EDGE_CURVE('',#6747,#6753,#6755,.T.);
#5953=FILL_AREA_STYLE('',(#6756));
#5954=EDGE_CURVE('',#6704,#6757,#6758,.T.);
#5955=EDGE_CURVE('',#6759,#6701,#6760,.F.);
#5956=EDGE_CURVE('',#6761,#6759,#6762,.F.);
#5957=EDGE_CURVE('',#6763,#6761,#6764,.F.);
#5958=EDGE_CURVE('',#6765,#6763,#6766,.F.);
#5959=EDGE_CURVE('',#6765,#6767,#6768,.F.);
#5960=EDGE_CURVE('',#6767,#6757,#6769,.F.);
#5961=FILL_AREA_STYLE('',(#6770));
#5962=EDGE_CURVE('',#6771,#6663,#6772,.T.);
#5963=EDGE_CURVE('',#6773,#6771,#6774,.T.);
#5964=EDGE_CURVE('',#6775,#6773,#6776,.T.);
#5965=EDGE_CURVE('',#6777,#6775,#6778,.F.);
#5966=EDGE_CURVE('',#6777,#6657,#6779,.T.);
#5967=FILL_AREA_STYLE('',(#6780));
#5968=EDGE_CURVE('',#6781,#6773,#6782,.T.);
#5969=EDGE_CURVE('',#6783,#6781,#6784,.T.);
#5970=EDGE_CURVE('',#6785,#6783,#6786,.T.);
#5971=EDGE_CURVE('',#6775,#6785,#6787,.T.);
#5972=FILL_AREA_STYLE('',(#6788));
#5973=EDGE_CURVE('',#6789,#6677,#6790,.T.);
#5974=EDGE_CURVE('',#6789,#6791,#6792,.T.);
#5975=EDGE_CURVE('',#6791,#6793,#6794,.T.);
#5976=EDGE_CURVE('',#6793,#6697,#6795,.T.);
#5977=EDGE_CURVE('',#6667,#6697,#6796,.F.);
#5978=FILL_AREA_STYLE('',(#6797));
#5979=EDGE_CURVE('',#6798,#6791,#6799,.T.);
#5980=EDGE_CURVE('',#6798,#6800,#6801,.T.);
#5981=EDGE_CURVE('',#6800,#6793,#6802,.F.);
#5982=FILL_AREA_STYLE('',(#6803));
#5983=EDGE_CURVE('',#6804,#6805,#6806,.T.);
#5984=EDGE_CURVE('',#6804,#6549,#6807,.T.);
#5985=EDGE_CURVE('',#6552,#6808,#6809,.T.);
#5986=EDGE_CURVE('',#6810,#6808,#6811,.T.);
#5987=EDGE_CURVE('',#6805,#6810,#6812,.T.);
#5988=FILL_AREA_STYLE('',(#6813));
#5989=EDGE_CURVE('',#6810,#6814,#6815,.T.);
#5990=EDGE_CURVE('',#6808,#6816,#6817,.T.);
#5991=EDGE_CURVE('',#6814,#6816,#6818,.T.);
#5992=FILL_AREA_STYLE('',(#6819));
#5993=EDGE_CURVE('',#6820,#6683,#6821,.T.);
#5994=EDGE_CURVE('',#6820,#6822,#6823,.T.);
#5995=EDGE_CURVE('',#6685,#6822,#6824,.T.);
#5996=FILL_AREA_STYLE('',(#6825));
#5997=EDGE_CURVE('',#6826,#6827,#6828,.T.);
#5998=EDGE_CURVE('',#6826,#6829,#6830,.T.);
#5999=EDGE_CURVE('',#6831,#6829,#6832,.F.);
#6000=EDGE_CURVE('',#6822,#6831,#6833,.F.);
#6001=EDGE_CURVE('',#6827,#6820,#6834,.T.);
#6002=FILL_AREA_STYLE('',(#6835));
#6003=EDGE_CURVE('',#6836,#6837,#6838,.T.);
#6004=EDGE_CURVE('',#6839,#6836,#6840,.T.);
#6005=EDGE_CURVE('',#6675,#6839,#6841,.F.);
#6006=EDGE_CURVE('',#6675,#6837,#6842,.F.);
#6007=FILL_AREA_STYLE('',(#6843));
#6008=EDGE_CURVE('',#6844,#6845,#6846,.T.);
#6009=EDGE_CURVE('',#6844,#6793,#6847,.T.);
#6010=EDGE_CURVE('',#6845,#6800,#6848,.T.);
#6011=FILL_AREA_STYLE('',(#6849));
#6012=EDGE_CURVE('',#6567,#6850,#6851,.T.);
#6013=EDGE_CURVE('',#6852,#6565,#6853,.F.);
#6014=EDGE_CURVE('',#6852,#6850,#6854,.T.);
#6015=FILL_AREA_STYLE('',(#6855));
#6016=EDGE_CURVE('',#6856,#6857,#6858,.T.);
#6017=EDGE_CURVE('',#6856,#6816,#6859,.T.);
#6018=EDGE_CURVE('',#6857,#6808,#6860,.T.);
#6019=FILL_AREA_STYLE('',(#6861));
#6020=EDGE_CURVE('',#6862,#6729,#6863,.T.);
#6021=EDGE_CURVE('',#6862,#6864,#6865,.T.);
#6022=EDGE_CURVE('',#6864,#6731,#6866,.T.);
#6023=FILL_AREA_STYLE('',(#6867));
#6024=EDGE_CURVE('',#6868,#6869,#6870,.T.);
#6025=EDGE_CURVE('',#6868,#6871,#6872,.T.);
#6026=EDGE_CURVE('',#6871,#6873,#6874,.F.);
#6027=EDGE_CURVE('',#6873,#6864,#6875,.F.);
#6028=EDGE_CURVE('',#6869,#6862,#6876,.T.);
#6029=FILL_AREA_STYLE('',(#6877));
#6030=EDGE_CURVE('',#6878,#6879,#6880,.T.);
#6031=EDGE_CURVE('',#6881,#6878,#6882,.T.);
#6032=EDGE_CURVE('',#6765,#6881,#6883,.F.);
#6033=EDGE_CURVE('',#6765,#6879,#6884,.F.);
#6034=FILL_AREA_STYLE('',(#6885));
#6035=EDGE_CURVE('',#6886,#6887,#6888,.T.);
#6036=EDGE_CURVE('',#6886,#6889,#6890,.T.);
#6037=EDGE_CURVE('',#6891,#6889,#6892,.T.);
#6038=EDGE_CURVE('',#6887,#6891,#6893,.T.);
#6039=FILL_AREA_STYLE('',(#6894));
#6040=EDGE_CURVE('',#6607,#6895,#6896,.T.);
#6041=EDGE_CURVE('',#6897,#6605,#6898,.F.);
#6042=EDGE_CURVE('',#6897,#6895,#6899,.T.);
#6043=FILL_AREA_STYLE('',(#6900));
#6044=EDGE_CURVE('',#6901,#6902,#6903,.T.);
#6045=EDGE_CURVE('',#6901,#6904,#6905,.T.);
#6046=EDGE_CURVE('',#6906,#6904,#6907,.F.);
#6047=EDGE_CURVE('',#6902,#6906,#6908,.T.);
#6048=FILL_AREA_STYLE('',(#6909));
#6049=EDGE_CURVE('',#6781,#6868,#6910,.T.);
#6050=EDGE_CURVE('',#6781,#6911,#6912,.T.);
#6051=EDGE_CURVE('',#6911,#6913,#6914,.F.);
#6052=EDGE_CURVE('',#6915,#6913,#6916,.F.);
#6053=EDGE_CURVE('',#6915,#6917,#6918,.T.);
#6054=EDGE_CURVE('',#6917,#6919,#6920,.F.);
#6055=EDGE_CURVE('',#6919,#6871,#6921,.T.);
#6056=FILL_AREA_STYLE('',(#6922));
#6057=EDGE_CURVE('',#6611,#6556,#6923,.T.);
#6058=EDGE_CURVE('',#6614,#6573,#6924,.F.);
#6059=EDGE_CURVE('',#6556,#6573,#6925,.T.);
#6060=FILL_AREA_STYLE('',(#6926));
#6061=EDGE_CURVE('',#6927,#6753,#6928,.T.);
#6062=EDGE_CURVE('',#6929,#6927,#6930,.T.);
#6063=EDGE_CURVE('',#6931,#6929,#6932,.T.);
#6064=EDGE_CURVE('',#6933,#6931,#6934,.F.);
#6065=EDGE_CURVE('',#6933,#6747,#6935,.T.);
#6066=FILL_AREA_STYLE('',(#6936));
#6067=EDGE_CURVE('',#6937,#6929,#6938,.T.);
#6068=EDGE_CURVE('',#6939,#6937,#6940,.T.);
#6069=EDGE_CURVE('',#6941,#6939,#6942,.T.);
#6070=EDGE_CURVE('',#6931,#6941,#6943,.T.);
#6071=FILL_AREA_STYLE('',(#6944));
#6072=EDGE_CURVE('',#6945,#6767,#6946,.T.);
#6073=EDGE_CURVE('',#6945,#6947,#6948,.T.);
#6074=EDGE_CURVE('',#6947,#6889,#6949,.T.);
#6075=EDGE_CURVE('',#6889,#6743,#6950,.T.);
#6076=EDGE_CURVE('',#6757,#6743,#6951,.F.);
#6077=FILL_AREA_STYLE('',(#6952));
#6078=EDGE_CURVE('',#6953,#6947,#6954,.T.);
#6079=EDGE_CURVE('',#6953,#6891,#6955,.T.);
#6080=FILL_AREA_STYLE('',(#6956));
#6081=EDGE_CURVE('',#6957,#6958,#6959,.T.);
#6082=EDGE_CURVE('',#6957,#6618,#6960,.T.);
#6083=EDGE_CURVE('',#6620,#6906,#6961,.T.);
#6084=EDGE_CURVE('',#6962,#6906,#6963,.T.);
#6085=EDGE_CURVE('',#6958,#6962,#6964,.T.);
#6086=FILL_AREA_STYLE('',(#6965));
#6087=EDGE_CURVE('',#6962,#6966,#6967,.T.);
#6088=EDGE_CURVE('',#6966,#6904,#6968,.T.);
#6089=FILL_AREA_STYLE('',(#6969));
#6090=EDGE_CURVE('',#6937,#6826,#6970,.T.);
#6091=EDGE_CURVE('',#6937,#6971,#6972,.T.);
#6092=EDGE_CURVE('',#6971,#6973,#6974,.T.);
#6093=EDGE_CURVE('',#6973,#6917,#6975,.T.);
#6094=EDGE_CURVE('',#6976,#6915,#6977,.T.);
#6095=EDGE_CURVE('',#6976,#6829,#6978,.F.);
#6096=FILL_AREA_STYLE('',(#6979));
#6097=EDGE_CURVE('',#6571,#6624,#6980,.T.);
#6098=EDGE_CURVE('',#6624,#6614,#6981,.T.);
#6099=FILL_AREA_STYLE('',(#6982));
#6100=EDGE_CURVE('',#6627,#6558,#6983,.F.);
#6101=EDGE_CURVE('',#6558,#6571,#6984,.T.);
#6102=FILL_AREA_STYLE('',(#6985));
#6103=EDGE_CURVE('',#6986,#6966,#6987,.T.);
#6104=EDGE_CURVE('',#6986,#6901,#6988,.T.);
#6105=EDGE_CURVE('',#6989,#6887,#6990,.T.);
#6106=EDGE_CURVE('',#6989,#6953,#6991,.T.);
#6107=FILL_AREA_STYLE('',(#6992));
#6108=EDGE_CURVE('',#6993,#6826,#6994,.T.);
#6109=EDGE_CURVE('',#6993,#6995,#6996,.F.);
#6110=EDGE_CURVE('',#6995,#6997,#6998,.F.);
#6111=EDGE_CURVE('',#6997,#6999,#7000,.T.);
#6112=EDGE_CURVE('',#7001,#6999,#7002,.F.);
#6113=EDGE_CURVE('',#7001,#6939,#7003,.T.);
#6114=FILL_AREA_STYLE('',(#7004));
#6115=EDGE_CURVE('',#6897,#6986,#7005,.F.);
#6116=EDGE_CURVE('',#6897,#6958,#7006,.T.);
#6117=FILL_AREA_STYLE('',(#7007));
#6118=EDGE_CURVE('',#6605,#6957,#7008,.T.);
#6119=FILL_AREA_STYLE('',(#7009));
#6120=EDGE_CURVE('',#6881,#6945,#7010,.T.);
#6121=EDGE_CURVE('',#6989,#6881,#7011,.T.);
#6122=FILL_AREA_STYLE('',(#7012));
#6123=FILL_AREA_STYLE('',(#7013));
#6124=EDGE_CURVE('',#6927,#7014,#7015,.T.);
#6125=EDGE_CURVE('',#7014,#7016,#7017,.T.);
#6126=EDGE_CURVE('',#7016,#6971,#7018,.T.);
#6127=FILL_AREA_STYLE('',(#7019));
#6128=EDGE_CURVE('',#6931,#7020,#7021,.F.);
#6129=EDGE_CURVE('',#6941,#7022,#7023,.F.);
#6130=EDGE_CURVE('',#7020,#7022,#7024,.T.);
#6131=FILL_AREA_STYLE('',(#7025));
#6132=EDGE_CURVE('',#7026,#6939,#7027,.F.);
#6133=EDGE_CURVE('',#7022,#7026,#7028,.T.);
#6134=FILL_AREA_STYLE('',(#7029));
#6135=EDGE_CURVE('',#7030,#7014,#7031,.F.);
#6136=EDGE_CURVE('',#7030,#7032,#7033,.T.);
#6137=EDGE_CURVE('',#7032,#7016,#7034,.F.);
#6138=FILL_AREA_STYLE('',(#7035));
#6139=EDGE_CURVE('',#7032,#7036,#7037,.T.);
#6140=EDGE_CURVE('',#6971,#7036,#7038,.T.);
#6141=FILL_AREA_STYLE('',(#7039));
#6142=EDGE_CURVE('',#6751,#7014,#7040,.F.);
#6143=FILL_AREA_STYLE('',(#7041));
#6144=EDGE_CURVE('',#6933,#7042,#7043,.F.);
#6145=EDGE_CURVE('',#7042,#7020,#7044,.F.);
#6146=FILL_AREA_STYLE('',(#7045));
#6147=EDGE_CURVE('',#7046,#6751,#7047,.F.);
#6148=EDGE_CURVE('',#7046,#7030,#7048,.F.);
#6149=FILL_AREA_STYLE('',(#7049));
#6150=EDGE_CURVE('',#6627,#6611,#7050,.T.);
#6151=FILL_AREA_STYLE('',(#7051));
#6152=EDGE_CURVE('',#7052,#6868,#7053,.T.);
#6153=EDGE_CURVE('',#7052,#7054,#7055,.T.);
#6154=EDGE_CURVE('',#6999,#7054,#7056,.T.);
#6155=EDGE_CURVE('',#6997,#7057,#7058,.T.);
#6156=EDGE_CURVE('',#7057,#6783,#7059,.F.);
#6157=FILL_AREA_STYLE('',(#7060));
#6158=EDGE_CURVE('',#6895,#6902,#7061,.T.);
#6159=FILL_AREA_STYLE('',(#7062));
#6160=EDGE_CURVE('',#6603,#6620,#7063,.T.);
#6161=FILL_AREA_STYLE('',(#7064));
#6162=EDGE_CURVE('',#6878,#6886,#7065,.T.);
#6163=FILL_AREA_STYLE('',(#7066));
#6164=EDGE_CURVE('',#6879,#6737,#7067,.F.);
#6165=FILL_AREA_STYLE('',(#7068));
#6166=EDGE_CURVE('',#7069,#6869,#7070,.T.);
#6167=EDGE_CURVE('',#7071,#7069,#7072,.F.);
#6168=EDGE_CURVE('',#7052,#7071,#7073,.F.);
#6169=FILL_AREA_STYLE('',(#7074));
#6170=EDGE_CURVE('',#7052,#7075,#7076,.T.);
#6171=EDGE_CURVE('',#7071,#7077,#7078,.F.);
#6172=EDGE_CURVE('',#7075,#7077,#7079,.F.);
#6173=FILL_AREA_STYLE('',(#7080));
#6174=EDGE_CURVE('',#7069,#7081,#7082,.F.);
#6175=EDGE_CURVE('',#7077,#7081,#7083,.F.);
#6176=FILL_AREA_STYLE('',(#7084));
#6177=EDGE_CURVE('',#7085,#6871,#7086,.F.);
#6178=EDGE_CURVE('',#7085,#7087,#7088,.F.);
#6179=EDGE_CURVE('',#7087,#6873,#7089,.F.);
#6180=FILL_AREA_STYLE('',(#7090));
#6181=EDGE_CURVE('',#7087,#7091,#7092,.F.);
#6182=EDGE_CURVE('',#7091,#6864,#7093,.F.);
#6183=FILL_AREA_STYLE('',(#7094));
#6184=EDGE_CURVE('',#7095,#6727,#7096,.T.);
#6185=EDGE_CURVE('',#7069,#7095,#7097,.T.);
#6186=FILL_AREA_STYLE('',(#7098));
#6187=EDGE_CURVE('',#7095,#7099,#7100,.F.);
#6188=EDGE_CURVE('',#7081,#7099,#7101,.T.);
#6189=FILL_AREA_STYLE('',(#7102));
#6190=EDGE_CURVE('',#7091,#7103,#7104,.T.);
#6191=EDGE_CURVE('',#7103,#6731,#7105,.F.);
#6192=FILL_AREA_STYLE('',(#7106));
#6193=EDGE_CURVE('',#7107,#6814,#7108,.T.);
#6194=EDGE_CURVE('',#7107,#6856,#7109,.T.);
#6195=EDGE_CURVE('',#7110,#6845,#7111,.T.);
#6196=EDGE_CURVE('',#7110,#6798,#7112,.T.);
#6197=FILL_AREA_STYLE('',(#7113));
#6198=EDGE_CURVE('',#6850,#6857,#7114,.T.);
#6199=EDGE_CURVE('',#6852,#7107,#7115,.T.);
#6200=FILL_AREA_STYLE('',(#7116));
#6201=EDGE_CURVE('',#6562,#6552,#7117,.T.);
#6202=FILL_AREA_STYLE('',(#7118));
#6203=EDGE_CURVE('',#7110,#6839,#7119,.F.);
#6204=EDGE_CURVE('',#6836,#6844,#7120,.T.);
#6205=FILL_AREA_STYLE('',(#7121));
#6206=EDGE_CURVE('',#6837,#6691,#7122,.F.);
#6207=FILL_AREA_STYLE('',(#7123));
#6208=EDGE_CURVE('',#7124,#6827,#7125,.T.);
#6209=EDGE_CURVE('',#7126,#7124,#7127,.F.);
#6210=EDGE_CURVE('',#6993,#7126,#7128,.F.);
#6211=FILL_AREA_STYLE('',(#7129));
#6212=EDGE_CURVE('',#7126,#7130,#7131,.F.);
#6213=EDGE_CURVE('',#7124,#7132,#7133,.F.);
#6214=EDGE_CURVE('',#7130,#7132,#7134,.F.);
#6215=FILL_AREA_STYLE('',(#7135));
#6216=EDGE_CURVE('',#6993,#7136,#7137,.T.);
#6217=EDGE_CURVE('',#7136,#7130,#7138,.F.);
#6218=FILL_AREA_STYLE('',(#7139));
#6219=EDGE_CURVE('',#6822,#7140,#7141,.F.);
#6220=EDGE_CURVE('',#6831,#7142,#7143,.F.);
#6221=EDGE_CURVE('',#7140,#7142,#7144,.F.);
#6222=FILL_AREA_STYLE('',(#7145));
#6223=EDGE_CURVE('',#7146,#6829,#7147,.F.);
#6224=EDGE_CURVE('',#7142,#7146,#7148,.F.);
#6225=FILL_AREA_STYLE('',(#7149));
#6226=EDGE_CURVE('',#7150,#6681,#7151,.T.);
#6227=EDGE_CURVE('',#7124,#7150,#7152,.T.);
#6228=FILL_AREA_STYLE('',(#7153));
#6229=EDGE_CURVE('',#7150,#7154,#7155,.F.);
#6230=EDGE_CURVE('',#7132,#7154,#7156,.T.);
#6231=FILL_AREA_STYLE('',(#7157));
#6232=EDGE_CURVE('',#6685,#7158,#7159,.F.);
#6233=EDGE_CURVE('',#7158,#7140,#7160,.T.);
#6234=FILL_AREA_STYLE('',(#7161));
#6235=EDGE_CURVE('',#6852,#6805,#7162,.T.);
#6236=FILL_AREA_STYLE('',(#7163));
#6237=EDGE_CURVE('',#6565,#6804,#7164,.T.);
#6238=FILL_AREA_STYLE('',(#7165));
#6239=EDGE_CURVE('',#6839,#6789,#7166,.T.);
#6240=FILL_AREA_STYLE('',(#7167));
#6241=FILL_AREA_STYLE('',(#7168));
#6242=EDGE_CURVE('',#6771,#7169,#7170,.T.);
#6243=EDGE_CURVE('',#7171,#7169,#7172,.T.);
#6244=EDGE_CURVE('',#6911,#7171,#7173,.T.);
#6245=FILL_AREA_STYLE('',(#7174));
#6246=EDGE_CURVE('',#7175,#6783,#7176,.F.);
#6247=EDGE_CURVE('',#7177,#7175,#7178,.T.);
#6248=EDGE_CURVE('',#6785,#7177,#7179,.F.);
#6249=FILL_AREA_STYLE('',(#7180));
#6250=EDGE_CURVE('',#6775,#7181,#7182,.F.);
#6251=EDGE_CURVE('',#7181,#7177,#7183,.T.);
#6252=FILL_AREA_STYLE('',(#7184));
#6253=EDGE_CURVE('',#7185,#7186,#7187,.T.);
#6254=EDGE_CURVE('',#6911,#7185,#7188,.T.);
#6255=EDGE_CURVE('',#7171,#7186,#7189,.F.);
#6256=FILL_AREA_STYLE('',(#7190));
#6257=EDGE_CURVE('',#7169,#7191,#7192,.F.);
#6258=EDGE_CURVE('',#7186,#7191,#7193,.T.);
#6259=FILL_AREA_STYLE('',(#7194));
#6260=EDGE_CURVE('',#7169,#6661,#7195,.F.);
#6261=FILL_AREA_STYLE('',(#7196));
#6262=EDGE_CURVE('',#6777,#7197,#7198,.F.);
#6263=EDGE_CURVE('',#7197,#7181,#7199,.F.);
#6264=FILL_AREA_STYLE('',(#7200));
#6265=EDGE_CURVE('',#6661,#7201,#7202,.F.);
#6266=EDGE_CURVE('',#7191,#7201,#7203,.F.);
#6267=FILL_AREA_STYLE('',(#7204));
#6268=EDGE_CURVE('',#6741,#7205,#7206,.T.);
#6269=EDGE_CURVE('',#7205,#6706,#7207,.F.);
#6270=FILL_AREA_STYLE('',(#7208));
#6271=EDGE_CURVE('',#6763,#7209,#7210,.F.);
#6272=EDGE_CURVE('',#6761,#7211,#7212,.F.);
#6273=EDGE_CURVE('',#7209,#7211,#7213,.F.);
#6274=FILL_AREA_STYLE('',(#7214));
#6275=EDGE_CURVE('',#6759,#7215,#7216,.F.);
#6276=EDGE_CURVE('',#7211,#7215,#7217,.F.);
#6277=FILL_AREA_STYLE('',(#7218));
#6278=EDGE_CURVE('',#7219,#6741,#7220,.F.);
#6279=EDGE_CURVE('',#7219,#7221,#7222,.T.);
#6280=EDGE_CURVE('',#7221,#7205,#7223,.F.);
#6281=FILL_AREA_STYLE('',(#7224));
#6282=EDGE_CURVE('',#7221,#7225,#7226,.F.);
#6283=EDGE_CURVE('',#7225,#6706,#7227,.F.);
#6284=FILL_AREA_STYLE('',(#7228));
#6285=EDGE_CURVE('',#7229,#6933,#7230,.F.);
#6286=EDGE_CURVE('',#7231,#7229,#7232,.T.);
#6287=EDGE_CURVE('',#7231,#6702,#7233,.T.);
#6288=FILL_AREA_STYLE('',(#7234));
#6289=EDGE_CURVE('',#7231,#7235,#7236,.F.);
#6290=EDGE_CURVE('',#7229,#7237,#7238,.F.);
#6291=EDGE_CURVE('',#7235,#7237,#7239,.F.);
#6292=FILL_AREA_STYLE('',(#7240));
#6293=EDGE_CURVE('',#7237,#7042,#7241,.F.);
#6294=FILL_AREA_STYLE('',(#7242));
#6295=EDGE_CURVE('',#7243,#6708,#7244,.F.);
#6296=EDGE_CURVE('',#7243,#7245,#7246,.F.);
#6297=EDGE_CURVE('',#7245,#6749,#7247,.F.);
#6298=FILL_AREA_STYLE('',(#7248));
#6299=EDGE_CURVE('',#7245,#7046,#7249,.F.);
#6300=FILL_AREA_STYLE('',(#7250));
#6301=EDGE_CURVE('',#7251,#6763,#7252,.T.);
#6302=EDGE_CURVE('',#7253,#7251,#7254,.T.);
#6303=EDGE_CURVE('',#6715,#7253,#7255,.T.);
#6304=FILL_AREA_STYLE('',(#7256));
#6305=EDGE_CURVE('',#7253,#7257,#7258,.F.);
#6306=EDGE_CURVE('',#7251,#7259,#7260,.F.);
#6307=EDGE_CURVE('',#7257,#7259,#7261,.T.);
#6308=FILL_AREA_STYLE('',(#7262));
#6309=EDGE_CURVE('',#7259,#7209,#7263,.T.);
#6310=FILL_AREA_STYLE('',(#7264));
#6311=EDGE_CURVE('',#7265,#6721,#7266,.F.);
#6312=EDGE_CURVE('',#7265,#7267,#7268,.T.);
#6313=EDGE_CURVE('',#7267,#6739,#7269,.F.);
#6314=FILL_AREA_STYLE('',(#7270));
#6315=EDGE_CURVE('',#7267,#7219,#7271,.F.);
#6316=FILL_AREA_STYLE('',(#7272));
#6317=EDGE_CURVE('',#6714,#7273,#7274,.F.);
#6318=EDGE_CURVE('',#7275,#7273,#7276,.T.);
#6319=EDGE_CURVE('',#7095,#7275,#7277,.F.);
#6320=FILL_AREA_STYLE('',(#7278));
#6321=EDGE_CURVE('',#7275,#7279,#7280,.F.);
#6322=EDGE_CURVE('',#7273,#7281,#7282,.F.);
#6323=EDGE_CURVE('',#7279,#7281,#7283,.T.);
#6324=FILL_AREA_STYLE('',(#7284));
#6325=EDGE_CURVE('',#7099,#7279,#7285,.F.);
#6326=FILL_AREA_STYLE('',(#7286));
#6327=EDGE_CURVE('',#7287,#6733,#7288,.F.);
#6328=EDGE_CURVE('',#7287,#7289,#7290,.T.);
#6329=EDGE_CURVE('',#7289,#6719,#7291,.F.);
#6330=FILL_AREA_STYLE('',(#7292));
#6331=EDGE_CURVE('',#7103,#7287,#7293,.F.);
#6332=FILL_AREA_STYLE('',(#7294));
#6333=EDGE_CURVE('',#7273,#7253,#7295,.T.);
#6334=FILL_AREA_STYLE('',(#7296));
#6335=EDGE_CURVE('',#7281,#7257,#7297,.T.);
#6336=FILL_AREA_STYLE('',(#7298));
#6337=EDGE_CURVE('',#7289,#7265,#7299,.T.);
#6338=FILL_AREA_STYLE('',(#7300));
#6339=EDGE_CURVE('',#6759,#7231,#7301,.T.);
#6340=FILL_AREA_STYLE('',(#7302));
#6341=EDGE_CURVE('',#7215,#7235,#7303,.T.);
#6342=FILL_AREA_STYLE('',(#7304));
#6343=EDGE_CURVE('',#7225,#7243,#7305,.T.);
#6344=FILL_AREA_STYLE('',(#7306));
#6345=EDGE_CURVE('',#7307,#6673,#7308,.T.);
#6346=EDGE_CURVE('',#7309,#7307,#7310,.T.);
#6347=EDGE_CURVE('',#6645,#7309,#7311,.T.);
#6348=FILL_AREA_STYLE('',(#7312));
#6349=EDGE_CURVE('',#7307,#7313,#7314,.F.);
#6350=EDGE_CURVE('',#6673,#7315,#7316,.F.);
#6351=EDGE_CURVE('',#7313,#7315,#7317,.T.);
#6352=FILL_AREA_STYLE('',(#7318));
#6353=EDGE_CURVE('',#7309,#7319,#7320,.F.);
#6354=EDGE_CURVE('',#7319,#7313,#7321,.T.);
#6355=FILL_AREA_STYLE('',(#7322));
#6356=EDGE_CURVE('',#6695,#7323,#7324,.F.);
#6357=EDGE_CURVE('',#6693,#7325,#7326,.F.);
#6358=EDGE_CURVE('',#7323,#7325,#7327,.F.);
#6359=FILL_AREA_STYLE('',(#7328));
#6360=EDGE_CURVE('',#6651,#7329,#7330,.F.);
#6361=EDGE_CURVE('',#7325,#7329,#7331,.T.);
#6362=FILL_AREA_STYLE('',(#7332));
#6363=EDGE_CURVE('',#6644,#7333,#7334,.F.);
#6364=EDGE_CURVE('',#7335,#7333,#7336,.T.);
#6365=EDGE_CURVE('',#7150,#7335,#7337,.F.);
#6366=FILL_AREA_STYLE('',(#7338));
#6367=EDGE_CURVE('',#7335,#7339,#7340,.F.);
#6368=EDGE_CURVE('',#7333,#7341,#7342,.F.);
#6369=EDGE_CURVE('',#7339,#7341,#7343,.F.);
#6370=FILL_AREA_STYLE('',(#7344));
#6371=EDGE_CURVE('',#7154,#7339,#7345,.F.);
#6372=FILL_AREA_STYLE('',(#7346));
#6373=EDGE_CURVE('',#6649,#7347,#7348,.F.);
#6374=EDGE_CURVE('',#6687,#7349,#7350,.F.);
#6375=EDGE_CURVE('',#7347,#7349,#7351,.T.);
#6376=FILL_AREA_STYLE('',(#7352));
#6377=EDGE_CURVE('',#7349,#7158,#7353,.F.);
#6378=FILL_AREA_STYLE('',(#7354));
#6379=EDGE_CURVE('',#7355,#6695,#7356,.T.);
#6380=EDGE_CURVE('',#6636,#7355,#7357,.F.);
#6381=FILL_AREA_STYLE('',(#7358));
#6382=EDGE_CURVE('',#6671,#7359,#7360,.F.);
#6383=EDGE_CURVE('',#6669,#7361,#7362,.F.);
#6384=EDGE_CURVE('',#7359,#7361,#7363,.F.);
#6385=FILL_AREA_STYLE('',(#7364));
#6386=EDGE_CURVE('',#7315,#7359,#7365,.F.);
#6387=FILL_AREA_STYLE('',(#7366));
#6388=EDGE_CURVE('',#6636,#7367,#7368,.F.);
#6389=EDGE_CURVE('',#7355,#7369,#7370,.F.);
#6390=EDGE_CURVE('',#7367,#7369,#7371,.F.);
#6391=FILL_AREA_STYLE('',(#7372));
#6392=EDGE_CURVE('',#7369,#7323,#7373,.T.);
#6393=FILL_AREA_STYLE('',(#7374));
#6394=EDGE_CURVE('',#7375,#6777,#7376,.F.);
#6395=EDGE_CURVE('',#7377,#7375,#7378,.T.);
#6396=EDGE_CURVE('',#7377,#6632,#7379,.T.);
#6397=FILL_AREA_STYLE('',(#7380));
#6398=EDGE_CURVE('',#7377,#7381,#7382,.F.);
#6399=EDGE_CURVE('',#7375,#7383,#7384,.F.);
#6400=EDGE_CURVE('',#7381,#7383,#7385,.T.);
#6401=FILL_AREA_STYLE('',(#7386));
#6402=EDGE_CURVE('',#7383,#7197,#7387,.F.);
#6403=FILL_AREA_STYLE('',(#7388));
#6404=EDGE_CURVE('',#6659,#7389,#7390,.F.);
#6405=EDGE_CURVE('',#6638,#7391,#7392,.F.);
#6406=EDGE_CURVE('',#7389,#7391,#7393,.F.);
#6407=FILL_AREA_STYLE('',(#7394));
#6408=EDGE_CURVE('',#7201,#7389,#7395,.F.);
#6409=FILL_AREA_STYLE('',(#7396));
#6410=EDGE_CURVE('',#7333,#7309,#7397,.T.);
#6411=FILL_AREA_STYLE('',(#7398));
#6412=EDGE_CURVE('',#7341,#7319,#7399,.T.);
#6413=FILL_AREA_STYLE('',(#7400));
#6414=EDGE_CURVE('',#7329,#7347,#7401,.T.);
#6415=FILL_AREA_STYLE('',(#7402));
#6416=EDGE_CURVE('',#6669,#7377,#7403,.T.);
#6417=FILL_AREA_STYLE('',(#7404));
#6418=EDGE_CURVE('',#7361,#7381,#7405,.T.);
#6419=FILL_AREA_STYLE('',(#7406));
#6420=EDGE_CURVE('',#7391,#7367,#7407,.T.);
#6421=FILL_AREA_STYLE('',(#7408));
#6422=FILL_AREA_STYLE('',(#7409));
#6423=EDGE_CURVE('',#6578,#6597,#7410,.F.);
#6424=FILL_AREA_STYLE('',(#7411));
#6425=FILL_AREA_STYLE('',(#7412));
#6426=EDGE_CURVE('',#6591,#6584,#7413,.T.);
#6427=FILL_AREA_STYLE('',(#7414));
#6428=FILL_AREA_STYLE('',(#7415));
#6429=FILL_AREA_STYLE('',(#7416));
#6430=EDGE_CURVE('',#6524,#6543,#7417,.T.);
#6431=FILL_AREA_STYLE('',(#7418));
#6432=FILL_AREA_STYLE('',(#7419));
#6433=EDGE_CURVE('',#6537,#6530,#7420,.F.);
#6434=FILL_AREA_STYLE('',(#7421));
#6435=FILL_AREA_STYLE('',(#7422));
#6436=FILL_AREA_STYLE('',(#7423));
#6437=FILL_AREA_STYLE('',(#7424));
#6438=EDGE_CURVE('',#7425,#7077,#7426,.F.);
#6439=EDGE_CURVE('',#7075,#7425,#7427,.F.);
#6440=FILL_AREA_STYLE('',(#7428));
#6441=EDGE_CURVE('',#7175,#7429,#7430,.F.);
#6442=EDGE_CURVE('',#7177,#7429,#7431,.F.);
#6443=FILL_AREA_STYLE('',(#7432));
#6444=EDGE_CURVE('',#7433,#7259,#7434,.T.);
#6445=EDGE_CURVE('',#7279,#7433,#7435,.F.);
#6446=FILL_AREA_STYLE('',(#7436));
#6447=EDGE_CURVE('',#7383,#7437,#7438,.F.);
#6448=EDGE_CURVE('',#7359,#7437,#7439,.T.);
#6449=FILL_AREA_STYLE('',(#7440));
#6450=EDGE_CURVE('',#7425,#7433,#7441,.F.);
#6451=FILL_AREA_STYLE('',(#7442));
#6452=EDGE_CURVE('',#7437,#7429,#7443,.T.);
#6453=FILL_AREA_STYLE('',(#7444));
#6454=EDGE_CURVE('',#7445,#7211,#7446,.T.);
#6455=EDGE_CURVE('',#7433,#7445,#7447,.F.);
#6456=FILL_AREA_STYLE('',(#7448));
#6457=EDGE_CURVE('',#7437,#7449,#7450,.F.);
#6458=EDGE_CURVE('',#7313,#7449,#7451,.T.);
#6459=FILL_AREA_STYLE('',(#7452));
#6460=EDGE_CURVE('',#7453,#7445,#7454,.F.);
#6461=EDGE_CURVE('',#7425,#7453,#7455,.F.);
#6462=FILL_AREA_STYLE('',(#7456));
#6463=EDGE_CURVE('',#7429,#7457,#7458,.F.);
#6464=EDGE_CURVE('',#7449,#7457,#7459,.F.);
#6465=FILL_AREA_STYLE('',(#7460));
#6466=EDGE_CURVE('',#7445,#7237,#7461,.F.);
#6467=FILL_AREA_STYLE('',(#7462));
#6468=EDGE_CURVE('',#7449,#7339,#7463,.F.);
#6469=FILL_AREA_STYLE('',(#7464));
#6470=EDGE_CURVE('',#7453,#7022,#7465,.F.);
#6471=FILL_AREA_STYLE('',(#7466));
#6472=EDGE_CURVE('',#7130,#7457,#7467,.T.);
#6473=FILL_AREA_STYLE('',(#7468));
#6474=EDGE_CURVE('',#7453,#7026,#7469,.F.);
#6475=FILL_AREA_STYLE('',(#7470));
#6476=EDGE_CURVE('',#7457,#7136,#7471,.F.);
#6477=FILL_AREA_STYLE('',(#7472));
#6478=FILL_AREA_STYLE('',(#7473));
#6479=FILL_AREA_STYLE('',(#7474));
#6480=EDGE_CURVE('',#7085,#7475,#7476,.T.);
#6481=EDGE_CURVE('',#7087,#7475,#7477,.T.);
#6482=FILL_AREA_STYLE('',(#7478));
#6483=EDGE_CURVE('',#7479,#7186,#7480,.T.);
#6484=EDGE_CURVE('',#7185,#7479,#7481,.T.);
#6485=FILL_AREA_STYLE('',(#7482));
#6486=EDGE_CURVE('',#7287,#7483,#7484,.T.);
#6487=EDGE_CURVE('',#7483,#7267,#7485,.T.);
#6488=FILL_AREA_STYLE('',(#7486));
#6489=EDGE_CURVE('',#7369,#7487,#7488,.T.);
#6490=EDGE_CURVE('',#7389,#7487,#7489,.T.);
#6491=FILL_AREA_STYLE('',(#7490));
#6492=EDGE_CURVE('',#7483,#7475,#7491,.T.);
#6493=FILL_AREA_STYLE('',(#7492));
#6494=EDGE_CURVE('',#7479,#7487,#7493,.F.);
#6495=FILL_AREA_STYLE('',(#7494));
#6496=EDGE_CURVE('',#7495,#7221,#7496,.T.);
#6497=EDGE_CURVE('',#7483,#7495,#7497,.F.);
#6498=FILL_AREA_STYLE('',(#7498));
#6499=EDGE_CURVE('',#7325,#7499,#7500,.T.);
#6500=EDGE_CURVE('',#7487,#7499,#7501,.F.);
#6501=FILL_AREA_STYLE('',(#7502));
#6502=EDGE_CURVE('',#7475,#7503,#7504,.F.);
#6503=EDGE_CURVE('',#7495,#7503,#7505,.F.);
#6504=FILL_AREA_STYLE('',(#7506));
#6505=EDGE_CURVE('',#7507,#7499,#7508,.F.);
#6506=EDGE_CURVE('',#7479,#7507,#7509,.F.);
#6507=FILL_AREA_STYLE('',(#7510));
#6508=EDGE_CURVE('',#7495,#7245,#7511,.T.);
#6509=FILL_AREA_STYLE('',(#7512));
#6510=EDGE_CURVE('',#7499,#7349,#7513,.T.);
#6511=FILL_AREA_STYLE('',(#7514));
#6512=EDGE_CURVE('',#7032,#7503,#7515,.T.);
#6513=FILL_AREA_STYLE('',(#7516));
#6514=EDGE_CURVE('',#7507,#7142,#7517,.F.);
#6515=FILL_AREA_STYLE('',(#7518));
#6516=EDGE_CURVE('',#7503,#7036,#7519,.T.);
#6517=FILL_AREA_STYLE('',(#7520));
#6518=EDGE_CURVE('',#7507,#7146,#7521,.T.);
#6519=FILL_AREA_STYLE('',(#7522));
#6520=FILL_AREA_STYLE('',(#7523));
#6521=FILL_AREA_STYLE('',(#7524));
#6522=FILL_AREA_STYLE_COLOUR('',#7525);
#6523=VERTEX_POINT('',#7526);
#6524=VERTEX_POINT('',#7527);
#6525=CIRCLE('',#7528,0.8);
#6526=VERTEX_POINT('',#7529);
#6527=CIRCLE('',#7530,16.6749644996506);
#6528=VERTEX_POINT('',#7531);
#6529=CIRCLE('',#7532,16.6749644996506);
#6530=VERTEX_POINT('',#7533);
#6531=CIRCLE('',#7534,0.8);
#6532=VERTEX_POINT('',#7535);
#6533=CIRCLE('',#7536,17.6833967774944);
#6534=CIRCLE('',#7537,17.6833967774944);
#6535=FILL_AREA_STYLE_COLOUR('',#7538);
#6536=VERTEX_POINT('',#7539);
#6537=VERTEX_POINT('',#7540);
#6538=CIRCLE('',#7541,0.8);
#6539=VERTEX_POINT('',#7542);
#6540=CIRCLE('',#7543,16.6749644996506);
#6541=VERTEX_POINT('',#7544);
#6542=CIRCLE('',#7545,16.6749644996506);
#6543=VERTEX_POINT('',#7546);
#6544=CIRCLE('',#7547,0.8);
#6545=VERTEX_POINT('',#7548);
#6546=CIRCLE('',#7549,17.6833967774944);
#6547=CIRCLE('',#7550,17.6833967774944);
#6548=FILL_AREA_STYLE_COLOUR('',#7551);
#6549=VERTEX_POINT('',#7552);
#6550=LINE('',#7553,#7554);
#6551=CIRCLE('',#7555,16.6749644996506);
#6552=VERTEX_POINT('',#7556);
#6553=LINE('',#7557,#7558);
#6554=CIRCLE('',#7559,16.207163717094);
#6555=FILL_AREA_STYLE_COLOUR('',#7560);
#6556=VERTEX_POINT('',#7561);
#6557=LINE('',#7562,#7563);
#6558=VERTEX_POINT('',#7564);
#6559=LINE('',#7565,#7566);
#6560=CIRCLE('',#7567,18.0);
#6561=FILL_AREA_STYLE_COLOUR('',#7568);
#6562=VERTEX_POINT('',#7569);
#6563=LINE('',#7570,#7571);
#6564=CIRCLE('',#7572,16.6749644996506);
#6565=VERTEX_POINT('',#7573);
#6566=LINE('',#7574,#7575);
#6567=VERTEX_POINT('',#7576);
#6568=CIRCLE('',#7577,16.207163717094);
#6569=CIRCLE('',#7578,16.207163717094);
#6570=FILL_AREA_STYLE_COLOUR('',#7579);
#6571=VERTEX_POINT('',#7580);
#6572=LINE('',#7581,#7582);
#6573=VERTEX_POINT('',#7583);
#6574=LINE('',#7584,#7585);
#6575=CIRCLE('',#7586,18.0);
#6576=FILL_AREA_STYLE_COLOUR('',#7587);
#6577=VERTEX_POINT('',#7588);
#6578=VERTEX_POINT('',#7589);
#6579=CIRCLE('',#7590,0.8);
#6580=VERTEX_POINT('',#7591);
#6581=CIRCLE('',#7592,17.6833967774944);
#6582=VERTEX_POINT('',#7593);
#6583=CIRCLE('',#7594,17.6833967774944);
#6584=VERTEX_POINT('',#7595);
#6585=CIRCLE('',#7596,0.8);
#6586=VERTEX_POINT('',#7597);
#6587=CIRCLE('',#7598,16.6749644996506);
#6588=CIRCLE('',#7599,16.6749644996506);
#6589=FILL_AREA_STYLE_COLOUR('',#7600);
#6590=VERTEX_POINT('',#7601);
#6591=VERTEX_POINT('',#7602);
#6592=CIRCLE('',#7603,0.8);
#6593=VERTEX_POINT('',#7604);
#6594=CIRCLE('',#7605,17.6833967774944);
#6595=VERTEX_POINT('',#7606);
#6596=CIRCLE('',#7607,17.6833967774944);
#6597=VERTEX_POINT('',#7608);
#6598=CIRCLE('',#7609,0.8);
#6599=VERTEX_POINT('',#7610);
#6600=CIRCLE('',#7611,16.6749644996506);
#6601=CIRCLE('',#7612,16.6749644996506);
#6602=FILL_AREA_STYLE_COLOUR('',#7613);
#6603=VERTEX_POINT('',#7614);
#6604=LINE('',#7615,#7616);
#6605=VERTEX_POINT('',#7617);
#6606=LINE('',#7618,#7619);
#6607=VERTEX_POINT('',#7620);
#6608=CIRCLE('',#7621,16.207163717094);
#6609=CIRCLE('',#7622,16.207163717094);
#6610=FILL_AREA_STYLE_COLOUR('',#7623);
#6611=VERTEX_POINT('',#7624);
#6612=LINE('',#7625,#7626);
#6613=CIRCLE('',#7627,17.6833967774944);
#6614=VERTEX_POINT('',#7628);
#6615=LINE('',#7629,#7630);
#6616=CIRCLE('',#7631,18.0);
#6617=FILL_AREA_STYLE_COLOUR('',#7632);
#6618=VERTEX_POINT('',#7633);
#6619=LINE('',#7634,#7635);
#6620=VERTEX_POINT('',#7636);
#6621=LINE('',#7637,#7638);
#6622=CIRCLE('',#7639,16.207163717094);
#6623=FILL_AREA_STYLE_COLOUR('',#7640);
#6624=VERTEX_POINT('',#7641);
#6625=LINE('',#7642,#7643);
#6626=CIRCLE('',#7644,17.6833967774944);
#6627=VERTEX_POINT('',#7645);
#6628=LINE('',#7646,#7647);
#6629=CIRCLE('',#7648,18.0);
#6630=FILL_AREA_STYLE_COLOUR('',#7649);
#6631=VERTEX_POINT('',#7650);
#6632=VERTEX_POINT('',#7651);
#6633=CIRCLE('',#7652,2.0);
#6634=VERTEX_POINT('',#7653);
#6635=CIRCLE('',#7654,14.8);
#6636=VERTEX_POINT('',#7655);
#6637=CIRCLE('',#7656,14.8);
#6638=VERTEX_POINT('',#7657);
#6639=B_SPLINE_CURVE_WITH_KNOTS('',5,(#7658,#7659,#7660,#7661,#7662,#7663),.UNSPECIFIED.,.F.,.F.,(6,6),(5.79312659840673,7.86691974961834),.UNSPECIFIED.);
#6640=VERTEX_POINT('',#7664);
#6641=CIRCLE('',#7665,14.0);
#6642=CIRCLE('',#7666,14.0);
#6643=FILL_AREA_STYLE_COLOUR('',#7667);
#6644=VERTEX_POINT('',#7668);
#6645=VERTEX_POINT('',#7669);
#6646=CIRCLE('',#7670,2.0);
#6647=VERTEX_POINT('',#7671);
#6648=CIRCLE('',#7672,14.0);
#6649=VERTEX_POINT('',#7673);
#6650=CIRCLE('',#7674,14.0);
#6651=VERTEX_POINT('',#7675);
#6652=B_SPLINE_CURVE_WITH_KNOTS('',5,(#7676,#7677,#7678,#7679,#7680,#7681),.UNSPECIFIED.,.F.,.F.,(6,6),(3.71945861972546,5.7932039143627),.UNSPECIFIED.);
#6653=VERTEX_POINT('',#7682);
#6654=CIRCLE('',#7683,14.8);
#6655=CIRCLE('',#7684,14.8);
#6656=FILL_AREA_STYLE_COLOUR('',#7685);
#6657=VERTEX_POINT('',#7686);
#6658=LINE('',#7687,#7688);
#6659=VERTEX_POINT('',#7689);
#6660=LINE('',#7690,#7691);
#6661=VERTEX_POINT('',#7692);
#6662=B_SPLINE_CURVE_WITH_KNOTS('',3,(#7693,#7694,#7695,#7696),.UNSPECIFIED.,.F.,.F.,(4,4),(7.54760290608092,7.87646427187757),.UNSPECIFIED.);
#6663=VERTEX_POINT('',#7697);
#6664=CIRCLE('',#7698,14.0);
#6665=CIRCLE('',#7699,14.0);
#6666=FILL_AREA_STYLE_COLOUR('',#7700);
#6667=VERTEX_POINT('',#7701);
#6668=LINE('',#7702,#7703);
#6669=VERTEX_POINT('',#7704);
#6670=CIRCLE('',#7705,14.8);
#6671=VERTEX_POINT('',#7706);
#6672=B_SPLINE_CURVE_WITH_KNOTS('',5,(#7707,#7708,#7709,#7710,#7711,#7712,#7713,#7714,#7715,#7716,#7717,#7718),.UNSPECIFIED.,.F.,.F.,(6,3,3,6),(2.36550908008724,3.62221555249445,4.57394040654099,4.88227366539663),.UNSPECIFIED.);
#6673=VERTEX_POINT('',#7719);
#6674=B_SPLINE_CURVE_WITH_KNOTS('',3,(#7720,#7721,#7722,#7723),.UNSPECIFIED.,.F.,.F.,(4,4),(3.81690258746342,6.56030224650439),.UNSPECIFIED.);
#6675=VERTEX_POINT('',#7724);
#6676=LINE('',#7725,#7726);
#6677=VERTEX_POINT('',#7727);
#6678=CIRCLE('',#7728,15.88);
#6679=CIRCLE('',#7729,15.88);
#6680=FILL_AREA_STYLE_COLOUR('',#7730);
#6681=VERTEX_POINT('',#7731);
#6682=LINE('',#7732,#7733);
#6683=VERTEX_POINT('',#7734);
#6684=CIRCLE('',#7735,14.0);
#6685=VERTEX_POINT('',#7736);
#6686=CIRCLE('',#7737,14.0);
#6687=VERTEX_POINT('',#7738);
#6688=B_SPLINE_CURVE_WITH_KNOTS('',3,(#7739,#7740,#7741,#7742),.UNSPECIFIED.,.F.,.F.,(4,4),(3.67749008291013,4.00635690123664),.UNSPECIFIED.);
#6689=LINE('',#7743,#7744);
#6690=FILL_AREA_STYLE_COLOUR('',#7745);
#6691=VERTEX_POINT('',#7746);
#6692=LINE('',#7747,#7748);
#6693=VERTEX_POINT('',#7749);
#6694=B_SPLINE_CURVE_WITH_KNOTS('',5,(#7750,#7751,#7752,#7753,#7754,#7755,#7756,#7757,#7758,#7759,#7760,#7761),.UNSPECIFIED.,.F.,.F.,(6,3,3,6),(2.2983444153917,2.7729259278073,3.74868700779909,4.8150106631819),.UNSPECIFIED.);
#6695=VERTEX_POINT('',#7762);
#6696=B_SPLINE_CURVE_WITH_KNOTS('',3,(#7763,#7764,#7765,#7766),.UNSPECIFIED.,.F.,.F.,(4,4),(3.81709135499621,6.56077395381393),.UNSPECIFIED.);
#6697=VERTEX_POINT('',#7767);
#6698=LINE('',#7768,#7769);
#6699=CIRCLE('',#7770,15.88);
#6700=FILL_AREA_STYLE_COLOUR('',#7771);
#6701=VERTEX_POINT('',#7772);
#6702=VERTEX_POINT('',#7773);
#6703=CIRCLE('',#7774,2.0);
#6704=VERTEX_POINT('',#7775);
#6705=CIRCLE('',#7776,14.8);
#6706=VERTEX_POINT('',#7777);
#6707=CIRCLE('',#7778,14.8);
#6708=VERTEX_POINT('',#7779);
#6709=B_SPLINE_CURVE_WITH_KNOTS('',5,(#7780,#7781,#7782,#7783,#7784,#7785),.UNSPECIFIED.,.F.,.F.,(6,6),(3.71930784138267,5.79301689064192),.UNSPECIFIED.);
#6710=VERTEX_POINT('',#7786);
#6711=CIRCLE('',#7787,14.0);
#6712=CIRCLE('',#7788,14.0);
#6713=FILL_AREA_STYLE_COLOUR('',#7789);
#6714=VERTEX_POINT('',#7790);
#6715=VERTEX_POINT('',#7791);
#6716=CIRCLE('',#7792,2.0);
#6717=VERTEX_POINT('',#7793);
#6718=CIRCLE('',#7794,14.0);
#6719=VERTEX_POINT('',#7795);
#6720=CIRCLE('',#7796,14.0);
#6721=VERTEX_POINT('',#7797);
#6722=B_SPLINE_CURVE_WITH_KNOTS('',5,(#7798,#7799,#7800,#7801,#7802,#7803),.UNSPECIFIED.,.F.,.F.,(6,6),(5.79315882176726,7.86694435697479),.UNSPECIFIED.);
#6723=VERTEX_POINT('',#7804);
#6724=CIRCLE('',#7805,14.8);
#6725=CIRCLE('',#7806,14.8);
#6726=FILL_AREA_STYLE_COLOUR('',#7807);
#6727=VERTEX_POINT('',#7808);
#6728=LINE('',#7809,#7810);
#6729=VERTEX_POINT('',#7811);
#6730=CIRCLE('',#7812,14.0);
#6731=VERTEX_POINT('',#7813);
#6732=CIRCLE('',#7814,14.0);
#6733=VERTEX_POINT('',#7815);
#6734=B_SPLINE_CURVE_WITH_KNOTS('',3,(#7816,#7817,#7818,#7819),.UNSPECIFIED.,.F.,.F.,(4,4),(7.54760251862147,7.87646384620463),.UNSPECIFIED.);
#6735=LINE('',#7820,#7821);
#6736=FILL_AREA_STYLE_COLOUR('',#7822);
#6737=VERTEX_POINT('',#7823);
#6738=LINE('',#7824,#7825);
#6739=VERTEX_POINT('',#7826);
#6740=B_SPLINE_CURVE_WITH_KNOTS('',5,(#7827,#7828,#7829,#7830,#7831,#7832,#7833,#7834,#7835,#7836,#7837,#7838),.UNSPECIFIED.,.F.,.F.,(6,3,3,6),(2.36553585157502,3.29163279843838,3.93545998699346,4.88325098757489),.UNSPECIFIED.);
#6741=VERTEX_POINT('',#7839);
#6742=B_SPLINE_CURVE_WITH_KNOTS('',3,(#7840,#7841,#7842,#7843),.UNSPECIFIED.,.F.,.F.,(4,4),(6.56114908171587,9.3041537547026),.UNSPECIFIED.);
#6743=VERTEX_POINT('',#7844);
#6744=LINE('',#7845,#7846);
#6745=CIRCLE('',#7847,15.88);
#6746=FILL_AREA_STYLE_COLOUR('',#7848);
#6747=VERTEX_POINT('',#7849);
#6748=LINE('',#7850,#7851);
#6749=VERTEX_POINT('',#7852);
#6750=LINE('',#7853,#7854);
#6751=VERTEX_POINT('',#7855);
#6752=B_SPLINE_CURVE_WITH_KNOTS('',3,(#7856,#7857,#7858,#7859),.UNSPECIFIED.,.F.,.F.,(4,4),(3.67748746361196,4.00635398371031),.UNSPECIFIED.);
#6753=VERTEX_POINT('',#7860);
#6754=CIRCLE('',#7861,14.0);
#6755=CIRCLE('',#7862,14.0);
#6756=FILL_AREA_STYLE_COLOUR('',#7863);
#6757=VERTEX_POINT('',#7864);
#6758=LINE('',#7865,#7866);
#6759=VERTEX_POINT('',#7867);
#6760=CIRCLE('',#7868,14.8);
#6761=VERTEX_POINT('',#7869);
#6762=B_SPLINE_CURVE_WITH_KNOTS('',5,(#7870,#7871,#7872,#7873,#7874,#7875,#7876,#7877,#7878,#7879,#7880,#7881,#7882,#7883,#7884),.UNSPECIFIED.,.F.,.F.,(6,3,3,3,6),(2.36553438088208,3.24590796101035,3.81681093605454,4.45870544613003,4.88259257820536),.UNSPECIFIED.);
#6763=VERTEX_POINT('',#7885);
#6764=B_SPLINE_CURVE_WITH_KNOTS('',3,(#7886,#7887,#7888,#7889),.UNSPECIFIED.,.F.,.F.,(4,4),(3.81709135503481,6.56077395388251),.UNSPECIFIED.);
#6765=VERTEX_POINT('',#7890);
#6766=LINE('',#7891,#7892);
#6767=VERTEX_POINT('',#7893);
#6768=CIRCLE('',#7894,15.88);
#6769=CIRCLE('',#7895,15.88);
#6770=FILL_AREA_STYLE_COLOUR('',#7896);
#6771=VERTEX_POINT('',#7897);
#6772=CIRCLE('',#7898,0.5);
#6773=VERTEX_POINT('',#7899);
#6774=CIRCLE('',#7900,13.8535533905933);
#6775=VERTEX_POINT('',#7901);
#6776=CIRCLE('',#7902,13.8535533905933);
#6777=VERTEX_POINT('',#7903);
#6778=B_SPLINE_CURVE_WITH_KNOTS('',4,(#7904,#7905,#7906,#7907,#7908),.UNSPECIFIED.,.F.,.F.,(5,5),(0.647332594520915,1.45890169212895),.UNSPECIFIED.);
#6779=CIRCLE('',#7909,14.0);
#6780=FILL_AREA_STYLE_COLOUR('',#7910);
#6781=VERTEX_POINT('',#7911);
#6782=LINE('',#7912,#7913);
#6783=VERTEX_POINT('',#7914);
#6784=CIRCLE('',#7915,13.5);
#6785=VERTEX_POINT('',#7916);
#6786=B_SPLINE_CURVE_WITH_KNOTS('',4,(#7917,#7918,#7919,#7920,#7921),.UNSPECIFIED.,.F.,.F.,(5,5),(1.45600706871706,2.94425513087547),.UNSPECIFIED.);
#6787=B_SPLINE_CURVE_WITH_KNOTS('',5,(#7922,#7923,#7924,#7925,#7926,#7927),.UNSPECIFIED.,.F.,.F.,(6,6),(17.8711265946098,18.9194230602379),.UNSPECIFIED.);
#6788=FILL_AREA_STYLE_COLOUR('',#7928);
#6789=VERTEX_POINT('',#7929);
#6790=CIRCLE('',#7930,0.3);
#6791=VERTEX_POINT('',#7931);
#6792=CIRCLE('',#7932,16.0);
#6793=VERTEX_POINT('',#7933);
#6794=CIRCLE('',#7934,16.0);
#6795=B_SPLINE_CURVE_WITH_KNOTS('',4,(#7935,#7936,#7937,#7938,#7939),.UNSPECIFIED.,.F.,.F.,(5,5),(0.0,0.392838571170759),.UNSPECIFIED.);
#6796=CIRCLE('',#7940,15.88);
#6797=FILL_AREA_STYLE_COLOUR('',#7941);
#6798=VERTEX_POINT('',#7942);
#6799=LINE('',#7943,#7944);
#6800=VERTEX_POINT('',#7945);
#6801=CIRCLE('',#7946,16.0);
#6802=LINE('',#7947,#7948);
#6803=FILL_AREA_STYLE_COLOUR('',#7949);
#6804=VERTEX_POINT('',#7950);
#6805=VERTEX_POINT('',#7951);
#6806=CIRCLE('',#7952,0.3);
#6807=CIRCLE('',#7953,16.207163717094);
#6808=VERTEX_POINT('',#7954);
#6809=B_SPLINE_CURVE_WITH_KNOTS('',4,(#7955,#7956,#7957,#7958,#7959),.UNSPECIFIED.,.F.,.F.,(5,5),(0.0,0.369441003410211),.UNSPECIFIED.);
#6810=VERTEX_POINT('',#7960);
#6811=CIRCLE('',#7961,16.1);
#6812=CIRCLE('',#7962,16.1);
#6813=FILL_AREA_STYLE_COLOUR('',#7963);
#6814=VERTEX_POINT('',#7964);
#6815=LINE('',#7965,#7966);
#6816=VERTEX_POINT('',#7967);
#6817=LINE('',#7968,#7969);
#6818=CIRCLE('',#7970,16.1);
#6819=FILL_AREA_STYLE_COLOUR('',#7971);
#6820=VERTEX_POINT('',#7972);
#6821=CIRCLE('',#7973,0.5);
#6822=VERTEX_POINT('',#7974);
#6823=CIRCLE('',#7975,13.8535533905933);
#6824=B_SPLINE_CURVE_WITH_KNOTS('',4,(#7976,#7977,#7978,#7979,#7980),.UNSPECIFIED.,.F.,.F.,(5,5),(0.595902776372439,1.40752304500873),.UNSPECIFIED.);
#6825=FILL_AREA_STYLE_COLOUR('',#7981);
#6826=VERTEX_POINT('',#7982);
#6827=VERTEX_POINT('',#7983);
#6828=LINE('',#7984,#7985);
#6829=VERTEX_POINT('',#7986);
#6830=CIRCLE('',#7987,13.5);
#6831=VERTEX_POINT('',#7988);
#6832=B_SPLINE_CURVE_WITH_KNOTS('',3,(#7989,#7990,#7991,#7992),.UNSPECIFIED.,.F.,.F.,(4,4),(11.8035999768313,13.2918566282895),.UNSPECIFIED.);
#6833=B_SPLINE_CURVE_WITH_KNOTS('',4,(#7993,#7994,#7995,#7996,#7997),.UNSPECIFIED.,.F.,.F.,(5,5),(4.01348405846009,5.06624839233404),.UNSPECIFIED.);
#6834=CIRCLE('',#7998,13.8535533905933);
#6835=FILL_AREA_STYLE_COLOUR('',#7999);
#6836=VERTEX_POINT('',#8000);
#6837=VERTEX_POINT('',#8001);
#6838=CIRCLE('',#8002,0.3);
#6839=VERTEX_POINT('',#8003);
#6840=CIRCLE('',#8004,16.0);
#6841=B_SPLINE_CURVE_WITH_KNOTS('',4,(#8005,#8006,#8007,#8008,#8009),.UNSPECIFIED.,.F.,.F.,(5,5),(0.0,0.392838571170759),.UNSPECIFIED.);
#6842=CIRCLE('',#8010,15.88);
#6843=FILL_AREA_STYLE_COLOUR('',#8011);
#6844=VERTEX_POINT('',#8012);
#6845=VERTEX_POINT('',#8013);
#6846=LINE('',#8014,#8015);
#6847=CIRCLE('',#8016,16.0);
#6848=CIRCLE('',#8017,16.0);
#6849=FILL_AREA_STYLE_COLOUR('',#8018);
#6850=VERTEX_POINT('',#8019);
#6851=CIRCLE('',#8020,0.3);
#6852=VERTEX_POINT('',#8021);
#6853=B_SPLINE_CURVE_WITH_KNOTS('',4,(#8022,#8023,#8024,#8025,#8026),.UNSPECIFIED.,.F.,.F.,(5,5),(0.0,0.36944100341021),.UNSPECIFIED.);
#6854=CIRCLE('',#8027,16.1);
#6855=FILL_AREA_STYLE_COLOUR('',#8028);
#6856=VERTEX_POINT('',#8029);
#6857=VERTEX_POINT('',#8030);
#6858=LINE('',#8031,#8032);
#6859=CIRCLE('',#8033,16.1);
#6860=CIRCLE('',#8034,16.1);
#6861=FILL_AREA_STYLE_COLOUR('',#8035);
#6862=VERTEX_POINT('',#8036);
#6863=CIRCLE('',#8037,0.5);
#6864=VERTEX_POINT('',#8038);
#6865=CIRCLE('',#8039,13.8535533905933);
#6866=B_SPLINE_CURVE_WITH_KNOTS('',4,(#8040,#8041,#8042,#8043,#8044),.UNSPECIFIED.,.F.,.F.,(5,5),(0.647323408737129,1.45888596017516),.UNSPECIFIED.);
#6867=FILL_AREA_STYLE_COLOUR('',#8045);
#6868=VERTEX_POINT('',#8046);
#6869=VERTEX_POINT('',#8047);
#6870=LINE('',#8048,#8049);
#6871=VERTEX_POINT('',#8050);
#6872=CIRCLE('',#8051,13.5);
#6873=VERTEX_POINT('',#8052);
#6874=B_SPLINE_CURVE_WITH_KNOTS('',4,(#8053,#8054,#8055,#8056,#8057),.UNSPECIFIED.,.F.,.F.,(5,5),(1.45595342933577,2.94424765559977),.UNSPECIFIED.);
#6875=B_SPLINE_CURVE_WITH_KNOTS('',5,(#8058,#8059,#8060,#8061,#8062,#8063),.UNSPECIFIED.,.F.,.F.,(6,6),(17.8711223895493,18.9194161098646),.UNSPECIFIED.);
#6876=CIRCLE('',#8064,13.8535533905933);
#6877=FILL_AREA_STYLE_COLOUR('',#8065);
#6878=VERTEX_POINT('',#8066);
#6879=VERTEX_POINT('',#8067);
#6880=CIRCLE('',#8068,0.3);
#6881=VERTEX_POINT('',#8069);
#6882=CIRCLE('',#8070,16.0);
#6883=B_SPLINE_CURVE_WITH_KNOTS('',4,(#8071,#8072,#8073,#8074,#8075),.UNSPECIFIED.,.F.,.F.,(5,5),(0.0,0.392838571170759),.UNSPECIFIED.);
#6884=CIRCLE('',#8076,15.88);
#6885=FILL_AREA_STYLE_COLOUR('',#8077);
#6886=VERTEX_POINT('',#8078);
#6887=VERTEX_POINT('',#8079);
#6888=LINE('',#8080,#8081);
#6889=VERTEX_POINT('',#8082);
#6890=CIRCLE('',#8083,16.0);
#6891=VERTEX_POINT('',#8084);
#6892=LINE('',#8085,#8086);
#6893=CIRCLE('',#8087,16.0);
#6894=FILL_AREA_STYLE_COLOUR('',#8088);
#6895=VERTEX_POINT('',#8089);
#6896=CIRCLE('',#8090,0.3);
#6897=VERTEX_POINT('',#8091);
#6898=B_SPLINE_CURVE_WITH_KNOTS('',4,(#8092,#8093,#8094,#8095,#8096),.UNSPECIFIED.,.F.,.F.,(5,5),(0.0,0.36944100341021),.UNSPECIFIED.);
#6899=CIRCLE('',#8097,16.1);
#6900=FILL_AREA_STYLE_COLOUR('',#8098);
#6901=VERTEX_POINT('',#8099);
#6902=VERTEX_POINT('',#8100);
#6903=LINE('',#8101,#8102);
#6904=VERTEX_POINT('',#8103);
#6905=CIRCLE('',#8104,16.1);
#6906=VERTEX_POINT('',#8105);
#6907=LINE('',#8106,#8107);
#6908=CIRCLE('',#8108,16.1);
#6909=FILL_AREA_STYLE_COLOUR('',#8109);
#6910=LINE('',#8110,#8111);
#6911=VERTEX_POINT('',#8112);
#6912=CIRCLE('',#8113,13.5);
#6913=VERTEX_POINT('',#8114);
#6914=CIRCLE('',#8115,13.5000000000001);
#6915=VERTEX_POINT('',#8116);
#6916=CIRCLE('',#8117,13.5);
#6917=VERTEX_POINT('',#8118);
#6918=LINE('',#8119,#8120);
#6919=VERTEX_POINT('',#8121);
#6920=CIRCLE('',#8122,13.5);
#6921=CIRCLE('',#8123,13.5000000000001);
#6922=FILL_AREA_STYLE_COLOUR('',#8124);
#6923=LINE('',#8125,#8126);
#6924=LINE('',#8127,#8128);
#6925=CIRCLE('',#8129,18.0);
#6926=FILL_AREA_STYLE_COLOUR('',#8130);
#6927=VERTEX_POINT('',#8131);
#6928=CIRCLE('',#8132,0.5);
#6929=VERTEX_POINT('',#8133);
#6930=CIRCLE('',#8134,13.8535533905933);
#6931=VERTEX_POINT('',#8135);
#6932=CIRCLE('',#8136,13.8535533905933);
#6933=VERTEX_POINT('',#8137);
#6934=B_SPLINE_CURVE_WITH_KNOTS('',4,(#8138,#8139,#8140,#8141,#8142),.UNSPECIFIED.,.F.,.F.,(5,5),(0.647332594521291,1.45890169212895),.UNSPECIFIED.);
#6935=CIRCLE('',#8143,14.0);
#6936=FILL_AREA_STYLE_COLOUR('',#8144);
#6937=VERTEX_POINT('',#8145);
#6938=LINE('',#8146,#8147);
#6939=VERTEX_POINT('',#8148);
#6940=CIRCLE('',#8149,13.5);
#6941=VERTEX_POINT('',#8150);
#6942=B_SPLINE_CURVE_WITH_KNOTS('',4,(#8151,#8152,#8153,#8154,#8155),.UNSPECIFIED.,.F.,.F.,(5,5),(1.45600706863367,2.94425513078514),.UNSPECIFIED.);
#6943=B_SPLINE_CURVE_WITH_KNOTS('',5,(#8156,#8157,#8158,#8159,#8160,#8161),.UNSPECIFIED.,.F.,.F.,(6,6),(17.8711265945478,18.9194230601742),.UNSPECIFIED.);
#6944=FILL_AREA_STYLE_COLOUR('',#8162);
#6945=VERTEX_POINT('',#8163);
#6946=CIRCLE('',#8164,0.3);
#6947=VERTEX_POINT('',#8165);
#6948=CIRCLE('',#8166,16.0);
#6949=CIRCLE('',#8167,16.0);
#6950=B_SPLINE_CURVE_WITH_KNOTS('',4,(#8168,#8169,#8170,#8171,#8172),.UNSPECIFIED.,.F.,.F.,(5,5),(0.0,0.392838571170759),.UNSPECIFIED.);
#6951=CIRCLE('',#8173,15.88);
#6952=FILL_AREA_STYLE_COLOUR('',#8174);
#6953=VERTEX_POINT('',#8175);
#6954=LINE('',#8176,#8177);
#6955=CIRCLE('',#8178,16.0);
#6956=FILL_AREA_STYLE_COLOUR('',#8179);
#6957=VERTEX_POINT('',#8180);
#6958=VERTEX_POINT('',#8181);
#6959=CIRCLE('',#8182,0.3);
#6960=CIRCLE('',#8183,16.207163717094);
#6961=B_SPLINE_CURVE_WITH_KNOTS('',4,(#8184,#8185,#8186,#8187,#8188),.UNSPECIFIED.,.F.,.F.,(5,5),(0.0,0.369441003410211),.UNSPECIFIED.);
#6962=VERTEX_POINT('',#8189);
#6963=CIRCLE('',#8190,16.1);
#6964=CIRCLE('',#8191,16.1);
#6965=FILL_AREA_STYLE_COLOUR('',#8192);
#6966=VERTEX_POINT('',#8193);
#6967=LINE('',#8194,#8195);
#6968=CIRCLE('',#8196,16.1);
#6969=FILL_AREA_STYLE_COLOUR('',#8197);
#6970=LINE('',#8198,#8199);
#6971=VERTEX_POINT('',#8200);
#6972=CIRCLE('',#8201,13.5);
#6973=VERTEX_POINT('',#8202);
#6974=CIRCLE('',#8203,13.5000000000001);
#6975=CIRCLE('',#8204,13.5);
#6976=VERTEX_POINT('',#8205);
#6977=CIRCLE('',#8206,13.5);
#6978=CIRCLE('',#8207,13.5000000000001);
#6979=FILL_AREA_STYLE_COLOUR('',#8208);
#6980=LINE('',#8209,#8210);
#6981=CIRCLE('',#8211,18.0);
#6982=FILL_AREA_STYLE_COLOUR('',#8212);
#6983=LINE('',#8213,#8214);
#6984=CIRCLE('',#8215,18.0);
#6985=FILL_AREA_STYLE_COLOUR('',#8216);
#6986=VERTEX_POINT('',#8217);
#6987=CIRCLE('',#8218,16.1);
#6988=CIRCLE('',#8219,16.1);
#6989=VERTEX_POINT('',#8220);
#6990=CIRCLE('',#8221,16.0);
#6991=CIRCLE('',#8222,16.0);
#6992=FILL_AREA_STYLE_COLOUR('',#8223);
#6993=VERTEX_POINT('',#8224);
#6994=CIRCLE('',#8225,13.5);
#6995=VERTEX_POINT('',#8226);
#6996=CIRCLE('',#8227,13.4999999999999);
#6997=VERTEX_POINT('',#8228);
#6998=CIRCLE('',#8229,13.5);
#6999=VERTEX_POINT('',#8230);
#7000=LINE('',#8231,#8232);
#7001=VERTEX_POINT('',#8233);
#7002=CIRCLE('',#8234,13.5);
#7003=CIRCLE('',#8235,13.4999999999999);
#7004=FILL_AREA_STYLE_COLOUR('',#8236);
#7005=LINE('',#8237,#8238);
#7006=CIRCLE('',#8239,16.1);
#7007=FILL_AREA_STYLE_COLOUR('',#8240);
#7008=CIRCLE('',#8241,16.207163717094);
#7009=FILL_AREA_STYLE_COLOUR('',#8242);
#7010=CIRCLE('',#8243,16.0);
#7011=LINE('',#8244,#8245);
#7012=FILL_AREA_STYLE_COLOUR('',#8246);
#7013=FILL_AREA_STYLE_COLOUR('',#8247);
#7014=VERTEX_POINT('',#8248);
#7015=CIRCLE('',#8249,13.8535533905933);
#7016=VERTEX_POINT('',#8250);
#7017=B_SPLINE_CURVE_WITH_KNOTS('',5,(#8251,#8252,#8253,#8254,#8255,#8256),.UNSPECIFIED.,.F.,.F.,(6,6),(17.8711223899168,18.919416110214),.UNSPECIFIED.);
#7018=B_SPLINE_CURVE_WITH_KNOTS('',4,(#8257,#8258,#8259,#8260,#8261),.UNSPECIFIED.,.F.,.F.,(5,5),(1.45595342932793,2.94424765558751),.UNSPECIFIED.);
#7019=FILL_AREA_STYLE_COLOUR('',#8262);
#7020=VERTEX_POINT('',#8263);
#7021=B_SPLINE_CURVE_WITH_KNOTS('',4,(#8264,#8265,#8266,#8267,#8268),.UNSPECIFIED.,.F.,.F.,(5,5),(0.0,1.0),.UNSPECIFIED.);
#7022=VERTEX_POINT('',#8269);
#7023=B_SPLINE_CURVE_WITH_KNOTS('',4,(#8270,#8271,#8272,#8273,#8274),.UNSPECIFIED.,.F.,.F.,(5,5),(0.0,1.0),.UNSPECIFIED.);
#7024=B_SPLINE_CURVE_WITH_KNOTS('',4,(#8275,#8276,#8277,#8278,#8279),.UNSPECIFIED.,.F.,.F.,(5,5),(17.8711265945478,18.9194230601742),.UNSPECIFIED.);
#7025=FILL_AREA_STYLE_COLOUR('',#8280);
#7026=VERTEX_POINT('',#8281);
#7027=B_SPLINE_CURVE_WITH_KNOTS('',5,(#8282,#8283,#8284,#8285,#8286,#8287,#8288,#8289,#8290,#8291,#8292,#8293,#8294,#8295,#8296),.UNSPECIFIED.,.F.,.F.,(6,3,3,3,6),(0.0,2.02923422390449,5.70887694444258,7.17717196363323,7.39017054455148),.UNSPECIFIED.);
#7028=B_SPLINE_CURVE_WITH_KNOTS('',5,(#8297,#8298,#8299,#8300,#8301,#8302,#8303,#8304,#8305,#8306,#8307,#8308),.UNSPECIFIED.,.F.,.F.,(6,3,3,6),(1.45600706863367,3.74797386644849,6.03994066426331,10.1625343214733),.UNSPECIFIED.);
#7029=FILL_AREA_STYLE_COLOUR('',#8309);
#7030=VERTEX_POINT('',#8310);
#7031=B_SPLINE_CURVE_WITH_KNOTS('',4,(#8311,#8312,#8313,#8314,#8315),.UNSPECIFIED.,.F.,.F.,(5,5),(0.0,1.0),.UNSPECIFIED.);
#7032=VERTEX_POINT('',#8316);
#7033=B_SPLINE_CURVE_WITH_KNOTS('',4,(#8317,#8318,#8319,#8320,#8321),.UNSPECIFIED.,.F.,.F.,(5,5),(17.8711310646161,18.919416110214),.UNSPECIFIED.);
#7034=B_SPLINE_CURVE_WITH_KNOTS('',4,(#8322,#8323,#8324,#8325,#8326),.UNSPECIFIED.,.F.,.F.,(5,5),(0.0,1.0),.UNSPECIFIED.);
#7035=FILL_AREA_STYLE_COLOUR('',#8327);
#7036=VERTEX_POINT('',#8328);
#7037=B_SPLINE_CURVE_WITH_KNOTS('',5,(#8329,#8330,#8331,#8332,#8333,#8334,#8335,#8336,#8337,#8338,#8339,#8340),.UNSPECIFIED.,.F.,.F.,(6,3,3,6),(1.45600173149271,3.74796476864428,6.03992780579586,10.1625200626917),.UNSPECIFIED.);
#7038=B_SPLINE_CURVE_WITH_KNOTS('',5,(#8341,#8342,#8343,#8344,#8345,#8346,#8347,#8348,#8349,#8350,#8351,#8352,#8353,#8354,#8355),.UNSPECIFIED.,.F.,.F.,(6,3,3,3,6),(0.0,2.02923081562896,5.70887163462219,7.17715858603552,7.39014548431129),.UNSPECIFIED.);
#7039=FILL_AREA_STYLE_COLOUR('',#8356);
#7040=B_SPLINE_CURVE_WITH_KNOTS('',4,(#8357,#8358,#8359,#8360,#8361),.UNSPECIFIED.,.F.,.F.,(5,5),(0.647323408737882,1.45888596017593),.UNSPECIFIED.);
#7041=FILL_AREA_STYLE_COLOUR('',#8362);
#7042=VERTEX_POINT('',#8363);
#7043=B_SPLINE_CURVE_WITH_KNOTS('',5,(#8364,#8365,#8366,#8367,#8368,#8369),.UNSPECIFIED.,.F.,.F.,(6,6),(0.0,1.0),.UNSPECIFIED.);
#7044=B_SPLINE_CURVE_WITH_KNOTS('',4,(#8370,#8371,#8372,#8373,#8374),.UNSPECIFIED.,.F.,.F.,(5,5),(0.647332594521291,1.45890169212895),.UNSPECIFIED.);
#7045=FILL_AREA_STYLE_COLOUR('',#8375);
#7046=VERTEX_POINT('',#8376);
#7047=B_SPLINE_CURVE_WITH_KNOTS('',5,(#8377,#8378,#8379,#8380,#8381,#8382),.UNSPECIFIED.,.F.,.F.,(6,6),(0.0,1.0),.UNSPECIFIED.);
#7048=B_SPLINE_CURVE_WITH_KNOTS('',4,(#8383,#8384,#8385,#8386,#8387),.UNSPECIFIED.,.F.,.F.,(5,5),(0.647323408737882,1.45888596017593),.UNSPECIFIED.);
#7049=FILL_AREA_STYLE_COLOUR('',#8388);
#7050=CIRCLE('',#8389,18.0);
#7051=FILL_AREA_STYLE_COLOUR('',#8390);
#7052=VERTEX_POINT('',#8391);
#7053=CIRCLE('',#8392,13.5);
#7054=VERTEX_POINT('',#8393);
#7055=CIRCLE('',#8394,13.4999999999999);
#7056=CIRCLE('',#8395,13.5);
#7057=VERTEX_POINT('',#8396);
#7058=CIRCLE('',#8397,13.5);
#7059=CIRCLE('',#8398,13.4999999999999);
#7060=FILL_AREA_STYLE_COLOUR('',#8399);
#7061=CIRCLE('',#8400,16.1);
#7062=FILL_AREA_STYLE_COLOUR('',#8401);
#7063=CIRCLE('',#8402,16.207163717094);
#7064=FILL_AREA_STYLE_COLOUR('',#8403);
#7065=CIRCLE('',#8404,16.0);
#7066=FILL_AREA_STYLE_COLOUR('',#8405);
#7067=CIRCLE('',#8406,15.88);
#7068=FILL_AREA_STYLE_COLOUR('',#8407);
#7069=VERTEX_POINT('',#8408);
#7070=CIRCLE('',#8409,13.8535533905933);
#7071=VERTEX_POINT('',#8410);
#7072=B_SPLINE_CURVE_WITH_KNOTS('',5,(#8411,#8412,#8413,#8414,#8415,#8416),.UNSPECIFIED.,.F.,.F.,(6,6),(17.8711265945718,18.9194230602008),.UNSPECIFIED.);
#7073=B_SPLINE_CURVE_WITH_KNOTS('',4,(#8417,#8418,#8419,#8420,#8421),.UNSPECIFIED.,.F.,.F.,(5,5),(1.45600706863623,2.94425513078799),.UNSPECIFIED.);
#7074=FILL_AREA_STYLE_COLOUR('',#8422);
#7075=VERTEX_POINT('',#8423);
#7076=B_SPLINE_CURVE_WITH_KNOTS('',5,(#8424,#8425,#8426,#8427,#8428,#8429,#8430,#8431,#8432,#8433,#8434,#8435,#8436,#8437,#8438),.UNSPECIFIED.,.F.,.F.,(6,3,3,3,6),(0.0,2.02923422393872,5.70887694447628,7.17717196424516,7.39017054519846),.UNSPECIFIED.);
#7077=VERTEX_POINT('',#8439);
#7078=B_SPLINE_CURVE_WITH_KNOTS('',4,(#8440,#8441,#8442,#8443,#8444),.UNSPECIFIED.,.F.,.F.,(5,5),(1.17063033924096E-06,1.0),.UNSPECIFIED.);
#7079=B_SPLINE_CURVE_WITH_KNOTS('',5,(#8445,#8446,#8447,#8448,#8449,#8450,#8451,#8452,#8453,#8454,#8455,#8456),.UNSPECIFIED.,.F.,.F.,(6,3,3,6),(1.45600706863623,3.74797386644906,6.03994066426188,10.1625343215201),.UNSPECIFIED.);
#7080=FILL_AREA_STYLE_COLOUR('',#8457);
#7081=VERTEX_POINT('',#8458);
#7082=B_SPLINE_CURVE_WITH_KNOTS('',4,(#8459,#8460,#8461,#8462,#8463),.UNSPECIFIED.,.F.,.F.,(5,5),(0.0,0.999998055617682),.UNSPECIFIED.);
#7083=B_SPLINE_CURVE_WITH_KNOTS('',4,(#8464,#8465,#8466,#8467,#8468),.UNSPECIFIED.,.F.,.F.,(5,5),(17.8711265945718,18.9194230602008),.UNSPECIFIED.);
#7084=FILL_AREA_STYLE_COLOUR('',#8469);
#7085=VERTEX_POINT('',#8470);
#7086=B_SPLINE_CURVE_WITH_KNOTS('',5,(#8471,#8472,#8473,#8474,#8475,#8476,#8477,#8478,#8479,#8480,#8481,#8482,#8483,#8484,#8485),.UNSPECIFIED.,.F.,.F.,(6,3,3,3,6),(0.0,2.02923081567613,5.70887163464009,7.17715858588942,7.39014548415542),.UNSPECIFIED.);
#7087=VERTEX_POINT('',#8486);
#7088=B_SPLINE_CURVE_WITH_KNOTS('',5,(#8487,#8488,#8489,#8490,#8491,#8492,#8493,#8494,#8495,#8496,#8497,#8498),.UNSPECIFIED.,.F.,.F.,(6,3,3,6),(1.456001731501,3.74796476866877,6.03992780583655,10.1625200627366),.UNSPECIFIED.);
#7089=B_SPLINE_CURVE_WITH_KNOTS('',4,(#8499,#8500,#8501,#8502,#8503),.UNSPECIFIED.,.F.,.F.,(5,5),(0.0,0.999996197929649),.UNSPECIFIED.);
#7090=FILL_AREA_STYLE_COLOUR('',#8504);
#7091=VERTEX_POINT('',#8505);
#7092=B_SPLINE_CURVE_WITH_KNOTS('',4,(#8506,#8507,#8508,#8509,#8510),.UNSPECIFIED.,.F.,.F.,(5,5),(17.8711310642486,18.9194161098646),.UNSPECIFIED.);
#7093=B_SPLINE_CURVE_WITH_KNOTS('',4,(#8511,#8512,#8513,#8514,#8515),.UNSPECIFIED.,.F.,.F.,(5,5),(1.85188901461555E-06,1.0),.UNSPECIFIED.);
#7094=FILL_AREA_STYLE_COLOUR('',#8516);
#7095=VERTEX_POINT('',#8517);
#7096=CIRCLE('',#8518,14.0);
#7097=B_SPLINE_CURVE_WITH_KNOTS('',4,(#8519,#8520,#8521,#8522,#8523),.UNSPECIFIED.,.F.,.F.,(5,5),(0.647332594520907,1.45890169212888),.UNSPECIFIED.);
#7098=FILL_AREA_STYLE_COLOUR('',#8524);
#7099=VERTEX_POINT('',#8525);
#7100=B_SPLINE_CURVE_WITH_KNOTS('',5,(#8526,#8527,#8528,#8529,#8530,#8531),.UNSPECIFIED.,.F.,.F.,(6,6),(0.0,1.0),.UNSPECIFIED.);
#7101=B_SPLINE_CURVE_WITH_KNOTS('',4,(#8532,#8533,#8534,#8535,#8536),.UNSPECIFIED.,.F.,.F.,(5,5),(0.647332594520907,1.45890169212888),.UNSPECIFIED.);
#7102=FILL_AREA_STYLE_COLOUR('',#8537);
#7103=VERTEX_POINT('',#8538);
#7104=B_SPLINE_CURVE_WITH_KNOTS('',4,(#8539,#8540,#8541,#8542,#8543),.UNSPECIFIED.,.F.,.F.,(5,5),(0.647323408737129,1.45888596017516),.UNSPECIFIED.);
#7105=B_SPLINE_CURVE_WITH_KNOTS('',5,(#8544,#8545,#8546,#8547,#8548,#8549),.UNSPECIFIED.,.F.,.F.,(6,6),(0.0,1.0),.UNSPECIFIED.);
#7106=FILL_AREA_STYLE_COLOUR('',#8550);
#7107=VERTEX_POINT('',#8551);
#7108=CIRCLE('',#8552,16.1);
#7109=CIRCLE('',#8553,16.1);
#7110=VERTEX_POINT('',#8554);
#7111=CIRCLE('',#8555,16.0);
#7112=CIRCLE('',#8556,16.0);
#7113=FILL_AREA_STYLE_COLOUR('',#8557);
#7114=CIRCLE('',#8558,16.1);
#7115=LINE('',#8559,#8560);
#7116=FILL_AREA_STYLE_COLOUR('',#8561);
#7117=CIRCLE('',#8562,16.207163717094);
#7118=FILL_AREA_STYLE_COLOUR('',#8563);
#7119=LINE('',#8564,#8565);
#7120=CIRCLE('',#8566,16.0);
#7121=FILL_AREA_STYLE_COLOUR('',#8567);
#7122=CIRCLE('',#8568,15.88);
#7123=FILL_AREA_STYLE_COLOUR('',#8569);
#7124=VERTEX_POINT('',#8570);
#7125=CIRCLE('',#8571,13.8535533905933);
#7126=VERTEX_POINT('',#8572);
#7127=B_SPLINE_CURVE_WITH_KNOTS('',5,(#8573,#8574,#8575,#8576,#8577,#8578),.UNSPECIFIED.,.F.,.F.,(6,6),(17.8711265945965,18.9194230602306),.UNSPECIFIED.);
#7128=B_SPLINE_CURVE_WITH_KNOTS('',4,(#8579,#8580,#8581,#8582,#8583),.UNSPECIFIED.,.F.,.F.,(5,5),(1.45600706870435,2.94425513085683),.UNSPECIFIED.);
#7129=FILL_AREA_STYLE_COLOUR('',#8584);
#7130=VERTEX_POINT('',#8585);
#7131=B_SPLINE_CURVE_WITH_KNOTS('',4,(#8586,#8587,#8588,#8589,#8590),.UNSPECIFIED.,.F.,.F.,(5,5),(1.17063037152877E-06,1.0),.UNSPECIFIED.);
#7132=VERTEX_POINT('',#8591);
#7133=B_SPLINE_CURVE_WITH_KNOTS('',4,(#8592,#8593,#8594,#8595,#8596),.UNSPECIFIED.,.F.,.F.,(5,5),(0.0,0.999998055617699),.UNSPECIFIED.);
#7134=B_SPLINE_CURVE_WITH_KNOTS('',4,(#8597,#8598,#8599,#8600,#8601),.UNSPECIFIED.,.F.,.F.,(5,5),(17.8711265945965,18.9194230602306),.UNSPECIFIED.);
#7135=FILL_AREA_STYLE_COLOUR('',#8602);
#7136=VERTEX_POINT('',#8603);
#7137=B_SPLINE_CURVE_WITH_KNOTS('',5,(#8604,#8605,#8606,#8607,#8608,#8609,#8610,#8611,#8612,#8613,#8614,#8615,#8616,#8617,#8618),.UNSPECIFIED.,.F.,.F.,(6,3,3,3,6),(0.0,2.02923422388473,5.70887694444195,7.17717196363094,7.39017054453786),.UNSPECIFIED.);
#7138=B_SPLINE_CURVE_WITH_KNOTS('',5,(#8619,#8620,#8621,#8622,#8623,#8624,#8625,#8626,#8627,#8628,#8629,#8630),.UNSPECIFIED.,.F.,.F.,(6,3,3,6),(1.45600706870435,3.74797386784252,6.03994066698069,10.1625343215299),.UNSPECIFIED.);
#7139=FILL_AREA_STYLE_COLOUR('',#8631);
#7140=VERTEX_POINT('',#8632);
#7141=B_SPLINE_CURVE_WITH_KNOTS('',4,(#8633,#8634,#8635,#8636,#8637),.UNSPECIFIED.,.F.,.F.,(5,5),(0.0,1.0),.UNSPECIFIED.);
#7142=VERTEX_POINT('',#8638);
#7143=B_SPLINE_CURVE_WITH_KNOTS('',4,(#8639,#8640,#8641,#8642,#8643),.UNSPECIFIED.,.F.,.F.,(5,5),(0.0,1.0),.UNSPECIFIED.);
#7144=B_SPLINE_CURVE_WITH_KNOTS('',4,(#8644,#8645,#8646,#8647,#8648),.UNSPECIFIED.,.F.,.F.,(5,5),(4.01348405846009,5.06624839233404),.UNSPECIFIED.);
#7145=FILL_AREA_STYLE_COLOUR('',#8649);
#7146=VERTEX_POINT('',#8650);
#7147=B_SPLINE_CURVE_WITH_KNOTS('',5,(#8651,#8652,#8653,#8654,#8655,#8656,#8657,#8658,#8659,#8660,#8661,#8662,#8663,#8664,#8665,#8666,#8667,#8668),.UNSPECIFIED.,.F.,.F.,(6,3,3,3,3,6),(0.0,2.03532100816814,4.8330437743205,6.59673012790006,7.18278866918629,7.39281263810224),.UNSPECIFIED.);
#7148=B_SPLINE_CURVE_WITH_KNOTS('',5,(#8669,#8670,#8671,#8672,#8673,#8674,#8675,#8676,#8677),.UNSPECIFIED.,.F.,.F.,(6,3,6),(4.57830579617114,8.70091028613168,13.2918566282895),.UNSPECIFIED.);
#7149=FILL_AREA_STYLE_COLOUR('',#8678);
#7150=VERTEX_POINT('',#8679);
#7151=CIRCLE('',#8680,14.0);
#7152=B_SPLINE_CURVE_WITH_KNOTS('',4,(#8681,#8682,#8683,#8684,#8685),.UNSPECIFIED.,.F.,.F.,(5,5),(0.647332594521103,1.45890169212854),.UNSPECIFIED.);
#7153=FILL_AREA_STYLE_COLOUR('',#8686);
#7154=VERTEX_POINT('',#8687);
#7155=B_SPLINE_CURVE_WITH_KNOTS('',5,(#8688,#8689,#8690,#8691,#8692,#8693),.UNSPECIFIED.,.F.,.F.,(6,6),(0.0,1.0),.UNSPECIFIED.);
#7156=B_SPLINE_CURVE_WITH_KNOTS('',4,(#8694,#8695,#8696,#8697,#8698),.UNSPECIFIED.,.F.,.F.,(5,5),(0.647332594521103,1.45890169212854),.UNSPECIFIED.);
#7157=FILL_AREA_STYLE_COLOUR('',#8699);
#7158=VERTEX_POINT('',#8700);
#7159=B_SPLINE_CURVE_WITH_KNOTS('',5,(#8701,#8702,#8703,#8704,#8705,#8706),.UNSPECIFIED.,.F.,.F.,(6,6),(0.0,1.0),.UNSPECIFIED.);
#7160=B_SPLINE_CURVE_WITH_KNOTS('',4,(#8707,#8708,#8709,#8710,#8711),.UNSPECIFIED.,.F.,.F.,(5,5),(0.595902776372439,1.40752304500873),.UNSPECIFIED.);
#7161=FILL_AREA_STYLE_COLOUR('',#8712);
#7162=CIRCLE('',#8713,16.1);
#7163=FILL_AREA_STYLE_COLOUR('',#8714);
#7164=CIRCLE('',#8715,16.207163717094);
#7165=FILL_AREA_STYLE_COLOUR('',#8716);
#7166=CIRCLE('',#8717,16.0);
#7167=FILL_AREA_STYLE_COLOUR('',#8718);
#7168=FILL_AREA_STYLE_COLOUR('',#8719);
#7169=VERTEX_POINT('',#8720);
#7170=CIRCLE('',#8721,13.8535533905933);
#7171=VERTEX_POINT('',#8722);
#7172=B_SPLINE_CURVE_WITH_KNOTS('',4,(#8723,#8724,#8725,#8726,#8727),.UNSPECIFIED.,.F.,.F.,(5,5),(4.01348405846915,5.06624839233359),.UNSPECIFIED.);
#7173=B_SPLINE_CURVE_WITH_KNOTS('',3,(#8728,#8729,#8730,#8731),.UNSPECIFIED.,.F.,.F.,(4,4),(11.803599976876,13.2918566283365),.UNSPECIFIED.);
#7174=FILL_AREA_STYLE_COLOUR('',#8732);
#7175=VERTEX_POINT('',#8733);
#7176=B_SPLINE_CURVE_WITH_KNOTS('',5,(#8734,#8735,#8736,#8737,#8738,#8739,#8740,#8741,#8742,#8743,#8744,#8745,#8746,#8747,#8748),.UNSPECIFIED.,.F.,.F.,(6,3,3,3,6),(0.0,2.02923422390888,5.70887694450651,7.17717196348476,7.39017054438181),.UNSPECIFIED.);
#7177=VERTEX_POINT('',#8749);
#7178=B_SPLINE_CURVE_WITH_KNOTS('',5,(#8750,#8751,#8752,#8753,#8754,#8755,#8756,#8757,#8758,#8759,#8760,#8761),.UNSPECIFIED.,.F.,.F.,(6,3,3,6),(1.45600706871706,3.74797386786868,6.03994066702029,10.1625343215703),.UNSPECIFIED.);
#7179=B_SPLINE_CURVE_WITH_KNOTS('',4,(#8762,#8763,#8764,#8765,#8766),.UNSPECIFIED.,.F.,.F.,(5,5),(0.0,0.999999999999999),.UNSPECIFIED.);
#7180=FILL_AREA_STYLE_COLOUR('',#8767);
#7181=VERTEX_POINT('',#8768);
#7182=B_SPLINE_CURVE_WITH_KNOTS('',4,(#8769,#8770,#8771,#8772,#8773),.UNSPECIFIED.,.F.,.F.,(5,5),(0.0,1.0),.UNSPECIFIED.);
#7183=B_SPLINE_CURVE_WITH_KNOTS('',4,(#8774,#8775,#8776,#8777,#8778),.UNSPECIFIED.,.F.,.F.,(5,5),(17.8711265946098,18.9194230602379),.UNSPECIFIED.);
#7184=FILL_AREA_STYLE_COLOUR('',#8779);
#7185=VERTEX_POINT('',#8780);
#7186=VERTEX_POINT('',#8781);
#7187=B_SPLINE_CURVE_WITH_KNOTS('',5,(#8782,#8783,#8784,#8785,#8786,#8787,#8788,#8789,#8790),.UNSPECIFIED.,.F.,.F.,(6,3,6),(4.57830579618103,8.70091028614503,13.2918566283365),.UNSPECIFIED.);
#7188=B_SPLINE_CURVE_WITH_KNOTS('',5,(#8791,#8792,#8793,#8794,#8795,#8796,#8797,#8798,#8799,#8800,#8801,#8802,#8803,#8804,#8805,#8806,#8807,#8808),.UNSPECIFIED.,.F.,.F.,(6,3,3,3,3,6),(0.0,2.03532100816887,4.8330437742534,6.59673012784054,7.18278866912927,7.39281263803768),.UNSPECIFIED.);
#7189=B_SPLINE_CURVE_WITH_KNOTS('',4,(#8809,#8810,#8811,#8812,#8813),.UNSPECIFIED.,.F.,.F.,(5,5),(0.0,1.0),.UNSPECIFIED.);
#7190=FILL_AREA_STYLE_COLOUR('',#8814);
#7191=VERTEX_POINT('',#8815);
#7192=B_SPLINE_CURVE_WITH_KNOTS('',4,(#8816,#8817,#8818,#8819,#8820),.UNSPECIFIED.,.F.,.F.,(5,5),(0.0,0.999999999999999),.UNSPECIFIED.);
#7193=B_SPLINE_CURVE_WITH_KNOTS('',4,(#8821,#8822,#8823,#8824,#8825),.UNSPECIFIED.,.F.,.F.,(5,5),(4.01348405846915,5.06624839233359),.UNSPECIFIED.);
#7194=FILL_AREA_STYLE_COLOUR('',#8826);
#7195=B_SPLINE_CURVE_WITH_KNOTS('',4,(#8827,#8828,#8829,#8830,#8831),.UNSPECIFIED.,.F.,.F.,(5,5),(0.59590277637238,1.40752304500896),.UNSPECIFIED.);
#7196=FILL_AREA_STYLE_COLOUR('',#8832);
#7197=VERTEX_POINT('',#8833);
#7198=B_SPLINE_CURVE_WITH_KNOTS('',5,(#8834,#8835,#8836,#8837,#8838,#8839),.UNSPECIFIED.,.F.,.F.,(6,6),(0.0,1.0),.UNSPECIFIED.);
#7199=B_SPLINE_CURVE_WITH_KNOTS('',4,(#8840,#8841,#8842,#8843,#8844),.UNSPECIFIED.,.F.,.F.,(5,5),(0.647332594520915,1.45890169212895),.UNSPECIFIED.);
#7200=FILL_AREA_STYLE_COLOUR('',#8845);
#7201=VERTEX_POINT('',#8846);
#7202=B_SPLINE_CURVE_WITH_KNOTS('',5,(#8847,#8848,#8849,#8850,#8851,#8852),.UNSPECIFIED.,.F.,.F.,(6,6),(0.0,1.0),.UNSPECIFIED.);
#7203=B_SPLINE_CURVE_WITH_KNOTS('',4,(#8853,#8854,#8855,#8856,#8857),.UNSPECIFIED.,.F.,.F.,(5,5),(0.59590277637238,1.40752304500896),.UNSPECIFIED.);
#7204=FILL_AREA_STYLE_COLOUR('',#8858);
#7205=VERTEX_POINT('',#8859);
#7206=B_SPLINE_CURVE_WITH_KNOTS('',3,(#8860,#8861,#8862,#8863),.UNSPECIFIED.,.F.,.F.,(4,4),(6.56077157880174,9.30378552824596),.UNSPECIFIED.);
#7207=B_SPLINE_CURVE_WITH_KNOTS('',5,(#8864,#8865,#8866,#8867,#8868,#8869,#8870,#8871,#8872,#8873,#8874,#8875,#8876,#8877,#8878),.UNSPECIFIED.,.F.,.F.,(6,3,3,3,6),(2.36554458183638,3.24591996846048,3.81682404911724,4.45871916567396,4.88261064255931),.UNSPECIFIED.);
#7208=FILL_AREA_STYLE_COLOUR('',#8879);
#7209=VERTEX_POINT('',#8880);
#7210=B_SPLINE_CURVE_WITH_KNOTS('',4,(#8881,#8882,#8883,#8884,#8885),.UNSPECIFIED.,.F.,.F.,(5,5),(0.0,1.0),.UNSPECIFIED.);
#7211=VERTEX_POINT('',#8886);
#7212=B_SPLINE_CURVE_WITH_KNOTS('',4,(#8887,#8888,#8889,#8890,#8891),.UNSPECIFIED.,.F.,.F.,(5,5),(0.0,0.999985647563051),.UNSPECIFIED.);
#7213=B_SPLINE_CURVE_WITH_KNOTS('',5,(#8892,#8893,#8894,#8895,#8896,#8897),.UNSPECIFIED.,.F.,.F.,(6,6),(3.81709135503481,6.56077622789074),.UNSPECIFIED.);
#7214=FILL_AREA_STYLE_COLOUR('',#8898);
#7215=VERTEX_POINT('',#8899);
#7216=B_SPLINE_CURVE_WITH_KNOTS('',5,(#8900,#8901,#8902,#8903,#8904,#8905),.UNSPECIFIED.,.F.,.F.,(6,6),(0.0,1.0),.UNSPECIFIED.);
#7217=B_SPLINE_CURVE_WITH_KNOTS('',5,(#8906,#8907,#8908,#8909,#8910,#8911,#8912,#8913,#8914),.UNSPECIFIED.,.F.,.F.,(6,3,6),(2.36553438088208,3.81681093605454,4.88259257820536),.UNSPECIFIED.);
#7218=FILL_AREA_STYLE_COLOUR('',#8915);
#7219=VERTEX_POINT('',#8916);
#7220=B_SPLINE_CURVE_WITH_KNOTS('',4,(#8917,#8918,#8919,#8920,#8921),.UNSPECIFIED.,.F.,.F.,(5,5),(2.80012867746978E-06,1.0),.UNSPECIFIED.);
#7221=VERTEX_POINT('',#8922);
#7222=B_SPLINE_CURVE_WITH_KNOTS('',5,(#8923,#8924,#8925,#8926,#8927,#8928,#8929,#8930,#8931),.UNSPECIFIED.,.F.,.F.,(6,3,6),(6.56077968679802,7.32858571666636,9.30378552824596),.UNSPECIFIED.);
#7223=B_SPLINE_CURVE_WITH_KNOTS('',4,(#8932,#8933,#8934,#8935,#8936),.UNSPECIFIED.,.F.,.F.,(5,5),(2.09731639030284E-06,1.0),.UNSPECIFIED.);
#7224=FILL_AREA_STYLE_COLOUR('',#8937);
#7225=VERTEX_POINT('',#8938);
#7226=B_SPLINE_CURVE_WITH_KNOTS('',5,(#8939,#8940,#8941,#8942,#8943,#8944,#8945,#8946,#8947),.UNSPECIFIED.,.F.,.F.,(6,3,6),(2.36554458183638,3.81682404911724,4.88260606213977),.UNSPECIFIED.);
#7227=B_SPLINE_CURVE_WITH_KNOTS('',5,(#8948,#8949,#8950,#8951,#8952,#8953),.UNSPECIFIED.,.F.,.F.,(6,6),(0.0,1.0),.UNSPECIFIED.);
#7228=FILL_AREA_STYLE_COLOUR('',#8954);
#7229=VERTEX_POINT('',#8955);
#7230=B_SPLINE_CURVE_WITH_KNOTS('',3,(#8956,#8957,#8958,#8959),.UNSPECIFIED.,.F.,.F.,(4,4),(3.67749008290659,4.00635690123296),.UNSPECIFIED.);
#7231=VERTEX_POINT('',#8960);
#7232=LINE('',#8961,#8962);
#7233=CIRCLE('',#8963,14.0);
#7234=FILL_AREA_STYLE_COLOUR('',#8964);
#7235=VERTEX_POINT('',#8965);
#7236=B_SPLINE_CURVE_WITH_KNOTS('',5,(#8966,#8967,#8968,#8969,#8970,#8971),.UNSPECIFIED.,.F.,.F.,(6,6),(0.0,1.0),.UNSPECIFIED.);
#7237=VERTEX_POINT('',#8972);
#7238=CIRCLE('',#8973,1.0);
#7239=LINE('',#8974,#8975);
#7240=FILL_AREA_STYLE_COLOUR('',#8976);
#7241=B_SPLINE_CURVE_WITH_KNOTS('',3,(#8977,#8978,#8979,#8980),.UNSPECIFIED.,.F.,.F.,(4,4),(3.67749008290659,4.00635690123296),.UNSPECIFIED.);
#7242=FILL_AREA_STYLE_COLOUR('',#8981);
#7243=VERTEX_POINT('',#8982);
#7244=B_SPLINE_CURVE_WITH_KNOTS('',5,(#8983,#8984,#8985,#8986,#8987,#8988),.UNSPECIFIED.,.F.,.F.,(6,6),(0.0,1.0),.UNSPECIFIED.);
#7245=VERTEX_POINT('',#8989);
#7246=LINE('',#8990,#8991);
#7247=CIRCLE('',#8992,1.0);
#7248=FILL_AREA_STYLE_COLOUR('',#8993);
#7249=B_SPLINE_CURVE_WITH_KNOTS('',3,(#8994,#8995,#8996,#8997),.UNSPECIFIED.,.F.,.F.,(4,4),(3.67748746361196,4.00635398371031),.UNSPECIFIED.);
#7250=FILL_AREA_STYLE_COLOUR('',#8998);
#7251=VERTEX_POINT('',#8999);
#7252=B_SPLINE_CURVE_WITH_KNOTS('',3,(#9000,#9001,#9002,#9003),.UNSPECIFIED.,.F.,.F.,(4,4),(3.8169025882191,6.56030224776583),.UNSPECIFIED.);
#7253=VERTEX_POINT('',#9004);
#7254=B_SPLINE_CURVE_WITH_KNOTS('',5,(#9005,#9006,#9007,#9008,#9009,#9010,#9011,#9012,#9013,#9014,#9015,#9016),.UNSPECIFIED.,.F.,.F.,(6,3,3,6),(2.36552561599543,3.29162067519894,3.93544669651929,4.88323743742281),.UNSPECIFIED.);
#7255=CIRCLE('',#9017,14.8);
#7256=FILL_AREA_STYLE_COLOUR('',#9018);
#7257=VERTEX_POINT('',#9019);
#7258=B_SPLINE_CURVE_WITH_KNOTS('',5,(#9020,#9021,#9022,#9023,#9024,#9025),.UNSPECIFIED.,.F.,.F.,(6,6),(0.0,1.0),.UNSPECIFIED.);
#7259=VERTEX_POINT('',#9026);
#7260=B_SPLINE_CURVE_WITH_KNOTS('',4,(#9027,#9028,#9029,#9030,#9031),.UNSPECIFIED.,.F.,.F.,(5,5),(0.0,1.0),.UNSPECIFIED.);
#7261=B_SPLINE_CURVE_WITH_KNOTS('',5,(#9032,#9033,#9034,#9035,#9036,#9037,#9038,#9039,#9040,#9041,#9042,#9043),.UNSPECIFIED.,.F.,.F.,(6,3,3,6),(2.36552561599543,3.29162067519894,3.93544669651929,4.88323743742281),.UNSPECIFIED.);
#7262=FILL_AREA_STYLE_COLOUR('',#9044);
#7263=B_SPLINE_CURVE_WITH_KNOTS('',5,(#9045,#9046,#9047,#9048,#9049,#9050),.UNSPECIFIED.,.F.,.F.,(6,6),(3.8169025882191,6.56030224776583),.UNSPECIFIED.);
#7264=FILL_AREA_STYLE_COLOUR('',#9051);
#7265=VERTEX_POINT('',#9052);
#7266=B_SPLINE_CURVE_WITH_KNOTS('',5,(#9053,#9054,#9055,#9056,#9057,#9058),.UNSPECIFIED.,.F.,.F.,(6,6),(0.0,1.0),.UNSPECIFIED.);
#7267=VERTEX_POINT('',#9059);
#7268=B_SPLINE_CURVE_WITH_KNOTS('',5,(#9060,#9061,#9062,#9063,#9064,#9065,#9066,#9067,#9068,#9069,#9070,#9071),.UNSPECIFIED.,.F.,.F.,(6,3,3,6),(2.36553585157502,3.29163279843838,3.93545998699346,4.88325098757489),.UNSPECIFIED.);
#7269=B_SPLINE_CURVE_WITH_KNOTS('',4,(#9072,#9073,#9074,#9075,#9076),.UNSPECIFIED.,.F.,.F.,(5,5),(0.0,0.999999999999999),.UNSPECIFIED.);
#7270=FILL_AREA_STYLE_COLOUR('',#9077);
#7271=B_SPLINE_CURVE_WITH_KNOTS('',5,(#9078,#9079,#9080,#9081,#9082,#9083,#9084,#9085,#9086),.UNSPECIFIED.,.F.,.F.,(6,3,6),(6.56114908171587,7.62870211043049,9.30414743793072),.UNSPECIFIED.);
#7272=FILL_AREA_STYLE_COLOUR('',#9087);
#7273=VERTEX_POINT('',#9088);
#7274=CIRCLE('',#9089,14.0);
#7275=VERTEX_POINT('',#9090);
#7276=LINE('',#9091,#9092);
#7277=B_SPLINE_CURVE_WITH_KNOTS('',3,(#9093,#9094,#9095,#9096),.UNSPECIFIED.,.F.,.F.,(4,4),(7.54760290607881,7.87646427187543),.UNSPECIFIED.);
#7278=FILL_AREA_STYLE_COLOUR('',#9097);
#7279=VERTEX_POINT('',#9098);
#7280=B_SPLINE_CURVE_WITH_KNOTS('',5,(#9099,#9100,#9101,#9102,#9103,#9104),.UNSPECIFIED.,.F.,.F.,(6,6),(0.0,1.0),.UNSPECIFIED.);
#7281=VERTEX_POINT('',#9105);
#7282=CIRCLE('',#9106,1.0);
#7283=LINE('',#9107,#9108);
#7284=FILL_AREA_STYLE_COLOUR('',#9109);
#7285=B_SPLINE_CURVE_WITH_KNOTS('',3,(#9110,#9111,#9112,#9113),.UNSPECIFIED.,.F.,.F.,(4,4),(7.54760269566356,7.87646427187543),.UNSPECIFIED.);
#7286=FILL_AREA_STYLE_COLOUR('',#9114);
#7287=VERTEX_POINT('',#9115);
#7288=B_SPLINE_CURVE_WITH_KNOTS('',5,(#9116,#9117,#9118,#9119,#9120,#9121),.UNSPECIFIED.,.F.,.F.,(6,6),(0.0,1.0),.UNSPECIFIED.);
#7289=VERTEX_POINT('',#9122);
#7290=LINE('',#9123,#9124);
#7291=CIRCLE('',#9125,1.0);
#7292=FILL_AREA_STYLE_COLOUR('',#9126);
#7293=B_SPLINE_CURVE_WITH_KNOTS('',3,(#9127,#9128,#9129,#9130),.UNSPECIFIED.,.F.,.F.,(4,4),(7.54760251862147,7.87646384620463),.UNSPECIFIED.);
#7294=FILL_AREA_STYLE_COLOUR('',#9131);
#7295=B_SPLINE_CURVE_WITH_KNOTS('',5,(#9132,#9133,#9134,#9135,#9136,#9137),.UNSPECIFIED.,.F.,.F.,(6,6),(5.7931265984028,7.86691974961443),.UNSPECIFIED.);
#7296=FILL_AREA_STYLE_COLOUR('',#9138);
#7297=B_SPLINE_CURVE_WITH_KNOTS('',5,(#9139,#9140,#9141,#9142,#9143,#9144),.UNSPECIFIED.,.F.,.F.,(6,6),(5.7931265984028,7.86691974961443),.UNSPECIFIED.);
#7298=FILL_AREA_STYLE_COLOUR('',#9145);
#7299=B_SPLINE_CURVE_WITH_KNOTS('',5,(#9146,#9147,#9148,#9149,#9150,#9151),.UNSPECIFIED.,.F.,.F.,(6,6),(5.79315882176726,7.86694435697479),.UNSPECIFIED.);
#7300=FILL_AREA_STYLE_COLOUR('',#9152);
#7301=B_SPLINE_CURVE_WITH_KNOTS('',5,(#9153,#9154,#9155,#9156,#9157,#9158),.UNSPECIFIED.,.F.,.F.,(6,6),(3.71945861974156,5.79320391438258),.UNSPECIFIED.);
#7302=FILL_AREA_STYLE_COLOUR('',#9159);
#7303=B_SPLINE_CURVE_WITH_KNOTS('',5,(#9160,#9161,#9162,#9163,#9164,#9165),.UNSPECIFIED.,.F.,.F.,(6,6),(3.71945861974156,5.79320391438258),.UNSPECIFIED.);
#7304=FILL_AREA_STYLE_COLOUR('',#9166);
#7305=B_SPLINE_CURVE_WITH_KNOTS('',5,(#9167,#9168,#9169,#9170,#9171,#9172),.UNSPECIFIED.,.F.,.F.,(6,6),(3.71930878689041,5.79301689064192),.UNSPECIFIED.);
#7306=FILL_AREA_STYLE_COLOUR('',#9173);
#7307=VERTEX_POINT('',#9174);
#7308=B_SPLINE_CURVE_WITH_KNOTS('',3,(#9175,#9176,#9177,#9178),.UNSPECIFIED.,.F.,.F.,(4,4),(3.817091355035,6.56077395388287),.UNSPECIFIED.);
#7309=VERTEX_POINT('',#9179);
#7310=B_SPLINE_CURVE_WITH_KNOTS('',5,(#9180,#9181,#9182,#9183,#9184,#9185,#9186,#9187,#9188,#9189,#9190,#9191,#9192,#9193,#9194),.UNSPECIFIED.,.F.,.F.,(6,3,3,3,6),(2.36553438087943,3.24590796100647,3.81681093605037,4.4587054461254,4.88259257820039),.UNSPECIFIED.);
#7311=CIRCLE('',#9195,14.8);
#7312=FILL_AREA_STYLE_COLOUR('',#9196);
#7313=VERTEX_POINT('',#9197);
#7314=B_SPLINE_CURVE_WITH_KNOTS('',4,(#9198,#9199,#9200,#9201,#9202),.UNSPECIFIED.,.F.,.F.,(5,5),(0.0,0.999975348522948),.UNSPECIFIED.);
#7315=VERTEX_POINT('',#9203);
#7316=B_SPLINE_CURVE_WITH_KNOTS('',4,(#9204,#9205,#9206,#9207,#9208),.UNSPECIFIED.,.F.,.F.,(5,5),(0.0,1.0),.UNSPECIFIED.);
#7317=B_SPLINE_CURVE_WITH_KNOTS('',5,(#9209,#9210,#9211,#9212,#9213,#9214),.UNSPECIFIED.,.F.,.F.,(6,6),(3.817091355035,6.56077622789109),.UNSPECIFIED.);
#7318=FILL_AREA_STYLE_COLOUR('',#9215);
#7319=VERTEX_POINT('',#9216);
#7320=B_SPLINE_CURVE_WITH_KNOTS('',5,(#9217,#9218,#9219,#9220,#9221,#9222),.UNSPECIFIED.,.F.,.F.,(6,6),(0.0,1.0),.UNSPECIFIED.);
#7321=B_SPLINE_CURVE_WITH_KNOTS('',5,(#9223,#9224,#9225,#9226,#9227,#9228,#9229,#9230,#9231),.UNSPECIFIED.,.F.,.F.,(6,3,6),(2.36553438087943,3.81681093605037,4.88259257820039),.UNSPECIFIED.);
#7322=FILL_AREA_STYLE_COLOUR('',#9232);
#7323=VERTEX_POINT('',#9233);
#7324=B_SPLINE_CURVE_WITH_KNOTS('',4,(#9234,#9235,#9236,#9237,#9238),.UNSPECIFIED.,.F.,.F.,(5,5),(0.0,0.999998323981958),.UNSPECIFIED.);
#7325=VERTEX_POINT('',#9239);
#7326=B_SPLINE_CURVE_WITH_KNOTS('',4,(#9240,#9241,#9242,#9243,#9244),.UNSPECIFIED.,.F.,.F.,(5,5),(0.0,0.999985647564358),.UNSPECIFIED.);
#7327=B_SPLINE_CURVE_WITH_KNOTS('',5,(#9245,#9246,#9247,#9248,#9249,#9250),.UNSPECIFIED.,.F.,.F.,(6,6),(3.81709135499621,6.56077622782213),.UNSPECIFIED.);
#7328=FILL_AREA_STYLE_COLOUR('',#9251);
#7329=VERTEX_POINT('',#9252);
#7330=B_SPLINE_CURVE_WITH_KNOTS('',5,(#9253,#9254,#9255,#9256,#9257,#9258),.UNSPECIFIED.,.F.,.F.,(6,6),(0.0,1.0),.UNSPECIFIED.);
#7331=B_SPLINE_CURVE_WITH_KNOTS('',5,(#9259,#9260,#9261,#9262,#9263,#9264,#9265,#9266,#9267,#9268,#9269,#9270),.UNSPECIFIED.,.F.,.F.,(6,3,3,6),(2.2983444153917,2.7729259278073,3.74868700779909,4.8150106631819),.UNSPECIFIED.);
#7332=FILL_AREA_STYLE_COLOUR('',#9271);
#7333=VERTEX_POINT('',#9272);
#7334=CIRCLE('',#9273,14.0);
#7335=VERTEX_POINT('',#9274);
#7336=LINE('',#9275,#9276);
#7337=B_SPLINE_CURVE_WITH_KNOTS('',3,(#9277,#9278,#9279,#9280),.UNSPECIFIED.,.F.,.F.,(4,4),(7.54760290607951,7.87646427187616),.UNSPECIFIED.);
#7338=FILL_AREA_STYLE_COLOUR('',#9281);
#7339=VERTEX_POINT('',#9282);
#7340=B_SPLINE_CURVE_WITH_KNOTS('',5,(#9283,#9284,#9285,#9286,#9287,#9288),.UNSPECIFIED.,.F.,.F.,(6,6),(0.0,1.0),.UNSPECIFIED.);
#7341=VERTEX_POINT('',#9289);
#7342=CIRCLE('',#9290,1.0);
#7343=LINE('',#9291,#9292);
#7344=FILL_AREA_STYLE_COLOUR('',#9293);
#7345=B_SPLINE_CURVE_WITH_KNOTS('',3,(#9294,#9295,#9296,#9297),.UNSPECIFIED.,.F.,.F.,(4,4),(7.54760269566425,7.87646427187616),.UNSPECIFIED.);
#7346=FILL_AREA_STYLE_COLOUR('',#9298);
#7347=VERTEX_POINT('',#9299);
#7348=B_SPLINE_CURVE_WITH_KNOTS('',5,(#9300,#9301,#9302,#9303,#9304,#9305),.UNSPECIFIED.,.F.,.F.,(6,6),(0.0,1.0),.UNSPECIFIED.);
#7349=VERTEX_POINT('',#9306);
#7350=CIRCLE('',#9307,1.0);
#7351=LINE('',#9308,#9309);
#7352=FILL_AREA_STYLE_COLOUR('',#9310);
#7353=B_SPLINE_CURVE_WITH_KNOTS('',3,(#9311,#9312,#9313,#9314),.UNSPECIFIED.,.F.,.F.,(4,4),(3.67749008291013,4.00635690123664),.UNSPECIFIED.);
#7354=FILL_AREA_STYLE_COLOUR('',#9315);
#7355=VERTEX_POINT('',#9316);
#7356=B_SPLINE_CURVE_WITH_KNOTS('',3,(#9317,#9318,#9319,#9320),.UNSPECIFIED.,.F.,.F.,(4,4),(3.8171524161537,6.56093623809194),.UNSPECIFIED.);
#7357=B_SPLINE_CURVE_WITH_KNOTS('',5,(#9321,#9322,#9323,#9324,#9325,#9326,#9327,#9328,#9329,#9330,#9331,#9332),.UNSPECIFIED.,.F.,.F.,(6,3,3,6),(2.29834441539589,2.7729259278112,3.74868700780118,4.81501066318469),.UNSPECIFIED.);
#7358=FILL_AREA_STYLE_COLOUR('',#9333);
#7359=VERTEX_POINT('',#9334);
#7360=B_SPLINE_CURVE_WITH_KNOTS('',4,(#9335,#9336,#9337,#9338,#9339),.UNSPECIFIED.,.F.,.F.,(5,5),(1.24049023284433E-05,1.0),.UNSPECIFIED.);
#7361=VERTEX_POINT('',#9340);
#7362=B_SPLINE_CURVE_WITH_KNOTS('',5,(#9341,#9342,#9343,#9344,#9345,#9346),.UNSPECIFIED.,.F.,.F.,(6,6),(0.0,0.999999066420866),.UNSPECIFIED.);
#7363=B_SPLINE_CURVE_WITH_KNOTS('',5,(#9347,#9348,#9349,#9350,#9351,#9352,#9353,#9354,#9355,#9356,#9357,#9358),.UNSPECIFIED.,.F.,.F.,(6,3,3,6),(2.36550841968356,3.62221555249445,4.57394040654099,4.88227366539663),.UNSPECIFIED.);
#7364=FILL_AREA_STYLE_COLOUR('',#9359);
#7365=B_SPLINE_CURVE_WITH_KNOTS('',5,(#9360,#9361,#9362,#9363,#9364,#9365),.UNSPECIFIED.,.F.,.F.,(6,6),(3.81690258746342,6.56030224650439),.UNSPECIFIED.);
#7366=FILL_AREA_STYLE_COLOUR('',#9366);
#7367=VERTEX_POINT('',#9367);
#7368=B_SPLINE_CURVE_WITH_KNOTS('',5,(#9368,#9369,#9370,#9371,#9372,#9373),.UNSPECIFIED.,.F.,.F.,(6,6),(0.0,1.0),.UNSPECIFIED.);
#7369=VERTEX_POINT('',#9374);
#7370=B_SPLINE_CURVE_WITH_KNOTS('',4,(#9375,#9376,#9377,#9378,#9379),.UNSPECIFIED.,.F.,.F.,(5,5),(0.0,0.99997147823487),.UNSPECIFIED.);
#7371=B_SPLINE_CURVE_WITH_KNOTS('',5,(#9380,#9381,#9382,#9383,#9384,#9385,#9386,#9387,#9388,#9389,#9390,#9391),.UNSPECIFIED.,.F.,.F.,(6,3,3,6),(2.29834441539589,2.7729259278112,3.74868700780118,4.81501066318469),.UNSPECIFIED.);
#7372=FILL_AREA_STYLE_COLOUR('',#9392);
#7373=B_SPLINE_CURVE_WITH_KNOTS('',5,(#9393,#9394,#9395,#9396,#9397,#9398),.UNSPECIFIED.,.F.,.F.,(6,6),(3.8171524161537,6.56093623809194),.UNSPECIFIED.);
#7374=FILL_AREA_STYLE_COLOUR('',#9399);
#7375=VERTEX_POINT('',#9400);
#7376=B_SPLINE_CURVE_WITH_KNOTS('',3,(#9401,#9402,#9403,#9404),.UNSPECIFIED.,.F.,.F.,(4,4),(3.67749008291082,4.00635690123732),.UNSPECIFIED.);
#7377=VERTEX_POINT('',#9405);
#7378=LINE('',#9406,#9407);
#7379=CIRCLE('',#9408,14.0);
#7380=FILL_AREA_STYLE_COLOUR('',#9409);
#7381=VERTEX_POINT('',#9410);
#7382=B_SPLINE_CURVE_WITH_KNOTS('',5,(#9411,#9412,#9413,#9414,#9415,#9416),.UNSPECIFIED.,.F.,.F.,(6,6),(0.0,1.0),.UNSPECIFIED.);
#7383=VERTEX_POINT('',#9417);
#7384=CIRCLE('',#9418,1.0);
#7385=LINE('',#9419,#9420);
#7386=FILL_AREA_STYLE_COLOUR('',#9421);
#7387=B_SPLINE_CURVE_WITH_KNOTS('',3,(#9422,#9423,#9424,#9425),.UNSPECIFIED.,.F.,.F.,(4,4),(3.67749008291082,4.00635690123732),.UNSPECIFIED.);
#7388=FILL_AREA_STYLE_COLOUR('',#9426);
#7389=VERTEX_POINT('',#9427);
#7390=B_SPLINE_CURVE_WITH_KNOTS('',5,(#9428,#9429,#9430,#9431,#9432,#9433),.UNSPECIFIED.,.F.,.F.,(6,6),(0.0,1.0),.UNSPECIFIED.);
#7391=VERTEX_POINT('',#9434);
#7392=CIRCLE('',#9435,1.0);
#7393=LINE('',#9436,#9437);
#7394=FILL_AREA_STYLE_COLOUR('',#9438);
#7395=B_SPLINE_CURVE_WITH_KNOTS('',3,(#9439,#9440,#9441,#9442),.UNSPECIFIED.,.F.,.F.,(4,4),(7.54760269566564,7.87646427187757),.UNSPECIFIED.);
#7396=FILL_AREA_STYLE_COLOUR('',#9443);
#7397=B_SPLINE_CURVE_WITH_KNOTS('',5,(#9444,#9445,#9446,#9447,#9448,#9449),.UNSPECIFIED.,.F.,.F.,(6,6),(5.79312659840236,7.86691974961267),.UNSPECIFIED.);
#7398=FILL_AREA_STYLE_COLOUR('',#9450);
#7399=B_SPLINE_CURVE_WITH_KNOTS('',5,(#9451,#9452,#9453,#9454,#9455,#9456),.UNSPECIFIED.,.F.,.F.,(6,6),(5.79312659840236,7.86691974961267),.UNSPECIFIED.);
#7400=FILL_AREA_STYLE_COLOUR('',#9457);
#7401=B_SPLINE_CURVE_WITH_KNOTS('',5,(#9458,#9459,#9460,#9461,#9462,#9463),.UNSPECIFIED.,.F.,.F.,(6,6),(3.71945861972546,5.7932039143627),.UNSPECIFIED.);
#7402=FILL_AREA_STYLE_COLOUR('',#9464);
#7403=B_SPLINE_CURVE_WITH_KNOTS('',5,(#9465,#9466,#9467,#9468,#9469,#9470),.UNSPECIFIED.,.F.,.F.,(6,6),(3.71932332075764,5.79305093339747),.UNSPECIFIED.);
#7404=FILL_AREA_STYLE_COLOUR('',#9471);
#7405=B_SPLINE_CURVE_WITH_KNOTS('',5,(#9472,#9473,#9474,#9475,#9476,#9477),.UNSPECIFIED.,.F.,.F.,(6,6),(3.71932332075764,5.79305093339747),.UNSPECIFIED.);
#7406=FILL_AREA_STYLE_COLOUR('',#9478);
#7407=B_SPLINE_CURVE_WITH_KNOTS('',5,(#9479,#9480,#9481,#9482,#9483,#9484),.UNSPECIFIED.,.F.,.F.,(6,6),(5.79312659840673,7.86691974961834),.UNSPECIFIED.);
#7408=FILL_AREA_STYLE_COLOUR('',#9485);
#7409=FILL_AREA_STYLE_COLOUR('',#9486);
#7410=CIRCLE('',#9487,16.6749644996506);
#7411=FILL_AREA_STYLE_COLOUR('',#9488);
#7412=FILL_AREA_STYLE_COLOUR('',#9489);
#7413=CIRCLE('',#9490,16.6749644996506);
#7414=FILL_AREA_STYLE_COLOUR('',#9491);
#7415=FILL_AREA_STYLE_COLOUR('',#9492);
#7416=FILL_AREA_STYLE_COLOUR('',#9493);
#7417=CIRCLE('',#9494,17.6833967774944);
#7418=FILL_AREA_STYLE_COLOUR('',#9495);
#7419=FILL_AREA_STYLE_COLOUR('',#9496);
#7420=CIRCLE('',#9497,17.6833967774944);
#7421=FILL_AREA_STYLE_COLOUR('',#9498);
#7422=FILL_AREA_STYLE_COLOUR('',#9499);
#7423=FILL_AREA_STYLE_COLOUR('',#9500);
#7424=FILL_AREA_STYLE_COLOUR('',#9501);
#7425=VERTEX_POINT('',#9502);
#7426=CIRCLE('',#9503,1.0);
#7427=LINE('',#9504,#9505);
#7428=FILL_AREA_STYLE_COLOUR('',#9506);
#7429=VERTEX_POINT('',#9507);
#7430=LINE('',#9508,#9509);
#7431=CIRCLE('',#9510,1.0);
#7432=FILL_AREA_STYLE_COLOUR('',#9511);
#7433=VERTEX_POINT('',#9512);
#7434=LINE('',#9513,#9514);
#7435=CIRCLE('',#9515,1.0);
#7436=FILL_AREA_STYLE_COLOUR('',#9516);
#7437=VERTEX_POINT('',#9517);
#7438=CIRCLE('',#9518,1.0);
#7439=LINE('',#9519,#9520);
#7440=FILL_AREA_STYLE_COLOUR('',#9521);
#7441=CIRCLE('',#9522,1.0);
#7442=FILL_AREA_STYLE_COLOUR('',#9523);
#7443=CIRCLE('',#9524,1.0);
#7444=FILL_AREA_STYLE_COLOUR('',#9525);
#7445=VERTEX_POINT('',#9526);
#7446=LINE('',#9527,#9528);
#7447=LINE('',#9529,#9530);
#7448=FILL_AREA_STYLE_COLOUR('',#9531);
#7449=VERTEX_POINT('',#9532);
#7450=LINE('',#9533,#9534);
#7451=LINE('',#9535,#9536);
#7452=FILL_AREA_STYLE_COLOUR('',#9537);
#7453=VERTEX_POINT('',#9538);
#7454=CIRCLE('',#9539,1.0);
#7455=LINE('',#9540,#9541);
#7456=FILL_AREA_STYLE_COLOUR('',#9542);
#7457=VERTEX_POINT('',#9543);
#7458=LINE('',#9544,#9545);
#7459=CIRCLE('',#9546,1.0);
#7460=FILL_AREA_STYLE_COLOUR('',#9547);
#7461=CIRCLE('',#9548,1.0);
#7462=FILL_AREA_STYLE_COLOUR('',#9549);
#7463=CIRCLE('',#9550,1.0);
#7464=FILL_AREA_STYLE_COLOUR('',#9551);
#7465=CIRCLE('',#9552,0.999999999999999);
#7466=FILL_AREA_STYLE_COLOUR('',#9553);
#7467=CIRCLE('',#9554,0.999999999999999);
#7468=FILL_AREA_STYLE_COLOUR('',#9555);
#7469=LINE('',#9556,#9557);
#7470=FILL_AREA_STYLE_COLOUR('',#9558);
#7471=LINE('',#9559,#9560);
#7472=FILL_AREA_STYLE_COLOUR('',#9561);
#7473=FILL_AREA_STYLE_COLOUR('',#9562);
#7474=FILL_AREA_STYLE_COLOUR('',#9563);
#7475=VERTEX_POINT('',#9564);
#7476=LINE('',#9565,#9566);
#7477=CIRCLE('',#9567,1.0);
#7478=FILL_AREA_STYLE_COLOUR('',#9568);
#7479=VERTEX_POINT('',#9569);
#7480=CIRCLE('',#9570,1.0);
#7481=LINE('',#9571,#9572);
#7482=FILL_AREA_STYLE_COLOUR('',#9573);
#7483=VERTEX_POINT('',#9574);
#7484=CIRCLE('',#9575,1.0);
#7485=LINE('',#9576,#9577);
#7486=FILL_AREA_STYLE_COLOUR('',#9578);
#7487=VERTEX_POINT('',#9579);
#7488=LINE('',#9580,#9581);
#7489=CIRCLE('',#9582,1.0);
#7490=FILL_AREA_STYLE_COLOUR('',#9583);
#7491=CIRCLE('',#9584,0.999999999999999);
#7492=FILL_AREA_STYLE_COLOUR('',#9585);
#7493=CIRCLE('',#9586,0.999999999999999);
#7494=FILL_AREA_STYLE_COLOUR('',#9587);
#7495=VERTEX_POINT('',#9588);
#7496=LINE('',#9589,#9590);
#7497=LINE('',#9591,#9592);
#7498=FILL_AREA_STYLE_COLOUR('',#9593);
#7499=VERTEX_POINT('',#9594);
#7500=LINE('',#9595,#9596);
#7501=LINE('',#9597,#9598);
#7502=FILL_AREA_STYLE_COLOUR('',#9599);
#7503=VERTEX_POINT('',#9600);
#7504=LINE('',#9601,#9602);
#7505=CIRCLE('',#9603,1.0);
#7506=FILL_AREA_STYLE_COLOUR('',#9604);
#7507=VERTEX_POINT('',#9605);
#7508=CIRCLE('',#9606,1.0);
#7509=LINE('',#9607,#9608);
#7510=FILL_AREA_STYLE_COLOUR('',#9609);
#7511=CIRCLE('',#9610,1.0);
#7512=FILL_AREA_STYLE_COLOUR('',#9611);
#7513=CIRCLE('',#9612,1.0);
#7514=FILL_AREA_STYLE_COLOUR('',#9613);
#7515=CIRCLE('',#9614,1.0);
#7516=FILL_AREA_STYLE_COLOUR('',#9615);
#7517=CIRCLE('',#9616,1.0);
#7518=FILL_AREA_STYLE_COLOUR('',#9617);
#7519=LINE('',#9618,#9619);
#7520=FILL_AREA_STYLE_COLOUR('',#9620);
#7521=LINE('',#9621,#9622);
#7522=FILL_AREA_STYLE_COLOUR('',#9623);
#7523=FILL_AREA_STYLE_COLOUR('',#9624);
#7524=FILL_AREA_STYLE_COLOUR('',#9625);
#7525=COLOUR_RGB('',0.823529422283173,0.823529422283173,1.0);
#7526=CARTESIAN_POINT('',(-15.6882477701457,5.65095770353367,-15.4824524995969));
#7527=CARTESIAN_POINT('',(-16.6370075371939,5.9927040472271,-15.4987148669753));
#7528=AXIS2_PLACEMENT_3D('',#9626,#9627,#9628);
#7529=CARTESIAN_POINT('',(-16.6749644996506,-2.04209419003929E-15,-15.4824524995969));
#7530=AXIS2_PLACEMENT_3D('',#9629,#9630,#9631);
#7531=CARTESIAN_POINT('',(-3.06314128505893E-15,-16.6749644996506,-15.4824524995969));
#7532=AXIS2_PLACEMENT_3D('',#9632,#9633,#9634);
#7533=CARTESIAN_POINT('',(1.08279576308056E-15,-17.6833967774944,-15.4987148669753));
#7534=AXIS2_PLACEMENT_3D('',#9635,#9636,#9637);
#7535=CARTESIAN_POINT('',(-17.6833967774944,2.16559152616112E-15,-15.4987148669753));
#7536=AXIS2_PLACEMENT_3D('',#9638,#9639,#9640);
#7537=AXIS2_PLACEMENT_3D('',#9641,#9642,#9643);
#7538=COLOUR_RGB('',0.823529422283173,0.823529422283173,1.0);
#7539=CARTESIAN_POINT('',(16.1513113870325,-4.14603202396233,-15.4824524995969));
#7540=CARTESIAN_POINT('',(17.1280753095303,-4.3967667417499,-15.4987148669753));
#7541=AXIS2_PLACEMENT_3D('',#9644,#9645,#9646);
#7542=CARTESIAN_POINT('',(16.6749644996506,2.04209419003929E-15,-15.4824524995969));
#7543=AXIS2_PLACEMENT_3D('',#9647,#9648,#9649);
#7544=CARTESIAN_POINT('',(1.02104709501964E-15,16.6749644996506,-15.4824524995969));
#7545=AXIS2_PLACEMENT_3D('',#9650,#9651,#9652);
#7546=CARTESIAN_POINT('',(-3.24838728924167E-15,17.6833967774944,-15.4987148669753));
#7547=AXIS2_PLACEMENT_3D('',#9653,#9654,#9655);
#7548=CARTESIAN_POINT('',(17.6833967774944,-2.16559152616112E-15,-15.4987148669753));
#7549=AXIS2_PLACEMENT_3D('',#9656,#9657,#9658);
#7550=AXIS2_PLACEMENT_3D('',#9659,#9660,#9661);
#7551=COLOUR_RGB('',0.823529422283173,0.823529422283173,1.0);
#7552=CARTESIAN_POINT('',(16.207163717094,1.98480511693963E-15,-15.0899210354892));
#7553=CARTESIAN_POINT('',(16.0999999999999,1.97168134662723E-15,-15.0));
#7554=VECTOR('',#9662,1.0);
#7555=AXIS2_PLACEMENT_3D('',#9663,#9664,#9665);
#7556=CARTESIAN_POINT('',(-2.97720767540944E-15,-16.207163717094,-15.0899210354892));
#7557=CARTESIAN_POINT('',(-3.0560367324625E-15,-16.6362891166674,-15.45));
#7558=VECTOR('',#9666,0.999999999999999);
#7559=AXIS2_PLACEMENT_3D('',#9667,#9668,#9669);
#7560=COLOUR_RGB('',0.823529422283173,0.823529422283173,1.0);
#7561=CARTESIAN_POINT('',(18.0,2.20436423846524E-15,-15.25));
#7562=CARTESIAN_POINT('',(17.1725782333348,-2.10303429665609E-15,-15.9));
#7563=VECTOR('',#9670,1.0);
#7564=CARTESIAN_POINT('',(1.10218211923262E-15,18.0,-15.25));
#7565=CARTESIAN_POINT('',(-3.230548901341E-15,17.5862891166674,-15.575));
#7566=VECTOR('',#9671,1.0);
#7567=AXIS2_PLACEMENT_3D('',#9672,#9673,#9674);
#7568=COLOUR_RGB('',0.823529422283173,0.823529422283173,1.0);
#7569=CARTESIAN_POINT('',(-16.207163717094,-1.98480511693963E-15,-15.0899210354892));
#7570=CARTESIAN_POINT('',(-16.0999999999999,-1.97168134662723E-15,-15.0));
#7571=VECTOR('',#9675,1.0);
#7572=AXIS2_PLACEMENT_3D('',#9676,#9677,#9678);
#7573=CARTESIAN_POINT('',(9.92402558469813E-16,16.207163717094,-15.0899210354892));
#7574=CARTESIAN_POINT('',(1.01867891082083E-15,16.6362891166674,-15.45));
#7575=VECTOR('',#9679,0.999999999999999);
#7576=CARTESIAN_POINT('',(-15.6981798822833,4.02980199714127,-15.0899210354892));
#7577=AXIS2_PLACEMENT_3D('',#9680,#9681,#9682);
#7578=AXIS2_PLACEMENT_3D('',#9683,#9684,#9685);
#7579=COLOUR_RGB('',0.823529422283173,0.823529422283173,1.0);
#7580=CARTESIAN_POINT('',(-18.0,2.20436423846524E-15,-15.25));
#7581=CARTESIAN_POINT('',(-17.1725782333348,2.10303429665609E-15,-15.9));
#7582=VECTOR('',#9686,1.0);
#7583=CARTESIAN_POINT('',(-3.30654635769785E-15,-18.0,-15.25));
#7584=CARTESIAN_POINT('',(1.07684963378033E-15,-17.5862891166674,-15.575));
#7585=VECTOR('',#9687,1.0);
#7586=AXIS2_PLACEMENT_3D('',#9688,#9689,#9690);
#7587=COLOUR_RGB('',0.823529422283173,0.823529422283173,1.0);
#7588=CARTESIAN_POINT('',(-16.6370075371939,5.99270404722709,15.4987148669753));
#7589=CARTESIAN_POINT('',(-15.6882477701457,5.65095770353366,15.4824524995969));
#7590=AXIS2_PLACEMENT_3D('',#9691,#9692,#9693);
#7591=CARTESIAN_POINT('',(-17.6833967774944,-2.16559152616112E-15,15.4987148669753));
#7592=AXIS2_PLACEMENT_3D('',#9694,#9695,#9696);
#7593=CARTESIAN_POINT('',(1.08279576308056E-15,-17.6833967774944,15.4987148669753));
#7594=AXIS2_PLACEMENT_3D('',#9697,#9698,#9699);
#7595=CARTESIAN_POINT('',(-3.06314128505893E-15,-16.6749644996506,15.4824524995969));
#7596=AXIS2_PLACEMENT_3D('',#9700,#9701,#9702);
#7597=CARTESIAN_POINT('',(-16.6749644996506,2.04209419003929E-15,15.4824524995969));
#7598=AXIS2_PLACEMENT_3D('',#9703,#9704,#9705);
#7599=AXIS2_PLACEMENT_3D('',#9706,#9707,#9708);
#7600=COLOUR_RGB('',0.823529422283173,0.823529422283173,1.0);
#7601=CARTESIAN_POINT('',(17.1280753095303,-4.3967667417499,15.4987148669753));
#7602=CARTESIAN_POINT('',(16.1513113870325,-4.14603202396233,15.4824524995969));
#7603=AXIS2_PLACEMENT_3D('',#9709,#9710,#9711);
#7604=CARTESIAN_POINT('',(17.6833967774944,2.16559152616112E-15,15.4987148669753));
#7605=AXIS2_PLACEMENT_3D('',#9712,#9713,#9714);
#7606=CARTESIAN_POINT('',(-3.24838728924167E-15,17.6833967774944,15.4987148669753));
#7607=AXIS2_PLACEMENT_3D('',#9715,#9716,#9717);
#7608=CARTESIAN_POINT('',(1.02104709501964E-15,16.6749644996506,15.4824524995969));
#7609=AXIS2_PLACEMENT_3D('',#9718,#9719,#9720);
#7610=CARTESIAN_POINT('',(16.6749644996506,-2.04209419003929E-15,15.4824524995969));
#7611=AXIS2_PLACEMENT_3D('',#9721,#9722,#9723);
#7612=AXIS2_PLACEMENT_3D('',#9724,#9725,#9726);
#7613=COLOUR_RGB('',0.823529422283173,0.823529422283173,1.0);
#7614=CARTESIAN_POINT('',(16.207163717094,-1.98480511693963E-15,15.0899210354892));
#7615=CARTESIAN_POINT('',(16.0999999999999,-1.97168134662723E-15,15.0));
#7616=VECTOR('',#9727,1.0);
#7617=CARTESIAN_POINT('',(9.92402558469813E-16,16.207163717094,15.0899210354892));
#7618=CARTESIAN_POINT('',(1.01867891082083E-15,16.6362891166674,15.45));
#7619=VECTOR('',#9728,0.999999999999999);
#7620=CARTESIAN_POINT('',(15.6981798822833,4.02980199714127,15.0899210354892));
#7621=AXIS2_PLACEMENT_3D('',#9729,#9730,#9731);
#7622=AXIS2_PLACEMENT_3D('',#9732,#9733,#9734);
#7623=COLOUR_RGB('',0.823529422283173,0.823529422283173,1.0);
#7624=CARTESIAN_POINT('',(18.0,2.20436423846524E-15,15.25));
#7625=CARTESIAN_POINT('',(17.1725782333348,2.10303429665609E-15,15.9));
#7626=VECTOR('',#9735,1.0);
#7627=AXIS2_PLACEMENT_3D('',#9736,#9737,#9738);
#7628=CARTESIAN_POINT('',(-3.30654635769785E-15,-18.0,15.25));
#7629=CARTESIAN_POINT('',(1.07684963378033E-15,-17.5862891166674,15.575));
#7630=VECTOR('',#9739,1.0);
#7631=AXIS2_PLACEMENT_3D('',#9740,#9741,#9742);
#7632=COLOUR_RGB('',0.823529422283173,0.823529422283173,1.0);
#7633=CARTESIAN_POINT('',(-16.207163717094,1.98480511693963E-15,15.0899210354892));
#7634=CARTESIAN_POINT('',(-16.0999999999999,1.97168134662723E-15,15.0));
#7635=VECTOR('',#9743,1.0);
#7636=CARTESIAN_POINT('',(-2.97720767540944E-15,-16.207163717094,15.0899210354892));
#7637=CARTESIAN_POINT('',(-3.0560367324625E-15,-16.6362891166674,15.45));
#7638=VECTOR('',#9744,0.999999999999999);
#7639=AXIS2_PLACEMENT_3D('',#9745,#9746,#9747);
#7640=COLOUR_RGB('',0.823529422283173,0.823529422283173,1.0);
#7641=CARTESIAN_POINT('',(-18.0,2.20436423846524E-15,15.25));
#7642=CARTESIAN_POINT('',(-17.1725782333348,-2.10303429665609E-15,15.9));
#7643=VECTOR('',#9748,1.0);
#7644=AXIS2_PLACEMENT_3D('',#9749,#9750,#9751);
#7645=CARTESIAN_POINT('',(1.10218211923262E-15,18.0,15.25));
#7646=CARTESIAN_POINT('',(-3.230548901341E-15,17.5862891166674,15.575));
#7647=VECTOR('',#9752,1.0);
#7648=AXIS2_PLACEMENT_3D('',#9753,#9754,#9755);
#7649=COLOUR_RGB('',0.823529422283173,0.823529422283173,1.0);
#7650=CARTESIAN_POINT('',(13.7684032864949,5.42872645658605,-15.9));
#7651=CARTESIAN_POINT('',(13.0241652710087,5.13528178325708,-17.5));
#7652=AXIS2_PLACEMENT_3D('',#9756,#9757,#9758);
#7653=CARTESIAN_POINT('',(14.8,-1.81247726273808E-15,-15.9));
#7654=AXIS2_PLACEMENT_3D('',#9759,#9760,#9761);
#7655=CARTESIAN_POINT('',(3.62298208653692,-14.3497038575935,-15.9));
#7656=AXIS2_PLACEMENT_3D('',#9762,#9763,#9764);
#7657=CARTESIAN_POINT('',(3.68052200703775,-13.5075444754297,-17.5));
#7658=CARTESIAN_POINT('',(3.68052200703776,-13.5075444754297,-17.5));
#7659=CARTESIAN_POINT('',(3.68052203302829,-13.5075444683478,-17.1290265875627));
#7660=CARTESIAN_POINT('',(3.68157487430301,-13.5964870070172,-16.7585317640947));
#7661=CARTESIAN_POINT('',(3.68468793400512,-13.7733287464966,-16.4104842396254));
#7662=CARTESIAN_POINT('',(3.67347937302547,-14.0369892056743,-16.1181289805478));
#7663=CARTESIAN_POINT('',(3.62298208494968,-14.3497038579942,-15.9));
#7664=CARTESIAN_POINT('',(14.0,1.714505526797E-15,-17.5));
#7665=AXIS2_PLACEMENT_3D('',#9765,#9766,#9767);
#7666=AXIS2_PLACEMENT_3D('',#9768,#9769,#9770);
#7667=COLOUR_RGB('',0.823529422283173,0.823529422283173,1.0);
#7668=CARTESIAN_POINT('',(-13.5613975753042,3.47685142111847,-17.5));
#7669=CARTESIAN_POINT('',(-14.3363345796073,3.67552864518238,-15.9));
#7670=AXIS2_PLACEMENT_3D('',#9771,#9772,#9773);
#7671=CARTESIAN_POINT('',(-14.0,1.714505526797E-15,-17.5));
#7672=AXIS2_PLACEMENT_3D('',#9774,#9775,#9776);
#7673=CARTESIAN_POINT('',(-3.68052172685206,-13.5075445517744,-17.5));
#7674=AXIS2_PLACEMENT_3D('',#9777,#9778,#9779);
#7675=CARTESIAN_POINT('',(-3.62298208653691,-14.3497038575935,-15.9));
#7676=CARTESIAN_POINT('',(-3.62298208494968,-14.3497038579942,-15.9));
#7677=CARTESIAN_POINT('',(-3.67347820770809,-14.0369964221375,-16.1181239468222));
#7678=CARTESIAN_POINT('',(-3.68468485029418,-13.7733954935598,-16.4104419230501));
#7679=CARTESIAN_POINT('',(-3.68157698508534,-13.5965147606658,-16.7584086604982));
#7680=CARTESIAN_POINT('',(-3.68052093616485,-13.50754476722,-17.1289792785083));
#7681=CARTESIAN_POINT('',(-3.68052172685207,-13.5075445517744,-17.5));
#7682=CARTESIAN_POINT('',(-14.8,1.81247726273808E-15,-15.9));
#7683=AXIS2_PLACEMENT_3D('',#9780,#9781,#9782);
#7684=AXIS2_PLACEMENT_3D('',#9783,#9784,#9785);
#7685=COLOUR_RGB('',0.823529422283173,0.823529422283173,1.0);
#7686=CARTESIAN_POINT('',(14.0,1.714505526797E-15,-19.2928932188135));
#7687=CARTESIAN_POINT('',(14.0,1.714505526797E-15,-18.3964473062594));
#7688=VECTOR('',#9786,1.0);
#7689=CARTESIAN_POINT('',(3.68052200892474,-13.5075444749155,-19.0));
#7690=CARTESIAN_POINT('',(3.68052200892474,-13.5075444749155,-18.25));
#7691=VECTOR('',#9787,1.0);
#7692=CARTESIAN_POINT('',(3.65831003490683,-13.5135771610814,-19.2928932188135));
#7693=CARTESIAN_POINT('',(3.68052293822867,-13.5075442216997,-19.0000000000037));
#7694=CARTESIAN_POINT('',(3.68052257100704,-13.5075443217599,-19.0980403464398));
#7695=CARTESIAN_POINT('',(3.67309420115942,-13.5095748852136,-19.1960870681677));
#7696=CARTESIAN_POINT('',(3.65831003490683,-13.5135771610814,-19.2928932188135));
#7697=CARTESIAN_POINT('',(13.5602080516323,-3.48148784235238,-19.2928932188135));
#7698=AXIS2_PLACEMENT_3D('',#9788,#9789,#9790);
#7699=AXIS2_PLACEMENT_3D('',#9791,#9792,#9793);
#7700=COLOUR_RGB('',0.823529422283173,0.823529422283173,1.0);
#7701=CARTESIAN_POINT('',(15.88,-1.944739117046E-15,-15.09));
#7702=CARTESIAN_POINT('',(14.0,-1.71450551880629E-15,-16.5));
#7703=VECTOR('',#9794,1.0);
#7704=CARTESIAN_POINT('',(3.62298214351999,14.3497038432065,-15.9));
#7705=AXIS2_PLACEMENT_3D('',#9795,#9796,#9797);
#7706=CARTESIAN_POINT('',(1.92558476560805,15.404633633149,-15.3566125887111));
#7707=CARTESIAN_POINT('',(3.62298254304628,14.3497039785684,-15.8999998282155));
#7708=CARTESIAN_POINT('',(3.54157688025315,14.5120677980684,-15.7968777967989));
#7709=CARTESIAN_POINT('',(3.438872759568,14.6702303576412,-15.6998290481212));
#7710=CARTESIAN_POINT('',(3.31296752059206,14.8216122123797,-15.6105546016891));
#7711=CARTESIAN_POINT('',(3.0462649964657,15.0664854423586,-15.4733425373531));
#7712=CARTESIAN_POINT('',(2.7054131748802,15.2501192355525,-15.3847771518132));
#7713=CARTESIAN_POINT('',(2.54574375950152,15.314440213297,-15.3576507043921));
#7714=CARTESIAN_POINT('',(2.32221357440116,15.3743378208371,-15.3393762479372));
#7715=CARTESIAN_POINT('',(2.09341837677915,15.3991449058496,-15.3445243467203));
#7716=CARTESIAN_POINT('',(2.03732652897149,15.4030824151336,-15.3471875821003));
#7717=CARTESIAN_POINT('',(1.98132384405433,15.4048983836179,-15.3512303580985));
#7718=CARTESIAN_POINT('',(1.92558476560805,15.404633633149,-15.3566125887111));
#7719=CARTESIAN_POINT('',(-2.82893408986463E-15,15.3999999119977,-15.4500000660017));
#7720=CARTESIAN_POINT('',(1.92555677251677,15.4046216370029,-15.3566241204209));
#7721=CARTESIAN_POINT('',(1.28409295315245,15.4015733703627,-15.4185648737022));
#7722=CARTESIAN_POINT('',(0.642111217870814,15.3999992243564,-15.4500005817327));
#7723=CARTESIAN_POINT('',(2.80009338373274E-15,15.3999999119977,-15.4500000660017));
#7724=CARTESIAN_POINT('',(1.1187164629269E-14,15.88,-15.09));
#7725=CARTESIAN_POINT('',(-2.75545529808154E-15,15.0,-15.75));
#7726=VECTOR('',#9798,1.0);
#7727=CARTESIAN_POINT('',(15.3817034658549,3.94684665125309,-15.09));
#7728=AXIS2_PLACEMENT_3D('',#9799,#9800,#9801);
#7729=AXIS2_PLACEMENT_3D('',#9802,#9803,#9804);
#7730=COLOUR_RGB('',0.823529422283173,0.823529422283173,1.0);
#7731=CARTESIAN_POINT('',(-14.0,1.714505526797E-15,-19.2928932188135));
#7732=CARTESIAN_POINT('',(-14.0,1.714505526797E-15,-18.3964474660065));
#7733=VECTOR('',#9805,1.0);
#7734=CARTESIAN_POINT('',(-13.5602080516323,-3.48148784235238,-19.2928932188135));
#7735=AXIS2_PLACEMENT_3D('',#9806,#9807,#9808);
#7736=CARTESIAN_POINT('',(-3.65831154451985,-13.5135767524084,-19.2928932188135));
#7737=AXIS2_PLACEMENT_3D('',#9809,#9810,#9811);
#7738=CARTESIAN_POINT('',(-3.68052200892474,-13.5075444749155,-19.0));
#7739=CARTESIAN_POINT('',(-3.65831154451985,-13.5135767524084,-19.2928932188135));
#7740=CARTESIAN_POINT('',(-3.67309431744874,-13.5095748519599,-19.1960942596656));
#7741=CARTESIAN_POINT('',(-3.68052200892474,-13.5075444749155,-19.0980491415096));
#7742=CARTESIAN_POINT('',(-3.68052200892474,-13.5075444749155,-19.0));
#7743=CARTESIAN_POINT('',(-3.68052200892474,-13.5075444749155,-18.25));
#7744=VECTOR('',#9812,1.0);
#7745=COLOUR_RGB('',0.823529422283173,0.823529422283173,1.0);
#7746=CARTESIAN_POINT('',(-15.88,1.944739117046E-15,-15.09));
#7747=CARTESIAN_POINT('',(-14.0,1.71450551880629E-15,-16.5));
#7748=VECTOR('',#9813,1.0);
#7749=CARTESIAN_POINT('',(-1.92554630829866,-15.4046154672487,-15.3566296854368));
#7750=CARTESIAN_POINT('',(-1.92558385459336,-15.4046357909539,-15.3566110676029));
#7751=CARTESIAN_POINT('',(-2.01131343988934,-15.4050432245433,-15.3483327494774));
#7752=CARTESIAN_POINT('',(-2.0976483514961,-15.4005277931612,-15.3432252768154));
#7753=CARTESIAN_POINT('',(-2.18397087001802,-15.3909448383803,-15.3414303164105));
#7754=CARTESIAN_POINT('',(-2.44556862943812,-15.3462196978944,-15.3462305344786));
#7755=CARTESIAN_POINT('',(-2.69343904789329,-15.2567325965143,-15.3815963918586));
#7756=CARTESIAN_POINT('',(-2.84814155652957,-15.1783763947336,-15.4184487245045));
#7757=CARTESIAN_POINT('',(-3.14084281203589,-14.987060281832,-15.5169083762791));
#7758=CARTESIAN_POINT('',(-3.36847920093981,-14.7524109756439,-15.6516280042914));
#7759=CARTESIAN_POINT('',(-3.46950804747666,-14.6222055998605,-15.7293770857725));
#7760=CARTESIAN_POINT('',(-3.55391318364756,-14.4874637970406,-15.8125044457803));
#7761=CARTESIAN_POINT('',(-3.62298208653691,-14.3497038575935,-15.9));
#7762=CARTESIAN_POINT('',(-2.47650859044855E-15,-15.3999981963225,-15.4500013527581));
#7763=CARTESIAN_POINT('',(-1.92554630829866,-15.4046154672487,-15.3566296854368));
#7764=CARTESIAN_POINT('',(-1.28408596744578,-15.4015659823623,-15.4185707261747));
#7765=CARTESIAN_POINT('',(-0.642140462232336,-15.3999954319165,-15.4500034260629));
#7766=CARTESIAN_POINT('',(9.34971869527958E-12,-15.3999988878192,-15.4500008341356));
#7767=CARTESIAN_POINT('',(-2.5536987676865E-15,-15.88,-15.09));
#7768=CARTESIAN_POINT('',(-2.41218397451495E-15,-15.0,-15.75));
#7769=VECTOR('',#9814,1.0);
#7770=AXIS2_PLACEMENT_3D('',#9815,#9816,#9817);
#7771=COLOUR_RGB('',0.823529422283173,0.823529422283173,1.0);
#7772=CARTESIAN_POINT('',(-13.7684032864949,5.42872645658605,15.9));
#7773=CARTESIAN_POINT('',(-13.0241652710087,5.13528178325707,17.5));
#7774=AXIS2_PLACEMENT_3D('',#9818,#9819,#9820);
#7775=CARTESIAN_POINT('',(-14.8,-1.81247726273808E-15,15.9));
#7776=AXIS2_PLACEMENT_3D('',#9821,#9822,#9823);
#7777=CARTESIAN_POINT('',(-3.62298233447479,-14.3497037949946,15.9));
#7778=AXIS2_PLACEMENT_3D('',#9824,#9825,#9826);
#7779=CARTESIAN_POINT('',(-3.68052184228338,-13.5075445203218,17.5));
#7780=CARTESIAN_POINT('',(-3.62298320126394,-14.3497038142084,15.8999998268882));
#7781=CARTESIAN_POINT('',(-3.67346238272474,-14.0370916591325,16.1180575253102));
#7782=CARTESIAN_POINT('',(-3.68470693024038,-13.7732212181476,16.410525481795));
#7783=CARTESIAN_POINT('',(-3.68156704238438,-13.5965208536917,16.7585687636789));
#7784=CARTESIAN_POINT('',(-3.68052199008945,-13.5075444800478,17.1290032830785));
#7785=CARTESIAN_POINT('',(-3.68052184228339,-13.5075445203218,17.5));
#7786=CARTESIAN_POINT('',(-14.0,1.71450551885589E-15,17.5));
#7787=AXIS2_PLACEMENT_3D('',#9827,#9828,#9829);
#7788=AXIS2_PLACEMENT_3D('',#9830,#9831,#9832);
#7789=COLOUR_RGB('',0.823529422283173,0.823529422283173,1.0);
#7790=CARTESIAN_POINT('',(13.5613975753042,3.47685142111847,17.5));
#7791=CARTESIAN_POINT('',(14.3363345796073,3.67552864518238,15.9));
#7792=AXIS2_PLACEMENT_3D('',#9833,#9834,#9835);
#7793=CARTESIAN_POINT('',(14.0,1.71450551868149E-15,17.5));
#7794=AXIS2_PLACEMENT_3D('',#9836,#9837,#9838);
#7795=CARTESIAN_POINT('',(3.68052200714064,-13.5075444754016,17.5));
#7796=AXIS2_PLACEMENT_3D('',#9839,#9840,#9841);
#7797=CARTESIAN_POINT('',(3.6229824647101,-14.3497037621131,15.9));
#7798=CARTESIAN_POINT('',(3.68052200714064,-13.5075444754016,17.5));
#7799=CARTESIAN_POINT('',(3.68052203165252,-13.5075444687227,17.1290280145353));
#7800=CARTESIAN_POINT('',(3.68157456911833,-13.5964886342078,16.7585323506655));
#7801=CARTESIAN_POINT('',(3.68468851044558,-13.7733225260276,16.4104900782912));
#7802=CARTESIAN_POINT('',(3.67347919401341,-14.036990262596,16.1181282721421));
#7803=CARTESIAN_POINT('',(3.62298210173206,-14.3497037540659,15.9000000724935));
#7804=CARTESIAN_POINT('',(14.8,1.81247726273808E-15,15.9));
#7805=AXIS2_PLACEMENT_3D('',#9842,#9843,#9844);
#7806=AXIS2_PLACEMENT_3D('',#9845,#9846,#9847);
#7807=COLOUR_RGB('',0.823529422283173,0.823529422283173,1.0);
#7808=CARTESIAN_POINT('',(14.0,1.71450551868149E-15,19.2928932188135));
#7809=CARTESIAN_POINT('',(14.0,1.71450551868149E-15,18.3964480522402));
#7810=VECTOR('',#9848,1.0);
#7811=CARTESIAN_POINT('',(13.5602080516323,-3.48148784235238,19.2928932188135));
#7812=AXIS2_PLACEMENT_3D('',#9849,#9850,#9851);
#7813=CARTESIAN_POINT('',(3.65831003548181,-13.5135771609257,19.2928932188135));
#7814=AXIS2_PLACEMENT_3D('',#9852,#9853,#9854);
#7815=CARTESIAN_POINT('',(3.68052200892474,-13.5075444749155,19.0));
#7816=CARTESIAN_POINT('',(3.68052293487826,-13.5075442226126,19.0000000000037));
#7817=CARTESIAN_POINT('',(3.68052256897605,-13.5075443223133,19.0980403683517));
#7818=CARTESIAN_POINT('',(3.67309419144554,-13.5095748878426,19.1960871124078));
#7819=CARTESIAN_POINT('',(3.65831003548181,-13.5135771609257,19.2928932188135));
#7820=CARTESIAN_POINT('',(3.68052200892474,-13.5075444749155,18.25));
#7821=VECTOR('',#9855,1.0);
#7822=COLOUR_RGB('',0.823529422283173,0.823529422283173,1.0);
#7823=CARTESIAN_POINT('',(15.88,1.944739117046E-15,15.09));
#7824=CARTESIAN_POINT('',(14.0,1.71450551880629E-15,16.5));
#7825=VECTOR('',#9856,1.0);
#7826=CARTESIAN_POINT('',(1.9255791586383,-15.4046332774553,15.3566133750163));
#7827=CARTESIAN_POINT('',(3.6229824647101,-14.3497037621131,15.9));
#7828=CARTESIAN_POINT('',(3.56299429021953,-14.4693506625201,15.8240087091575));
#7829=CARTESIAN_POINT('',(3.49143962286938,-14.5867180352572,15.7513141704721));
#7830=CARTESIAN_POINT('',(3.40756858098701,-14.7006759356793,15.6826590545305));
#7831=CARTESIAN_POINT('',(3.24296662681248,-14.8852090609152,15.5749857940077));
#7832=CARTESIAN_POINT('',(3.03984681951002,-15.047690829129,15.4865922689615));
#7833=CARTESIAN_POINT('',(2.9499818920349,-15.1097861793392,15.4540931205032));
#7834=CARTESIAN_POINT('',(2.71228853329545,-15.2491420913595,15.3847509750454));
#7835=CARTESIAN_POINT('',(2.44101493635639,-15.3469085848384,15.3461958601257));
#7836=CARTESIAN_POINT('',(2.27081980272836,-15.3865843751701,15.3361839290438));
#7837=CARTESIAN_POINT('',(2.09700369595191,-15.4054483007933,15.3400598800635));
#7838=CARTESIAN_POINT('',(1.9255791586383,-15.4046332774553,15.3566133750163));
#7839=CARTESIAN_POINT('',(-2.47650839671059E-15,-15.3999969915763,15.4500022563178));
#7840=CARTESIAN_POINT('',(2.44249065417534E-15,-15.3999969915763,15.4500022563178));
#7841=CARTESIAN_POINT('',(0.641939863191704,-15.4000033277879,15.4499975041591));
#7842=CARTESIAN_POINT('',(1.28404504848865,-15.4015831877561,15.4185626723688));
#7843=CARTESIAN_POINT('',(1.92557928471104,-15.4046316170859,15.3566145989491));
#7844=CARTESIAN_POINT('',(-2.5536987676865E-15,-15.88,15.09));
#7845=CARTESIAN_POINT('',(-2.41218397451495E-15,-15.0,15.75));
#7846=VECTOR('',#9857,1.0);
#7847=AXIS2_PLACEMENT_3D('',#9858,#9859,#9860);
#7848=COLOUR_RGB('',0.823529422283173,0.823529422283173,1.0);
#7849=CARTESIAN_POINT('',(-14.0,1.71450551885589E-15,19.2928932188135));
#7850=CARTESIAN_POINT('',(-14.0,1.71450551885589E-15,18.396447422422));
#7851=VECTOR('',#9861,1.0);
#7852=CARTESIAN_POINT('',(-3.68052200892474,-13.5075444749155,19.0));
#7853=CARTESIAN_POINT('',(-3.68052200892474,-13.5075444749155,18.25));
#7854=VECTOR('',#9862,1.0);
#7855=CARTESIAN_POINT('',(-3.65831152287658,-13.5135767582675,19.2928932188135));
#7856=CARTESIAN_POINT('',(-3.65831152287658,-13.5135767582675,19.2928932188135));
#7857=CARTESIAN_POINT('',(-3.67309431489166,-13.5095748526776,19.1960941656601));
#7858=CARTESIAN_POINT('',(-3.68052200892473,-13.5075444749155,19.0980490525952));
#7859=CARTESIAN_POINT('',(-3.68052200892473,-13.5075444749155,19.0));
#7860=CARTESIAN_POINT('',(-13.5602080516323,-3.48148784235238,19.2928932188135));
#7861=AXIS2_PLACEMENT_3D('',#9863,#9864,#9865);
#7862=AXIS2_PLACEMENT_3D('',#9866,#9867,#9868);
#7863=COLOUR_RGB('',0.823529422283173,0.823529422283173,1.0);
#7864=CARTESIAN_POINT('',(-15.88,-1.944739117046E-15,15.09));
#7865=CARTESIAN_POINT('',(-14.0,-1.71450551880629E-15,16.5));
#7866=VECTOR('',#9869,1.0);
#7867=CARTESIAN_POINT('',(-3.62298231357362,14.3497038002717,15.9));
#7868=AXIS2_PLACEMENT_3D('',#9870,#9871,#9872);
#7869=CARTESIAN_POINT('',(-1.92554630829802,15.4046154672474,15.3566296854379));
#7870=CARTESIAN_POINT('',(-3.62298231357362,14.3497038002717,15.9));
#7871=CARTESIAN_POINT('',(-3.56595648261711,14.4634426059048,15.8277610847403));
#7872=CARTESIAN_POINT('',(-3.49847804522477,14.5751218626857,15.7585011151227));
#7873=CARTESIAN_POINT('',(-3.41989844651973,14.683769944264,15.6928590489841));
#7874=CARTESIAN_POINT('',(-3.27080696706389,14.8555179221564,15.5921447679209));
#7875=CARTESIAN_POINT('',(-3.08886177868685,15.0093476811751,15.5073403606701));
#7876=CARTESIAN_POINT('',(-3.01213010059733,15.0665238719536,15.4767892247439));
#7877=CARTESIAN_POINT('',(-2.83842434019752,15.1792621531259,15.4188282944827));
#7878=CARTESIAN_POINT('',(-2.64381005557924,15.2700288348646,15.3775413158821));
#7879=CARTESIAN_POINT('',(-2.53557412088585,15.3108024156612,15.3609824477623));
#7880=CARTESIAN_POINT('',(-2.34914843544304,15.3645830639033,15.3432346405536));
#7881=CARTESIAN_POINT('',(-2.15639191557304,15.3938337062833,15.3421167738555));
#7882=CARTESIAN_POINT('',(-2.07926414376329,15.4014330096928,15.3443498699762));
#7883=CARTESIAN_POINT('',(-2.00217979296193,15.4049987273673,15.3492155356702));
#7884=CARTESIAN_POINT('',(-1.92558317942849,15.4046348139529,15.3566118575033));
#7885=CARTESIAN_POINT('',(-2.82893408986466E-15,15.3999999119979,15.4500000660016));
#7886=CARTESIAN_POINT('',(-1.92554630829802,15.4046154672474,15.3566296854379));
#7887=CARTESIAN_POINT('',(-1.28408596744941,15.4015659823609,15.4185707261753));
#7888=CARTESIAN_POINT('',(-0.642140462237785,15.3999954319161,15.4500034260632));
#7889=CARTESIAN_POINT('',(9.35285182634971E-12,15.3999988878191,15.4500008341357));
#7890=CARTESIAN_POINT('',(1.1187164629269E-14,15.88,15.09));
#7891=CARTESIAN_POINT('',(-2.75545529808154E-15,15.0,15.75));
#7892=VECTOR('',#9873,1.0);
#7893=CARTESIAN_POINT('',(-15.3817034658549,3.94684665125309,15.09));
#7894=AXIS2_PLACEMENT_3D('',#9874,#9875,#9876);
#7895=AXIS2_PLACEMENT_3D('',#9877,#9878,#9879);
#7896=COLOUR_RGB('',0.823529422283173,0.823529422283173,1.0);
#7897=CARTESIAN_POINT('',(13.4183618736315,-3.44506983590929,-19.6464466094067));
#7898=AXIS2_PLACEMENT_3D('',#9880,#9881,#9882);
#7899=CARTESIAN_POINT('',(13.8535533905933,-6.21734754599757E-15,-19.6464466094067));
#7900=AXIS2_PLACEMENT_3D('',#9883,#9884,#9885);
#7901=CARTESIAN_POINT('',(3.29719513924008,13.4554615587794,-19.6464466094066));
#7902=AXIS2_PLACEMENT_3D('',#9886,#9887,#9888);
#7903=CARTESIAN_POINT('',(3.65831154451983,13.5135767524084,-19.2928932188135));
#7904=CARTESIAN_POINT('',(3.29719513924009,13.4554615587794,-19.6464466094067));
#7905=CARTESIAN_POINT('',(3.4152946139191,13.4883386924437,-19.5864061274747));
#7906=CARTESIAN_POINT('',(3.525272718938,13.5168094612161,-19.504438080067));
#7907=CARTESIAN_POINT('',(3.60879530930547,13.5269814740186,-19.4009663902183));
#7908=CARTESIAN_POINT('',(3.65831002786411,13.5135771629879,-19.2928932188135));
#7909=AXIS2_PLACEMENT_3D('',#9889,#9890,#9891);
#7910=COLOUR_RGB('',0.823529422283173,0.823529422283173,1.0);
#7911=CARTESIAN_POINT('',(13.5,1.65327317884893E-15,-20.0));
#7912=CARTESIAN_POINT('',(1.00000000000001,6.63005901989619E-14,-32.5));
#7913=VECTOR('',#9892,1.0);
#7914=CARTESIAN_POINT('',(2.89060307477151,13.1869031187812,-20.0));
#7915=AXIS2_PLACEMENT_3D('',#9893,#9894,#9895);
#7916=CARTESIAN_POINT('',(3.12126480164464,13.3115569342593,-19.8274054409554));
#7917=CARTESIAN_POINT('',(3.12125919926713,13.3115620822545,-19.8274017078418));
#7918=CARTESIAN_POINT('',(3.06174010790637,13.272296111478,-19.8792181880759));
#7919=CARTESIAN_POINT('',(3.00351204684486,13.2393716678498,-19.9243316862064));
#7920=CARTESIAN_POINT('',(2.94646126770386,13.2111404575084,-19.964364496156));
#7921=CARTESIAN_POINT('',(2.89060307477151,13.1869031187812,-19.9999999999999));
#7922=CARTESIAN_POINT('',(3.29719550072636,13.4554589056411,-19.64644910027));
#7923=CARTESIAN_POINT('',(3.26020480713736,13.4177526603143,-19.6918757484633));
#7924=CARTESIAN_POINT('',(3.22465309373337,13.3865416014651,-19.7305865592894));
#7925=CARTESIAN_POINT('',(3.18908179405714,13.3582906833921,-19.7663548495511));
#7926=CARTESIAN_POINT('',(3.15489577496087,13.3337442790507,-19.7981264862597));
#7927=CARTESIAN_POINT('',(3.12126480164464,13.3115569342593,-19.8274054409554));
#7928=COLOUR_RGB('',0.823529422283173,0.823529422283173,1.0);
#7929=CARTESIAN_POINT('',(15.4979380008613,3.97667168891999,-14.85));
#7930=AXIS2_PLACEMENT_3D('',#9896,#9897,#9898);
#7931=CARTESIAN_POINT('',(16.0,1.95943487863576E-15,-14.85));
#7932=AXIS2_PLACEMENT_3D('',#9899,#9900,#9901);
#7933=CARTESIAN_POINT('',(-2.93915231795365E-15,-16.0,-14.85));
#7934=AXIS2_PLACEMENT_3D('',#9902,#9903,#9904);
#7935=CARTESIAN_POINT('',(-1.57772181044202E-30,-16.0,-14.85));
#7936=CARTESIAN_POINT('',(-3.73978503215887E-30,-16.0,-14.9194447043966));
#7937=CARTESIAN_POINT('',(1.76858016365254E-14,-15.9784826013711,-14.9893180214995));
#7938=CARTESIAN_POINT('',(-1.42648240920336E-14,-15.9355557635173,-15.048333177362));
#7939=CARTESIAN_POINT('',(-1.4210854715202E-14,-15.88,-15.09));
#7940=AXIS2_PLACEMENT_3D('',#9905,#9906,#9907);
#7941=COLOUR_RGB('',0.823529422283173,0.823529422283173,1.0);
#7942=CARTESIAN_POINT('',(16.0,1.95943487863576E-15,-14.5));
#7943=CARTESIAN_POINT('',(16.0,1.95943487863576E-15,-14.675));
#7944=VECTOR('',#9908,1.0);
#7945=CARTESIAN_POINT('',(1.12717023972484E-14,-16.0,-14.5));
#7946=AXIS2_PLACEMENT_3D('',#9909,#9910,#9911);
#7947=CARTESIAN_POINT('',(-2.93915231795365E-15,-16.0,14.75));
#7948=VECTOR('',#9912,1.0);
#7949=COLOUR_RGB('',0.823529422283173,0.823529422283173,1.0);
#7950=CARTESIAN_POINT('',(15.6981798822833,4.02980199714127,-15.0899210354892));
#7951=CARTESIAN_POINT('',(15.5943816275633,4.00315646133349,-14.8601077025535));
#7952=AXIS2_PLACEMENT_3D('',#9913,#9914,#9915);
#7953=AXIS2_PLACEMENT_3D('',#9916,#9917,#9918);
#7954=CARTESIAN_POINT('',(-2.95752201994086E-15,-16.1,-14.8601077025535));
#7955=CARTESIAN_POINT('',(8.88178419700125E-16,-16.207163717094,-15.0899210354892));
#7956=CARTESIAN_POINT('',(8.91803773033768E-16,-16.1571344578554,-15.047941502514));
#7957=CARTESIAN_POINT('',(-2.46513915690471E-16,-16.1189215661215,-14.9909835657144));
#7958=CARTESIAN_POINT('',(1.33226762955019E-15,-16.0999999999999,-14.9254162622434));
#7959=CARTESIAN_POINT('',(1.33226762955019E-15,-16.0999999999999,-14.8601077025535));
#7960=CARTESIAN_POINT('',(16.1,1.97168134662724E-15,-14.8601077025535));
#7961=AXIS2_PLACEMENT_3D('',#9919,#9920,#9921);
#7962=AXIS2_PLACEMENT_3D('',#9922,#9923,#9924);
#7963=COLOUR_RGB('',0.823529422283173,0.823529422283173,1.0);
#7964=CARTESIAN_POINT('',(16.1,1.97168134662724E-15,-14.5));
#7965=CARTESIAN_POINT('',(16.1,1.97168134662724E-15,-14.6800538512768));
#7966=VECTOR('',#9925,1.0);
#7967=CARTESIAN_POINT('',(-2.95752201994086E-15,-16.1,-14.5));
#7968=CARTESIAN_POINT('',(-2.95752201994086E-15,-16.1,14.75));
#7969=VECTOR('',#9926,1.0);
#7970=AXIS2_PLACEMENT_3D('',#9927,#9928,#9929);
#7971=COLOUR_RGB('',0.823529422283173,0.823529422283173,1.0);
#7972=CARTESIAN_POINT('',(-13.4183618736315,-3.44506983590929,-19.6464466094067));
#7973=AXIS2_PLACEMENT_3D('',#9930,#9931,#9932);
#7974=CARTESIAN_POINT('',(-3.29719521099205,-13.4554615411969,-19.6464466094068));
#7975=AXIS2_PLACEMENT_3D('',#9933,#9934,#9935);
#7976=CARTESIAN_POINT('',(-3.65831002786411,-13.5135771629879,-19.2928932188135));
#7977=CARTESIAN_POINT('',(-3.60879218730506,-13.5269823191868,-19.4009732044444));
#7978=CARTESIAN_POINT('',(-3.52527949588592,-13.5168086620103,-19.5044265413328));
#7979=CARTESIAN_POINT('',(-3.41530357753655,-13.4883413847135,-19.5864013786264));
#7980=CARTESIAN_POINT('',(-3.29719521099205,-13.455461541197,-19.6464466094067));
#7981=COLOUR_RGB('',0.823529422283173,0.823529422283173,1.0);
#7982=CARTESIAN_POINT('',(-13.5,1.65327317884893E-15,-20.0));
#7983=CARTESIAN_POINT('',(-13.8535533905933,-2.82420455882502E-15,-19.6464466094067));
#7984=CARTESIAN_POINT('',(-1.00000000000001,6.65455205826425E-14,-32.5));
#7985=VECTOR('',#9936,1.0);
#7986=CARTESIAN_POINT('',(-2.89059293136389,-13.1869053422382,-20.0));
#7987=AXIS2_PLACEMENT_3D('',#9937,#9938,#9939);
#7988=CARTESIAN_POINT('',(-3.12126776864715,-13.3115614741414,-19.8274003436274));
#7989=CARTESIAN_POINT('',(-2.8905929313639,-13.1869053422382,-20.0000000000001));
#7990=CARTESIAN_POINT('',(-2.96484642336109,-13.2191209810747,-19.9526325037798));
#7991=CARTESIAN_POINT('',(-3.04157826403018,-13.258993989117,-19.8967717579473));
#7992=CARTESIAN_POINT('',(-3.12126827548739,-13.3115646450531,-19.827397140742));
#7993=CARTESIAN_POINT('',(-3.12126776864715,-13.3115614741414,-19.8274003436274));
#7994=CARTESIAN_POINT('',(-3.1635205080428,-13.3394279943072,-19.790623942467));
#7995=CARTESIAN_POINT('',(-3.20611114422686,-13.3710698015241,-19.7499786183529));
#7996=CARTESIAN_POINT('',(-3.25049036672513,-13.4078560313654,-19.7038000603702));
#7997=CARTESIAN_POINT('',(-3.29719519734856,-13.4554615445402,-19.6464466094068));
#7998=AXIS2_PLACEMENT_3D('',#9940,#9941,#9942);
#7999=COLOUR_RGB('',0.823529422283173,0.823529422283173,1.0);
#8000=CARTESIAN_POINT('',(-15.4979380008613,3.97667168892,-14.85));
#8001=CARTESIAN_POINT('',(-15.3817034658549,3.9468466512531,-15.09));
#8002=AXIS2_PLACEMENT_3D('',#9943,#9944,#9945);
#8003=CARTESIAN_POINT('',(9.79717439317883E-16,16.0,-14.85));
#8004=AXIS2_PLACEMENT_3D('',#9946,#9947,#9948);
#8005=CARTESIAN_POINT('',(-4.44089209850061E-16,16.0,-14.85));
#8006=CARTESIAN_POINT('',(-4.44089209850063E-16,16.0,-14.9194447043966));
#8007=CARTESIAN_POINT('',(-3.59509305225696E-14,15.9784826013711,-14.9893180214995));
#8008=CARTESIAN_POINT('',(2.80720666300093E-14,15.9355557635173,-15.048333177362));
#8009=CARTESIAN_POINT('',(2.79776202205539E-14,15.88,-15.09));
#8010=AXIS2_PLACEMENT_3D('',#9949,#9950,#9951);
#8011=COLOUR_RGB('',0.823529422283173,0.823529422283173,1.0);
#8012=CARTESIAN_POINT('',(-16.0,1.95943487863576E-15,-14.85));
#8013=CARTESIAN_POINT('',(-16.0,1.95943487863576E-15,-14.5));
#8014=CARTESIAN_POINT('',(-16.0,1.95943487863576E-15,-14.675));
#8015=VECTOR('',#9952,1.0);
#8016=AXIS2_PLACEMENT_3D('',#9953,#9954,#9955);
#8017=AXIS2_PLACEMENT_3D('',#9956,#9957,#9958);
#8018=COLOUR_RGB('',0.823529422283173,0.823529422283173,1.0);
#8019=CARTESIAN_POINT('',(-15.5943816275633,4.00315646133349,-14.8601077025535));
#8020=AXIS2_PLACEMENT_3D('',#9959,#9960,#9961);
#8021=CARTESIAN_POINT('',(-2.58907746597938E-15,16.1,-14.8601077025535));
#8022=CARTESIAN_POINT('',(8.88178419700125E-15,16.207163717094,-15.0899210354892));
#8023=CARTESIAN_POINT('',(8.86003207699939E-15,16.1571344578554,-15.047941502514));
#8024=CARTESIAN_POINT('',(-2.33071828879645E-14,16.1189215661215,-14.9909835657144));
#8025=CARTESIAN_POINT('',(-5.77315972805082E-15,16.1,-14.9254162622434));
#8026=CARTESIAN_POINT('',(-5.77315972805081E-15,16.1,-14.8601077025535));
#8027=AXIS2_PLACEMENT_3D('',#9962,#9963,#9964);
#8028=COLOUR_RGB('',0.823529422283173,0.823529422283173,1.0);
#8029=CARTESIAN_POINT('',(-16.1,1.97168134662724E-15,-14.5));
#8030=CARTESIAN_POINT('',(-16.1,1.97168134662724E-15,-14.8601077025535));
#8031=CARTESIAN_POINT('',(-16.1,1.97168134662724E-15,-14.6800538512768));
#8032=VECTOR('',#9965,1.0);
#8033=AXIS2_PLACEMENT_3D('',#9966,#9967,#9968);
#8034=AXIS2_PLACEMENT_3D('',#9969,#9970,#9971);
#8035=COLOUR_RGB('',0.823529422283173,0.823529422283173,1.0);
#8036=CARTESIAN_POINT('',(13.4183618736315,-3.44506983590929,19.6464466094067));
#8037=AXIS2_PLACEMENT_3D('',#9972,#9973,#9974);
#8038=CARTESIAN_POINT('',(3.297195120577,-13.4554615633527,19.6464466094068));
#8039=AXIS2_PLACEMENT_3D('',#9975,#9976,#9977);
#8040=CARTESIAN_POINT('',(3.29719512057701,-13.4554615633527,19.6464466094067));
#8041=CARTESIAN_POINT('',(3.41529568822843,-13.4883389478355,19.5864056238807));
#8042=CARTESIAN_POINT('',(3.52527240688134,-13.5168095356623,19.5044382608012));
#8043=CARTESIAN_POINT('',(3.60879570869447,-13.5269813658986,19.400965518493));
#8044=CARTESIAN_POINT('',(3.65831002786412,-13.5135771629879,19.2928932188135));
#8045=COLOUR_RGB('',0.823529422283173,0.823529422283173,1.0);
#8046=CARTESIAN_POINT('',(13.5,1.65327317884893E-15,20.0));
#8047=CARTESIAN_POINT('',(13.8535533905933,-2.82420293789711E-15,19.6464466094067));
#8048=CARTESIAN_POINT('',(1.00000000000001,6.65455222035704E-14,32.5));
#8049=VECTOR('',#9978,1.0);
#8050=CARTESIAN_POINT('',(2.8906030626188,-13.1869031214451,20.0));
#8051=AXIS2_PLACEMENT_3D('',#9979,#9980,#9981);
#8052=CARTESIAN_POINT('',(3.12126478141514,-13.3115569712864,19.8274054095243));
#8053=CARTESIAN_POINT('',(3.12126688871122,-13.3115671944728,19.827394975224));
#8054=CARTESIAN_POINT('',(3.06174550710313,-13.2722991502315,19.8792140196427));
#8055=CARTESIAN_POINT('',(3.00351559168146,-13.2393734195674,19.9243292006427));
#8056=CARTESIAN_POINT('',(2.94646304271429,-13.2111412258459,19.9643633656205));
#8057=CARTESIAN_POINT('',(2.89060306261881,-13.1869031214451,20.0000000000001));
#8058=CARTESIAN_POINT('',(3.29719699618899,-13.4554604936873,19.6464472019321));
#8059=CARTESIAN_POINT('',(3.26020551845552,-13.4177533276576,19.6918749330912));
#8060=CARTESIAN_POINT('',(3.22465231438614,-13.3865408333234,19.7305874896377));
#8061=CARTESIAN_POINT('',(3.18908274148819,-13.3582914729145,19.7663538599077));
#8062=CARTESIAN_POINT('',(3.15489612465187,-13.3337445390123,19.7981261533901));
#8063=CARTESIAN_POINT('',(3.12126478141514,-13.3115569712864,19.8274054095243));
#8064=AXIS2_PLACEMENT_3D('',#9982,#9983,#9984);
#8065=COLOUR_RGB('',0.823529422283173,0.823529422283173,1.0);
#8066=CARTESIAN_POINT('',(15.4979380008613,3.97667168892,14.85));
#8067=CARTESIAN_POINT('',(15.3817034658549,3.9468466512531,15.09));
#8068=AXIS2_PLACEMENT_3D('',#9985,#9986,#9987);
#8069=CARTESIAN_POINT('',(9.79717439317883E-16,16.0,14.85));
#8070=AXIS2_PLACEMENT_3D('',#9988,#9989,#9990);
#8071=CARTESIAN_POINT('',(-4.44089209850061E-16,16.0,14.85));
#8072=CARTESIAN_POINT('',(-4.44089209850063E-16,16.0,14.9194447043966));
#8073=CARTESIAN_POINT('',(-3.59509305225696E-14,15.9784826013711,14.9893180214995));
#8074=CARTESIAN_POINT('',(2.80720666300093E-14,15.9355557635173,15.048333177362));
#8075=CARTESIAN_POINT('',(2.79776202205539E-14,15.88,15.09));
#8076=AXIS2_PLACEMENT_3D('',#9991,#9992,#9993);
#8077=COLOUR_RGB('',0.823529422283173,0.823529422283173,1.0);
#8078=CARTESIAN_POINT('',(16.0,1.95943487863576E-15,14.85));
#8079=CARTESIAN_POINT('',(16.0,1.95943487863576E-15,14.5));
#8080=CARTESIAN_POINT('',(16.0,1.95943487863576E-15,14.675));
#8081=VECTOR('',#9994,1.0);
#8082=CARTESIAN_POINT('',(-2.93915231795365E-15,-16.0,14.85));
#8083=AXIS2_PLACEMENT_3D('',#9995,#9996,#9997);
#8084=CARTESIAN_POINT('',(-2.93915231795365E-15,-16.0,14.5));
#8085=CARTESIAN_POINT('',(-2.93915231795365E-15,-16.0,14.75));
#8086=VECTOR('',#9998,1.0);
#8087=AXIS2_PLACEMENT_3D('',#9999,#10000,#10001);
#8088=COLOUR_RGB('',0.823529422283173,0.823529422283173,1.0);
#8089=CARTESIAN_POINT('',(15.5943816275633,4.00315646133349,14.8601077025535));
#8090=AXIS2_PLACEMENT_3D('',#10002,#10003,#10004);
#8091=CARTESIAN_POINT('',(-2.58907746597938E-15,16.1,14.8601077025535));
#8092=CARTESIAN_POINT('',(8.88178419700125E-15,16.207163717094,15.0899210354892));
#8093=CARTESIAN_POINT('',(8.86003207699939E-15,16.1571344578554,15.047941502514));
#8094=CARTESIAN_POINT('',(-2.33071828879645E-14,16.1189215661215,14.9909835657144));
#8095=CARTESIAN_POINT('',(-5.77315972805082E-15,16.1,14.9254162622434));
#8096=CARTESIAN_POINT('',(-5.77315972805081E-15,16.1,14.8601077025535));
#8097=AXIS2_PLACEMENT_3D('',#10005,#10006,#10007);
#8098=COLOUR_RGB('',0.823529422283173,0.823529422283173,1.0);
#8099=CARTESIAN_POINT('',(16.1,1.97168134662724E-15,14.5));
#8100=CARTESIAN_POINT('',(16.1,1.97168134662724E-15,14.8601077025535));
#8101=CARTESIAN_POINT('',(16.1,1.97168134662724E-15,14.6800538512768));
#8102=VECTOR('',#10008,1.0);
#8103=CARTESIAN_POINT('',(-2.95752201994086E-15,-16.1,14.5));
#8104=AXIS2_PLACEMENT_3D('',#10009,#10010,#10011);
#8105=CARTESIAN_POINT('',(-2.95752201994086E-15,-16.1,14.8601077025535));
#8106=CARTESIAN_POINT('',(-2.95752201994086E-15,-16.1,14.75));
#8107=VECTOR('',#10012,1.0);
#8108=AXIS2_PLACEMENT_3D('',#10013,#10014,#10015);
#8109=COLOUR_RGB('',0.823529422283173,0.823529422283173,1.0);
#8110=CARTESIAN_POINT('',(13.5,1.65327317884893E-15,10.0));
#8111=VECTOR('',#10016,1.0);
#8112=CARTESIAN_POINT('',(2.89059293136411,-13.1869053422381,-20.0));
#8113=AXIS2_PLACEMENT_3D('',#10017,#10018,#10019);
#8114=CARTESIAN_POINT('',(2.00000000008266,-13.3510299228063,-20.0));
#8115=AXIS2_PLACEMENT_3D('',#10020,#10021,#10022);
#8116=CARTESIAN_POINT('',(-2.47990976827339E-15,-13.5,-20.0));
#8117=AXIS2_PLACEMENT_3D('',#10023,#10024,#10025);
#8118=CARTESIAN_POINT('',(-2.47990976827339E-15,-13.5,20.0));
#8119=CARTESIAN_POINT('',(-2.47990976827339E-15,-13.5,10.0));
#8120=VECTOR('',#10026,1.0);
#8121=CARTESIAN_POINT('',(2.0,-13.3510299228187,20.0));
#8122=AXIS2_PLACEMENT_3D('',#10027,#10028,#10029);
#8123=AXIS2_PLACEMENT_3D('',#10030,#10031,#10032);
#8124=COLOUR_RGB('',0.823529422283173,0.823529422283173,1.0);
#8125=CARTESIAN_POINT('',(18.0,2.20436423846524E-15,10.0));
#8126=VECTOR('',#10033,1.0);
#8127=CARTESIAN_POINT('',(-3.30654635769785E-15,-18.0,7.625));
#8128=VECTOR('',#10034,1.0);
#8129=AXIS2_PLACEMENT_3D('',#10035,#10036,#10037);
#8130=COLOUR_RGB('',0.823529422283173,0.823529422283173,1.0);
#8131=CARTESIAN_POINT('',(-13.4183618736315,-3.44506983590929,19.6464466094067));
#8132=AXIS2_PLACEMENT_3D('',#10038,#10039,#10040);
#8133=CARTESIAN_POINT('',(-13.8535533905933,-6.21734490125354E-15,19.6464466094067));
#8134=AXIS2_PLACEMENT_3D('',#10041,#10042,#10043);
#8135=CARTESIAN_POINT('',(-3.29719513924008,13.4554615587794,19.6464466094066));
#8136=AXIS2_PLACEMENT_3D('',#10044,#10045,#10046);
#8137=CARTESIAN_POINT('',(-3.65831154451981,13.5135767524084,19.2928932188135));
#8138=CARTESIAN_POINT('',(-3.29719513924009,13.4554615587794,19.6464466094067));
#8139=CARTESIAN_POINT('',(-3.41529461391914,13.4883386924437,19.5864061274747));
#8140=CARTESIAN_POINT('',(-3.52527271893802,13.5168094612161,19.504438080067));
#8141=CARTESIAN_POINT('',(-3.6087953093055,13.5269814740186,19.4009663902182));
#8142=CARTESIAN_POINT('',(-3.65831002786411,13.5135771629879,19.2928932188135));
#8143=AXIS2_PLACEMENT_3D('',#10047,#10048,#10049);
#8144=COLOUR_RGB('',0.823529422283173,0.823529422283173,1.0);
#8145=CARTESIAN_POINT('',(-13.5,1.65327317884893E-15,20.0));
#8146=CARTESIAN_POINT('',(-1.00000000000001,6.63005928437059E-14,32.5));
#8147=VECTOR('',#10050,1.0);
#8148=CARTESIAN_POINT('',(-2.89060307477142,13.1869031187812,20.0));
#8149=AXIS2_PLACEMENT_3D('',#10051,#10052,#10053);
#8150=CARTESIAN_POINT('',(-3.12126480164471,13.3115569342593,19.8274054409554));
#8151=CARTESIAN_POINT('',(-3.12125919926697,13.3115620822545,19.8274017078418));
#8152=CARTESIAN_POINT('',(-3.06174010790547,13.2722961114774,19.8792181880766));
#8153=CARTESIAN_POINT('',(-3.00351204684411,13.2393716678494,19.924331686207));
#8154=CARTESIAN_POINT('',(-2.94646126770361,13.2111404575083,19.9643644961561));
#8155=CARTESIAN_POINT('',(-2.89060307477142,13.1869031187812,19.9999999999999));
#8156=CARTESIAN_POINT('',(-3.29719550072637,13.4554589056411,19.64644910027));
#8157=CARTESIAN_POINT('',(-3.26020480713725,13.4177526603142,19.6918757484636));
#8158=CARTESIAN_POINT('',(-3.22465309373292,13.3865416014646,19.7305865592898));
#8159=CARTESIAN_POINT('',(-3.18908179405691,13.358290683392,19.7663548495513));
#8160=CARTESIAN_POINT('',(-3.15489577496083,13.3337442790506,19.7981264862597));
#8161=CARTESIAN_POINT('',(-3.12126480164471,13.3115569342593,19.8274054409554));
#8162=COLOUR_RGB('',0.823529422283173,0.823529422283173,1.0);
#8163=CARTESIAN_POINT('',(-15.4979380008613,3.97667168891999,14.85));
#8164=AXIS2_PLACEMENT_3D('',#10054,#10055,#10056);
#8165=CARTESIAN_POINT('',(-16.0,1.95943487863576E-15,14.85));
#8166=AXIS2_PLACEMENT_3D('',#10057,#10058,#10059);
#8167=AXIS2_PLACEMENT_3D('',#10060,#10061,#10062);
#8168=CARTESIAN_POINT('',(-1.57772181044202E-30,-16.0,14.85));
#8169=CARTESIAN_POINT('',(-3.73978503215887E-30,-16.0,14.9194447043966));
#8170=CARTESIAN_POINT('',(1.76858016365254E-14,-15.9784826013711,14.9893180214995));
#8171=CARTESIAN_POINT('',(-1.42648240920336E-14,-15.9355557635173,15.048333177362));
#8172=CARTESIAN_POINT('',(-1.4210854715202E-14,-15.88,15.09));
#8173=AXIS2_PLACEMENT_3D('',#10063,#10064,#10065);
#8174=COLOUR_RGB('',0.823529422283173,0.823529422283173,1.0);
#8175=CARTESIAN_POINT('',(-16.0,1.95943487863576E-15,14.5));
#8176=CARTESIAN_POINT('',(-16.0,1.95943487863576E-15,14.675));
#8177=VECTOR('',#10066,1.0);
#8178=AXIS2_PLACEMENT_3D('',#10067,#10068,#10069);
#8179=COLOUR_RGB('',0.823529422283173,0.823529422283173,1.0);
#8180=CARTESIAN_POINT('',(-15.6981798822833,4.02980199714127,15.0899210354892));
#8181=CARTESIAN_POINT('',(-15.5943816275633,4.00315646133349,14.8601077025535));
#8182=AXIS2_PLACEMENT_3D('',#10070,#10071,#10072);
#8183=AXIS2_PLACEMENT_3D('',#10073,#10074,#10075);
#8184=CARTESIAN_POINT('',(8.88178419700125E-16,-16.207163717094,15.0899210354892));
#8185=CARTESIAN_POINT('',(8.91803773033768E-16,-16.1571344578554,15.047941502514));
#8186=CARTESIAN_POINT('',(-2.46513915690471E-16,-16.1189215661215,14.9909835657144));
#8187=CARTESIAN_POINT('',(1.33226762955019E-15,-16.0999999999999,14.9254162622434));
#8188=CARTESIAN_POINT('',(1.33226762955019E-15,-16.0999999999999,14.8601077025535));
#8189=CARTESIAN_POINT('',(-16.1,1.97168134662724E-15,14.8601077025535));
#8190=AXIS2_PLACEMENT_3D('',#10076,#10077,#10078);
#8191=AXIS2_PLACEMENT_3D('',#10079,#10080,#10081);
#8192=COLOUR_RGB('',0.823529422283173,0.823529422283173,1.0);
#8193=CARTESIAN_POINT('',(-16.1,1.97168134662724E-15,14.5));
#8194=CARTESIAN_POINT('',(-16.1,1.97168134662724E-15,14.6800538512768));
#8195=VECTOR('',#10082,1.0);
#8196=AXIS2_PLACEMENT_3D('',#10083,#10084,#10085);
#8197=COLOUR_RGB('',0.823529422283173,0.823529422283173,1.0);
#8198=CARTESIAN_POINT('',(-13.5,1.65327317884893E-15,10.0));
#8199=VECTOR('',#10086,1.0);
#8200=CARTESIAN_POINT('',(-2.89060306261878,-13.1869031214451,20.0));
#8201=AXIS2_PLACEMENT_3D('',#10087,#10088,#10089);
#8202=CARTESIAN_POINT('',(-2.00000000008268,-13.3510299228063,20.0));
#8203=AXIS2_PLACEMENT_3D('',#10090,#10091,#10092);
#8204=AXIS2_PLACEMENT_3D('',#10093,#10094,#10095);
#8205=CARTESIAN_POINT('',(-2.00000000008268,-13.3510299228063,-20.0));
#8206=AXIS2_PLACEMENT_3D('',#10096,#10097,#10098);
#8207=AXIS2_PLACEMENT_3D('',#10099,#10100,#10101);
#8208=COLOUR_RGB('',0.823529422283173,0.823529422283173,1.0);
#8209=CARTESIAN_POINT('',(-18.0,2.20436423846524E-15,10.0));
#8210=VECTOR('',#10102,1.0);
#8211=AXIS2_PLACEMENT_3D('',#10103,#10104,#10105);
#8212=COLOUR_RGB('',0.823529422283173,0.823529422283173,1.0);
#8213=CARTESIAN_POINT('',(1.10218211923262E-15,18.0,7.625));
#8214=VECTOR('',#10106,1.0);
#8215=AXIS2_PLACEMENT_3D('',#10107,#10108,#10109);
#8216=COLOUR_RGB('',0.823529422283173,0.823529422283173,1.0);
#8217=CARTESIAN_POINT('',(9.85840673313619E-16,16.1,14.5));
#8218=AXIS2_PLACEMENT_3D('',#10110,#10111,#10112);
#8219=AXIS2_PLACEMENT_3D('',#10113,#10114,#10115);
#8220=CARTESIAN_POINT('',(9.79717439317883E-16,16.0,14.5));
#8221=AXIS2_PLACEMENT_3D('',#10116,#10117,#10118);
#8222=AXIS2_PLACEMENT_3D('',#10119,#10120,#10121);
#8223=COLOUR_RGB('',0.823529422283173,0.823529422283173,1.0);
#8224=CARTESIAN_POINT('',(-2.89060307477152,13.1869031187812,-20.0));
#8225=AXIS2_PLACEMENT_3D('',#10122,#10123,#10124);
#8226=CARTESIAN_POINT('',(-1.99999999994623,13.3510299228267,-20.0));
#8227=AXIS2_PLACEMENT_3D('',#10125,#10126,#10127);
#8228=CARTESIAN_POINT('',(8.26636589424463E-16,13.5,-20.0));
#8229=AXIS2_PLACEMENT_3D('',#10128,#10129,#10130);
#8230=CARTESIAN_POINT('',(8.26636589424463E-16,13.5,20.0));
#8231=CARTESIAN_POINT('',(8.26636589424463E-16,13.5,10.0));
#8232=VECTOR('',#10131,1.0);
#8233=CARTESIAN_POINT('',(-2.0,13.3510299228187,20.0));
#8234=AXIS2_PLACEMENT_3D('',#10132,#10133,#10134);
#8235=AXIS2_PLACEMENT_3D('',#10135,#10136,#10137);
#8236=COLOUR_RGB('',0.823529422283173,0.823529422283173,1.0);
#8237=CARTESIAN_POINT('',(9.85840673313619E-16,16.1,14.75));
#8238=VECTOR('',#10138,1.0);
#8239=AXIS2_PLACEMENT_3D('',#10139,#10140,#10141);
#8240=COLOUR_RGB('',0.823529422283173,0.823529422283173,1.0);
#8241=AXIS2_PLACEMENT_3D('',#10142,#10143,#10144);
#8242=COLOUR_RGB('',0.823529422283173,0.823529422283173,1.0);
#8243=AXIS2_PLACEMENT_3D('',#10145,#10146,#10147);
#8244=CARTESIAN_POINT('',(9.79717439317883E-16,16.0,14.75));
#8245=VECTOR('',#10148,1.0);
#8246=COLOUR_RGB('',0.823529422283173,0.823529422283173,1.0);
#8247=COLOUR_RGB('',0.823529422283173,0.823529422283173,1.0);
#8248=CARTESIAN_POINT('',(-3.297195120577,-13.4554615633527,19.6464466094068));
#8249=AXIS2_PLACEMENT_3D('',#10149,#10150,#10151);
#8250=CARTESIAN_POINT('',(-3.12126478141514,-13.3115569712864,19.8274054095243));
#8251=CARTESIAN_POINT('',(-3.29719699618895,-13.4554604936873,19.6464472019321));
#8252=CARTESIAN_POINT('',(-3.26020551845483,-13.417753327657,19.6918749330919));
#8253=CARTESIAN_POINT('',(-3.22465231438364,-13.3865408333212,19.7305874896404));
#8254=CARTESIAN_POINT('',(-3.18908274148889,-13.3582914729152,19.7663538599068));
#8255=CARTESIAN_POINT('',(-3.15489612465203,-13.3337445390124,19.79812615339));
#8256=CARTESIAN_POINT('',(-3.12126478141514,-13.3115569712864,19.8274054095243));
#8257=CARTESIAN_POINT('',(-3.12126688871118,-13.3115671944729,19.827394975224));
#8258=CARTESIAN_POINT('',(-3.06174550710282,-13.2722991502313,19.8792140196429));
#8259=CARTESIAN_POINT('',(-3.00351559168137,-13.2393734195673,19.9243292006428));
#8260=CARTESIAN_POINT('',(-2.94646304271446,-13.211141225846,19.9643633656205));
#8261=CARTESIAN_POINT('',(-2.8906030626188,-13.1869031214451,20.0000000000001));
#8262=COLOUR_RGB('',0.823529422283173,0.823529422283173,1.0);
#8263=CARTESIAN_POINT('',(-2.73274456842036,14.0711245017309,19.6767767007692));
#8264=CARTESIAN_POINT('',(-2.73274458598836,14.0711245351543,19.6767766408258));
#8265=CARTESIAN_POINT('',(-2.82033051238111,13.8892884313727,19.6010572698826));
#8266=CARTESIAN_POINT('',(-2.95352634565167,13.7116096275691,19.5672420111277));
#8267=CARTESIAN_POINT('',(-3.12026270697149,13.5621434947085,19.5849407798854));
#8268=CARTESIAN_POINT('',(-3.29719514992762,13.4554615709615,19.6464465794915));
#8269=CARTESIAN_POINT('',(-2.64134323567177,14.0,19.7672541000595));
#8270=CARTESIAN_POINT('',(-2.64134334549581,13.9999964284805,19.7672561003794));
#8271=CARTESIAN_POINT('',(-2.71328007981942,13.804188728518,19.7071244205123));
#8272=CARTESIAN_POINT('',(-2.82570306621682,13.6080954857186,19.6952144994007));
#8273=CARTESIAN_POINT('',(-2.96851293272173,13.4380612442437,19.7391132237551));
#8274=CARTESIAN_POINT('',(-3.12126401270135,13.3115578339299,19.8274054409554));
#8275=CARTESIAN_POINT('',(-2.73274429922555,14.0711251106513,19.6767769282321));
#8276=CARTESIAN_POINT('',(-2.70878958744822,14.0477651667718,19.7051676080649));
#8277=CARTESIAN_POINT('',(-2.68580081574464,14.0295449698326,19.7282749291558));
#8278=CARTESIAN_POINT('',(-2.66323384160384,14.0136605941752,19.748955869997));
#8279=CARTESIAN_POINT('',(-2.64134323567177,14.0,19.7672541000595));
#8280=COLOUR_RGB('',0.823529422283173,0.823529422283173,1.0);
#8281=CARTESIAN_POINT('',(-2.0,13.7697653050744,20.0));
#8282=CARTESIAN_POINT('',(-2.89060307477217,13.1869031187811,20.0));
#8283=CARTESIAN_POINT('',(-2.79179839475349,13.2085626056724,20.0));
#8284=CARTESIAN_POINT('',(-2.70470593573053,13.2363798525417,20.0));
#8285=CARTESIAN_POINT('',(-2.62774543759961,13.2673502725494,20.0));
#8286=CARTESIAN_POINT('',(-2.43503211824579,13.3593085495679,20.0));
#8287=CARTESIAN_POINT('',(-2.2982287752816,13.4583830214166,20.0));
#8288=CARTESIAN_POINT('',(-2.22619080574094,13.5196581180611,20.0));
#8289=CARTESIAN_POINT('',(-2.1397519743533,13.6034504699167,20.0));
#8290=CARTESIAN_POINT('',(-2.06827865638192,13.6846862562828,20.0));
#8291=CARTESIAN_POINT('',(-2.04914332336899,13.7078782848383,20.0));
#8292=CARTESIAN_POINT('',(-2.02784360927978,13.733533538719,20.0));
#8293=CARTESIAN_POINT('',(-2.00762605512174,13.7600189952048,20.0));
#8294=CARTESIAN_POINT('',(-2.00506336794603,13.7631348595059,20.0));
#8295=CARTESIAN_POINT('',(-2.00252497081519,13.7664539143248,20.0));
#8296=CARTESIAN_POINT('',(-2.0,13.7697653050744,20.0));
#8297=CARTESIAN_POINT('',(-2.64134635301738,13.9999998136858,19.7672514942777));
#8298=CARTESIAN_POINT('',(-2.60315733213394,13.9523329944238,19.7991737380942));
#8299=CARTESIAN_POINT('',(-2.5659552738744,13.9138298827361,19.8262347680647));
#8300=CARTESIAN_POINT('',(-2.52941031712783,13.881627927265,19.8498949106495));
#8301=CARTESIAN_POINT('',(-2.45824449927579,13.8283627443478,19.8910042434011));
#8302=CARTESIAN_POINT('',(-2.38958006614664,13.7930105878036,19.9221105922355));
#8303=CARTESIAN_POINT('',(-2.3556950749791,13.7789315314301,19.9356314650029));
#8304=CARTESIAN_POINT('',(-2.26169103927732,13.7485147353664,19.968398496928));
#8305=CARTESIAN_POINT('',(-2.17050905564465,13.7409399872668,19.9879942359772));
#8306=CARTESIAN_POINT('',(-2.11300217230479,13.7437458336627,19.9960446793008));
#8307=CARTESIAN_POINT('',(-2.05625172494522,13.7534232505175,20.0));
#8308=CARTESIAN_POINT('',(-2.0,13.7697653050744,20.0));
#8309=COLOUR_RGB('',0.823529422283173,0.823529422283173,1.0);
#8310=CARTESIAN_POINT('',(-2.7327445773282,-14.0711244702169,19.6767766944366));
#8311=CARTESIAN_POINT('',(-3.29719512948333,-13.4554615635488,19.6464465677641));
#8312=CARTESIAN_POINT('',(-3.12026268501644,-13.5621434823886,19.5849407591173));
#8313=CARTESIAN_POINT('',(-2.953526322409,-13.711609613933,19.5672419855757));
#8314=CARTESIAN_POINT('',(-2.82033050269944,-13.889288402568,19.6010572422736));
#8315=CARTESIAN_POINT('',(-2.73274458140959,-14.0711245045941,19.6767766166024));
#8316=CARTESIAN_POINT('',(-2.64134324072433,-14.0,19.7672540958361));
#8317=CARTESIAN_POINT('',(-2.73274429889757,-14.0711251113321,19.6767769285157));
#8318=CARTESIAN_POINT('',(-2.70878932347863,-14.0477649106894,19.7051679207767));
#8319=CARTESIAN_POINT('',(-2.68580031065829,-14.0295446133493,19.7282753932727));
#8320=CARTESIAN_POINT('',(-2.66323389822732,-14.0136606287593,19.7489558224209));
#8321=CARTESIAN_POINT('',(-2.64134324072433,-14.0,19.7672540958361));
#8322=CARTESIAN_POINT('',(-3.1212639954358,-13.3115578684897,19.8274054095243));
#8323=CARTESIAN_POINT('',(-2.96851291804437,-13.4380612771774,19.7391132014373));
#8324=CARTESIAN_POINT('',(-2.82570305471744,-13.6080955141043,19.6952144835984));
#8325=CARTESIAN_POINT('',(-2.71328007034529,-13.8041887509008,19.7071244066771));
#8326=CARTESIAN_POINT('',(-2.64134333614465,-13.9999964458828,19.7672560846641));
#8327=COLOUR_RGB('',0.823529422283173,0.823529422283173,1.0);
#8328=CARTESIAN_POINT('',(-2.0,-13.7697653248087,20.0));
#8329=CARTESIAN_POINT('',(-2.64134634362652,-13.9999998264663,19.7672515021275));
#8330=CARTESIAN_POINT('',(-2.60315718049727,-13.95233281019,19.7991738640534));
#8331=CARTESIAN_POINT('',(-2.56595511224866,-13.9138297066504,19.826234871656));
#8332=CARTESIAN_POINT('',(-2.52941036188346,-13.8816279656168,19.84989488263));
#8333=CARTESIAN_POINT('',(-2.45824453751247,-13.828362792254,19.8910042272538));
#8334=CARTESIAN_POINT('',(-2.38957999729378,-13.793010574726,19.9221106254997));
#8335=CARTESIAN_POINT('',(-2.35569496534001,-13.7789314959868,19.9356315032022));
#8336=CARTESIAN_POINT('',(-2.26169100691037,-13.7485147376646,19.9683985011117));
#8337=CARTESIAN_POINT('',(-2.1705090960128,-13.7409399905778,19.9879942273264));
#8338=CARTESIAN_POINT('',(-2.11300220936666,-13.7437458401257,19.9960446765573));
#8339=CARTESIAN_POINT('',(-2.0562517444544,-13.753423263598,20.0));
#8340=CARTESIAN_POINT('',(-2.0,-13.7697653248087,20.0));
#8341=CARTESIAN_POINT('',(-2.89060306262182,-13.1869031214445,20.0));
#8342=CARTESIAN_POINT('',(-2.79179847207183,-13.2085625897072,20.0));
#8343=CARTESIAN_POINT('',(-2.70470599366848,-13.2363798259205,20.0));
#8344=CARTESIAN_POINT('',(-2.6277454065819,-13.2673502712354,20.0));
#8345=CARTESIAN_POINT('',(-2.43503176083765,-13.3593087295672,20.0));
#8346=CARTESIAN_POINT('',(-2.29822862238125,-13.458383179736,20.0));
#8347=CARTESIAN_POINT('',(-2.22619039897559,-13.5196584845929,20.0));
#8348=CARTESIAN_POINT('',(-2.13975178260328,-13.6034507030807,20.0));
#8349=CARTESIAN_POINT('',(-2.06827857491876,-13.6846862712138,20.0));
#8350=CARTESIAN_POINT('',(-2.04914203275447,-13.7078770687923,20.0));
#8351=CARTESIAN_POINT('',(-2.02784307367092,-13.7335351141406,20.0));
#8352=CARTESIAN_POINT('',(-2.00762546908438,-13.7600184044044,20.0));
#8353=CARTESIAN_POINT('',(-2.00506309918086,-13.7631352800848,20.0));
#8354=CARTESIAN_POINT('',(-2.00252483415389,-13.7664541147799,20.0));
#8355=CARTESIAN_POINT('',(-2.0,-13.7697653248087,20.0));
#8356=COLOUR_RGB('',0.823529422283173,0.823529422283173,1.0);
#8357=CARTESIAN_POINT('',(-3.29719512057702,-13.4554615633527,19.6464466094067));
#8358=CARTESIAN_POINT('',(-3.41529568822831,-13.4883389478354,19.5864056238807));
#8359=CARTESIAN_POINT('',(-3.52527240688134,-13.5168095356623,19.5044382608013));
#8360=CARTESIAN_POINT('',(-3.60879570869445,-13.5269813658986,19.4009655184929));
#8361=CARTESIAN_POINT('',(-3.6583100278641,-13.5135771629879,19.2928932188135));
#8362=COLOUR_RGB('',0.823529422283173,0.823529422283173,1.0);
#8363=CARTESIAN_POINT('',(-2.9598089171565,14.2394166959297,19.146446195775));
#8364=CARTESIAN_POINT('',(-2.95980980437671,14.239416171732,19.1464465384914));
#8365=CARTESIAN_POINT('',(-3.00886238762163,14.0322439423451,19.1636499216286));
#8366=CARTESIAN_POINT('',(-3.11261629303326,13.8386950165237,19.1892005167461));
#8367=CARTESIAN_POINT('',(-3.26663666467244,13.6786467042893,19.2214921617851));
#8368=CARTESIAN_POINT('',(-3.45503850470882,13.5686056916027,19.2571944358841));
#8369=CARTESIAN_POINT('',(-3.65831158694918,13.5135769073528,19.2928932160585));
#8370=CARTESIAN_POINT('',(-2.73274456842036,14.0711245017309,19.6767767007692));
#8371=CARTESIAN_POINT('',(-2.80873329547991,14.1452293894613,19.5867159759238));
#8372=CARTESIAN_POINT('',(-2.88053426728312,14.211912094659,19.463764773483));
#8373=CARTESIAN_POINT('',(-2.93328320141366,14.2465972182243,19.3085563665139));
#8374=CARTESIAN_POINT('',(-2.95980894349863,14.239416337315,19.1464466094067));
#8375=COLOUR_RGB('',0.823529422283173,0.823529422283173,1.0);
#8376=CARTESIAN_POINT('',(-2.95980891545804,-14.2394167017507,19.1464461973903));
#8377=CARTESIAN_POINT('',(-3.65831156528688,-13.5135769131414,19.2928932160585));
#8378=CARTESIAN_POINT('',(-3.45503848903218,-13.568605696133,19.2571944269361));
#8379=CARTESIAN_POINT('',(-3.26663665365075,-13.6786467076775,19.2214921479759));
#8380=CARTESIAN_POINT('',(-3.1126162844602,-13.8386950190791,19.1892005029852));
#8381=CARTESIAN_POINT('',(-3.0088623787834,-14.0322439447284,19.1636499127677));
#8382=CARTESIAN_POINT('',(-2.95980979277179,-14.2394161748332,19.1464465384915));
#8383=CARTESIAN_POINT('',(-2.7327445773282,-14.0711244702169,19.6767766944366));
#8384=CARTESIAN_POINT('',(-2.80873389365484,-14.1452301529623,19.5867152496504));
#8385=CARTESIAN_POINT('',(-2.88053424667042,-14.2119118983087,19.4637650203447));
#8386=CARTESIAN_POINT('',(-2.93328341537203,-14.2465971603028,19.308555058926));
#8387=CARTESIAN_POINT('',(-2.95980894349863,-14.239416337315,19.1464466094067));
#8388=COLOUR_RGB('',0.823529422283173,0.823529422283173,1.0);
#8389=AXIS2_PLACEMENT_3D('',#10152,#10153,#10154);
#8390=COLOUR_RGB('',0.823529422283173,0.823529422283173,1.0);
#8391=CARTESIAN_POINT('',(2.89060307477155,13.1869031187812,20.0));
#8392=AXIS2_PLACEMENT_3D('',#10155,#10156,#10157);
#8393=CARTESIAN_POINT('',(1.99999999817824,13.3510299230916,20.0));
#8394=AXIS2_PLACEMENT_3D('',#10158,#10159,#10160);
#8395=AXIS2_PLACEMENT_3D('',#10161,#10162,#10163);
#8396=CARTESIAN_POINT('',(1.99999999817824,13.3510299230916,-20.0));
#8397=AXIS2_PLACEMENT_3D('',#10164,#10165,#10166);
#8398=AXIS2_PLACEMENT_3D('',#10167,#10168,#10169);
#8399=COLOUR_RGB('',0.823529422283173,0.823529422283173,1.0);
#8400=AXIS2_PLACEMENT_3D('',#10170,#10171,#10172);
#8401=COLOUR_RGB('',0.823529422283173,0.823529422283173,1.0);
#8402=AXIS2_PLACEMENT_3D('',#10173,#10174,#10175);
#8403=COLOUR_RGB('',0.823529422283173,0.823529422283173,1.0);
#8404=AXIS2_PLACEMENT_3D('',#10176,#10177,#10178);
#8405=COLOUR_RGB('',0.823529422283173,0.823529422283173,1.0);
#8406=AXIS2_PLACEMENT_3D('',#10179,#10180,#10181);
#8407=COLOUR_RGB('',0.823529422283173,0.823529422283173,1.0);
#8408=CARTESIAN_POINT('',(3.29719513924008,13.4554615587794,19.6464466094066));
#8409=AXIS2_PLACEMENT_3D('',#10182,#10183,#10184);
#8410=CARTESIAN_POINT('',(3.12126480164469,13.3115569342593,19.8274054409555));
#8411=CARTESIAN_POINT('',(3.29719550072637,13.4554589056411,19.64644910027));
#8412=CARTESIAN_POINT('',(3.26020480713723,13.4177526603142,19.6918757484636));
#8413=CARTESIAN_POINT('',(3.22465309373301,13.3865416014647,19.7305865592898));
#8414=CARTESIAN_POINT('',(3.18908179405663,13.3582906833918,19.7663548495516));
#8415=CARTESIAN_POINT('',(3.15489577496065,13.3337442790505,19.7981264862599));
#8416=CARTESIAN_POINT('',(3.12126480164469,13.3115569342593,19.8274054409555));
#8417=CARTESIAN_POINT('',(3.12125919926704,13.3115620822545,19.8274017078418));
#8418=CARTESIAN_POINT('',(3.06174010790571,13.2722961114775,19.8792181880764));
#8419=CARTESIAN_POINT('',(3.00351204684438,13.2393716678496,19.9243316862068));
#8420=CARTESIAN_POINT('',(2.94646126770382,13.2111404575084,19.964364496156));
#8421=CARTESIAN_POINT('',(2.89060307477154,13.1869031187812,19.9999999999999));
#8422=COLOUR_RGB('',0.823529422283173,0.823529422283173,1.0);
#8423=CARTESIAN_POINT('',(2.0,13.7697653050737,20.0));
#8424=CARTESIAN_POINT('',(2.89060307477229,13.186903118781,20.0));
#8425=CARTESIAN_POINT('',(2.79179839475176,13.2085626056727,20.0));
#8426=CARTESIAN_POINT('',(2.70470593572884,13.2363798525407,20.0));
#8427=CARTESIAN_POINT('',(2.62774543760225,13.2673502725484,20.0));
#8428=CARTESIAN_POINT('',(2.43503211824661,13.3593085495665,20.0));
#8429=CARTESIAN_POINT('',(2.29822877528173,13.4583830214178,20.0));
#8430=CARTESIAN_POINT('',(2.22619080574004,13.5196581180407,20.0));
#8431=CARTESIAN_POINT('',(2.13975197434392,13.6034504699337,20.0));
#8432=CARTESIAN_POINT('',(2.06827865636743,13.6846862562989,20.0));
#8433=CARTESIAN_POINT('',(2.04914332339719,13.7078782848997,20.0));
#8434=CARTESIAN_POINT('',(2.02784360928363,13.7335335386829,20.0));
#8435=CARTESIAN_POINT('',(2.00762605512866,13.7600189952418,20.0));
#8436=CARTESIAN_POINT('',(2.00506336794654,13.7631348595028,20.0));
#8437=CARTESIAN_POINT('',(2.00252497081554,13.7664539143235,20.0));
#8438=CARTESIAN_POINT('',(2.0,13.7697653050737,20.0));
#8439=CARTESIAN_POINT('',(2.64134323567174,14.0,19.7672541000595));
#8440=CARTESIAN_POINT('',(2.64134010572999,13.9999988968156,19.7672539479564));
#8441=CARTESIAN_POINT('',(2.71327661397354,13.8041921866534,19.7071226087068));
#8442=CARTESIAN_POINT('',(2.82569880578592,13.6081002262291,19.6952125492909));
#8443=CARTESIAN_POINT('',(2.96850743669862,13.4380671976774,19.739110556043));
#8444=CARTESIAN_POINT('',(3.12125718536612,13.3115646644087,19.8274017078418));
#8445=CARTESIAN_POINT('',(2.6413463530174,13.9999998136857,19.7672514942776));
#8446=CARTESIAN_POINT('',(2.60315733213411,13.952332994424,19.7991737380939));
#8447=CARTESIAN_POINT('',(2.56595527387469,13.9138298827365,19.8262347680646));
#8448=CARTESIAN_POINT('',(2.52941031712803,13.8816279272651,19.8498949106493));
#8449=CARTESIAN_POINT('',(2.4582444992759,13.8283627443475,19.8910042434011));
#8450=CARTESIAN_POINT('',(2.38958006614666,13.7930105878034,19.9221105922355));
#8451=CARTESIAN_POINT('',(2.35569507497912,13.77893153143,19.9356314650029));
#8452=CARTESIAN_POINT('',(2.26169103927666,13.7485147353663,19.9683984969282));
#8453=CARTESIAN_POINT('',(2.17050905564335,13.7409399872664,19.9879942359775));
#8454=CARTESIAN_POINT('',(2.11300217230358,13.7437458336622,19.9960446793009));
#8455=CARTESIAN_POINT('',(2.05625172494458,13.7534232505168,20.0));
#8456=CARTESIAN_POINT('',(2.0,13.7697653050737,20.0));
#8457=COLOUR_RGB('',0.823529422283173,0.823529422283173,1.0);
#8458=CARTESIAN_POINT('',(2.73274456842036,14.0711245017309,19.6767767007692));
#8459=CARTESIAN_POINT('',(2.73274443793445,14.0711234436972,19.676777929108));
#8460=CARTESIAN_POINT('',(2.82033016624661,13.8892874802812,19.6010589160819));
#8461=CARTESIAN_POINT('',(2.95352566656344,13.7116086847316,19.5672439343108));
#8462=CARTESIAN_POINT('',(3.12026155678622,13.562142414306,19.5849428293711));
#8463=CARTESIAN_POINT('',(3.29719358134735,13.4554601352927,19.646448621905));
#8464=CARTESIAN_POINT('',(2.73274429922554,14.0711251106513,19.6767769282321));
#8465=CARTESIAN_POINT('',(2.70878958744821,14.0477651667718,19.7051676080649));
#8466=CARTESIAN_POINT('',(2.68580081574461,14.0295449698326,19.7282749291559));
#8467=CARTESIAN_POINT('',(2.66323384160373,14.0136605941751,19.7489558699971));
#8468=CARTESIAN_POINT('',(2.64134323567175,14.0,19.7672541000595));
#8469=COLOUR_RGB('',0.823529422283173,0.823529422283173,1.0);
#8470=CARTESIAN_POINT('',(2.0,-13.7697653248088,20.0));
#8471=CARTESIAN_POINT('',(2.89060306262184,-13.1869031214444,20.0));
#8472=CARTESIAN_POINT('',(2.79179847207008,-13.2085625897076,20.0));
#8473=CARTESIAN_POINT('',(2.70470599366682,-13.2363798259198,20.0));
#8474=CARTESIAN_POINT('',(2.62774540658389,-13.267350271235,20.0));
#8475=CARTESIAN_POINT('',(2.43503176084136,-13.3593087295642,20.0));
#8476=CARTESIAN_POINT('',(2.29822862238386,-13.4583831797357,20.0));
#8477=CARTESIAN_POINT('',(2.22619039897265,-13.5196584845816,20.0));
#8478=CARTESIAN_POINT('',(2.13975178260584,-13.6034507030838,20.0));
#8479=CARTESIAN_POINT('',(2.06827857492276,-13.6846862712058,20.0));
#8480=CARTESIAN_POINT('',(2.04914203274916,-13.7078770687958,20.0));
#8481=CARTESIAN_POINT('',(2.02784307366926,-13.7335351141478,20.0));
#8482=CARTESIAN_POINT('',(2.00762546908237,-13.7600184043938,20.0));
#8483=CARTESIAN_POINT('',(2.0050630991807,-13.7631352800856,20.0));
#8484=CARTESIAN_POINT('',(2.00252483415378,-13.7664541147802,20.0));
#8485=CARTESIAN_POINT('',(2.0,-13.7697653248088,20.0));
#8486=CARTESIAN_POINT('',(2.64134324072434,-14.0,19.7672540958361));
#8487=CARTESIAN_POINT('',(2.64134634362652,-13.9999998264663,19.7672515021275));
#8488=CARTESIAN_POINT('',(2.60315718049729,-13.95233281019,19.7991738640534));
#8489=CARTESIAN_POINT('',(2.56595511224848,-13.9138297066503,19.8262348716563));
#8490=CARTESIAN_POINT('',(2.52941036188284,-13.8816279656163,19.8498948826303));
#8491=CARTESIAN_POINT('',(2.45824453751226,-13.8283627922538,19.8910042272539));
#8492=CARTESIAN_POINT('',(2.38957999729422,-13.7930105747261,19.9221106254995));
#8493=CARTESIAN_POINT('',(2.35569496534061,-13.7789314959869,19.9356315032019));
#8494=CARTESIAN_POINT('',(2.26169100691047,-13.7485147376647,19.9683985011118));
#8495=CARTESIAN_POINT('',(2.17050909601297,-13.7409399905777,19.9879942273264));
#8496=CARTESIAN_POINT('',(2.11300220936689,-13.7437458401256,19.9960446765573));
#8497=CARTESIAN_POINT('',(2.05625174445455,-13.753423263598,20.0));
#8498=CARTESIAN_POINT('',(2.0,-13.7697653248088,20.0));
#8499=CARTESIAN_POINT('',(3.12126487740733,-13.3115697747141,19.827394975224));
#8500=CARTESIAN_POINT('',(2.96851428688015,-13.4380717432803,19.7391046576483));
#8501=CARTESIAN_POINT('',(2.82570482583419,-13.6081041717806,19.6952074540757));
#8502=CARTESIAN_POINT('',(2.71328191878498,-13.8041955780036,19.7071181654407));
#8503=CARTESIAN_POINT('',(2.64134486802964,-14.0000018714309,19.7672499487046));
#8504=COLOUR_RGB('',0.823529422283173,0.823529422283173,1.0);
#8505=CARTESIAN_POINT('',(2.7327445773282,-14.0711244702169,19.6767766944366));
#8506=CARTESIAN_POINT('',(2.73274429889757,-14.0711251113321,19.6767769285157));
#8507=CARTESIAN_POINT('',(2.70878932347904,-14.0477649106898,19.7051679207762));
#8508=CARTESIAN_POINT('',(2.68580031065897,-14.0295446133498,19.7282753932721));
#8509=CARTESIAN_POINT('',(2.66323389822723,-14.0136606287592,19.7489558224209));
#8510=CARTESIAN_POINT('',(2.64134324072434,-14.0,19.7672540958361));
#8511=CARTESIAN_POINT('',(3.2971951447415,-13.455461682367,19.6464467463247));
#8512=CARTESIAN_POINT('',(3.120262895942,-13.5621437434057,19.58494121916));
#8513=CARTESIAN_POINT('',(2.9535267814853,-13.7116097969363,19.5672425883788));
#8514=CARTESIAN_POINT('',(2.82033108686147,-13.8892884052714,19.6010577981298));
#8515=CARTESIAN_POINT('',(2.73274521353296,-14.0711242304212,19.6767769799394));
#8516=COLOUR_RGB('',0.823529422283173,0.823529422283173,1.0);
#8517=CARTESIAN_POINT('',(3.65831003490682,13.5135771610814,19.2928932188135));
#8518=AXIS2_PLACEMENT_3D('',#10185,#10186,#10187);
#8519=CARTESIAN_POINT('',(3.29719513924009,13.4554615587794,19.6464466094067));
#8520=CARTESIAN_POINT('',(3.41529461391911,13.4883386924437,19.5864061274747));
#8521=CARTESIAN_POINT('',(3.52527271893791,13.5168094612161,19.5044380800671));
#8522=CARTESIAN_POINT('',(3.60879530930548,13.5269814740186,19.4009663902183));
#8523=CARTESIAN_POINT('',(3.65831002786412,13.5135771629879,19.2928932188135));
#8524=COLOUR_RGB('',0.823529422283173,0.823529422283173,1.0);
#8525=CARTESIAN_POINT('',(2.95980894265373,14.2394163392756,19.1464466117389));
#8526=CARTESIAN_POINT('',(2.95980894349863,14.239416337315,19.1464466094067));
#8527=CARTESIAN_POINT('',(3.00886145650394,14.0322441126938,19.1636499747752));
#8528=CARTESIAN_POINT('',(3.11261524512266,13.8386951993395,19.1892005524091));
#8529=CARTESIAN_POINT('',(3.26663545979182,13.6786469074364,19.2214921819042));
#8530=CARTESIAN_POINT('',(3.45503713314772,13.5686059137151,19.2571944466548));
#8531=CARTESIAN_POINT('',(3.65831002786412,13.5135771629879,19.2928932188135));
#8532=CARTESIAN_POINT('',(2.73274456842036,14.0711245017309,19.6767767007692));
#8533=CARTESIAN_POINT('',(2.8087332954799,14.1452293894613,19.5867159759238));
#8534=CARTESIAN_POINT('',(2.88053426728304,14.211912094659,19.4637647734832));
#8535=CARTESIAN_POINT('',(2.93328320141365,14.2465972182242,19.3085563665139));
#8536=CARTESIAN_POINT('',(2.95980894349863,14.239416337315,19.1464466094067));
#8537=COLOUR_RGB('',0.823529422283173,0.823529422283173,1.0);
#8538=CARTESIAN_POINT('',(2.95980894270137,-14.2394163391158,19.1464466116878));
#8539=CARTESIAN_POINT('',(2.7327445773282,-14.0711244702169,19.6767766944366));
#8540=CARTESIAN_POINT('',(2.80873389365491,-14.1452301529624,19.5867152496504));
#8541=CARTESIAN_POINT('',(2.88053424667042,-14.2119118983086,19.4637650203446));
#8542=CARTESIAN_POINT('',(2.93328341537204,-14.2465971603028,19.308555058926));
#8543=CARTESIAN_POINT('',(2.95980894349863,-14.239416337315,19.1464466094067));
#8544=CARTESIAN_POINT('',(3.65831002786412,-13.5135771629879,19.2928932188135));
#8545=CARTESIAN_POINT('',(3.45503713314771,-13.568605913715,19.2571944466547));
#8546=CARTESIAN_POINT('',(3.26663545979184,-13.6786469074365,19.2214921819044));
#8547=CARTESIAN_POINT('',(3.11261524512263,-13.8386951993394,19.189200552409));
#8548=CARTESIAN_POINT('',(3.00886145650395,-14.0322441126939,19.1636499747753));
#8549=CARTESIAN_POINT('',(2.95980894349863,-14.239416337315,19.1464466094067));
#8550=COLOUR_RGB('',0.823529422283173,0.823529422283173,1.0);
#8551=CARTESIAN_POINT('',(4.56075881260662E-15,16.1,-14.5));
#8552=AXIS2_PLACEMENT_3D('',#10188,#10189,#10190);
#8553=AXIS2_PLACEMENT_3D('',#10191,#10192,#10193);
#8554=CARTESIAN_POINT('',(-9.67842359708362E-15,16.0,-14.5));
#8555=AXIS2_PLACEMENT_3D('',#10194,#10195,#10196);
#8556=AXIS2_PLACEMENT_3D('',#10197,#10198,#10199);
#8557=COLOUR_RGB('',0.823529422283173,0.823529422283173,1.0);
#8558=AXIS2_PLACEMENT_3D('',#10200,#10201,#10202);
#8559=CARTESIAN_POINT('',(9.85840673313619E-16,16.1,14.75));
#8560=VECTOR('',#10203,1.0);
#8561=COLOUR_RGB('',0.823529422283173,0.823529422283173,1.0);
#8562=AXIS2_PLACEMENT_3D('',#10204,#10205,#10206);
#8563=COLOUR_RGB('',0.823529422283173,0.823529422283173,1.0);
#8564=CARTESIAN_POINT('',(9.79717439317883E-16,16.0,14.75));
#8565=VECTOR('',#10207,1.0);
#8566=AXIS2_PLACEMENT_3D('',#10208,#10209,#10210);
#8567=COLOUR_RGB('',0.823529422283173,0.823529422283173,1.0);
#8568=AXIS2_PLACEMENT_3D('',#10211,#10212,#10213);
#8569=COLOUR_RGB('',0.823529422283173,0.823529422283173,1.0);
#8570=CARTESIAN_POINT('',(-3.29719513924008,13.4554615587794,-19.6464466094066));
#8571=AXIS2_PLACEMENT_3D('',#10214,#10215,#10216);
#8572=CARTESIAN_POINT('',(-3.12126480164472,13.3115569342593,-19.8274054409555));
#8573=CARTESIAN_POINT('',(-3.29719550072638,13.4554589056411,-19.64644910027));
#8574=CARTESIAN_POINT('',(-3.26020480713722,13.4177526603142,-19.6918757484636));
#8575=CARTESIAN_POINT('',(-3.22465309373323,13.3865416014648,-19.7305865592895));
#8576=CARTESIAN_POINT('',(-3.18908179405622,13.3582906833915,-19.766354849552));
#8577=CARTESIAN_POINT('',(-3.1548957749603,13.3337442790503,-19.7981264862602));
#8578=CARTESIAN_POINT('',(-3.12126480164472,13.3115569342593,-19.8274054409555));
#8579=CARTESIAN_POINT('',(-3.12125919926703,13.3115620822546,-19.8274017078418));
#8580=CARTESIAN_POINT('',(-3.06174010790577,13.2722961114776,-19.8792181880764));
#8581=CARTESIAN_POINT('',(-3.0035120468445,13.2393716678497,-19.9243316862067));
#8582=CARTESIAN_POINT('',(-2.94646126770388,13.2111404575084,-19.9643644961559));
#8583=CARTESIAN_POINT('',(-2.89060307477151,13.1869031187812,-19.9999999999999));
#8584=COLOUR_RGB('',0.823529422283173,0.823529422283173,1.0);
#8585=CARTESIAN_POINT('',(-2.64134323567176,14.0,-19.7672541000595));
#8586=CARTESIAN_POINT('',(-2.64134010572998,13.9999988968155,-19.7672539479564));
#8587=CARTESIAN_POINT('',(-2.71327661397354,13.8041921866534,-19.7071226087068));
#8588=CARTESIAN_POINT('',(-2.82569880578592,13.6081002262291,-19.6952125492909));
#8589=CARTESIAN_POINT('',(-2.96850743669862,13.4380671976774,-19.7391105560429));
#8590=CARTESIAN_POINT('',(-3.12125718536611,13.3115646644087,-19.8274017078418));
#8591=CARTESIAN_POINT('',(-2.73274456842036,14.0711245017309,-19.6767767007692));
#8592=CARTESIAN_POINT('',(-2.73274443793445,14.0711234436972,-19.676777929108));
#8593=CARTESIAN_POINT('',(-2.82033016624662,13.8892874802812,-19.6010589160819));
#8594=CARTESIAN_POINT('',(-2.95352566656345,13.7116086847317,-19.5672439343108));
#8595=CARTESIAN_POINT('',(-3.12026155678623,13.562142414306,-19.5849428293711));
#8596=CARTESIAN_POINT('',(-3.29719358134736,13.4554601352927,-19.646448621905));
#8597=CARTESIAN_POINT('',(-2.73274429922554,14.0711251106513,-19.6767769282321));
#8598=CARTESIAN_POINT('',(-2.70878958744819,14.0477651667718,-19.7051676080649));
#8599=CARTESIAN_POINT('',(-2.6858008157446,14.0295449698326,-19.7282749291559));
#8600=CARTESIAN_POINT('',(-2.6632338416035,14.013660594175,-19.7489558699972));
#8601=CARTESIAN_POINT('',(-2.64134323567176,14.0,-19.7672541000595));
#8602=COLOUR_RGB('',0.823529422283173,0.823529422283173,1.0);
#8603=CARTESIAN_POINT('',(-2.0,13.769765305074,-20.0));
#8604=CARTESIAN_POINT('',(-2.89060307477151,13.1869031187812,-20.0));
#8605=CARTESIAN_POINT('',(-2.79179839475355,13.2085626056723,-20.0));
#8606=CARTESIAN_POINT('',(-2.70470593573126,13.2363798525416,-20.0));
#8607=CARTESIAN_POINT('',(-2.62774543759803,13.2673502725502,-20.0));
#8608=CARTESIAN_POINT('',(-2.43503211824462,13.3593085495684,-20.0));
#8609=CARTESIAN_POINT('',(-2.29822877528219,13.4583830214167,-20.0));
#8610=CARTESIAN_POINT('',(-2.22619080574193,13.5196581180559,-20.0));
#8611=CARTESIAN_POINT('',(-2.13975197435317,13.6034504699184,-20.0));
#8612=CARTESIAN_POINT('',(-2.0682786563815,13.6846862562839,-20.0));
#8613=CARTESIAN_POINT('',(-2.04914332336964,13.707878284846,-20.0));
#8614=CARTESIAN_POINT('',(-2.02784360927825,13.7335335387134,-20.0));
#8615=CARTESIAN_POINT('',(-2.00762605512357,13.7600189952194,-20.0));
#8616=CARTESIAN_POINT('',(-2.00506336794569,13.7631348595052,-20.0));
#8617=CARTESIAN_POINT('',(-2.00252497081506,13.7664539143245,-20.0));
#8618=CARTESIAN_POINT('',(-2.0,13.769765305074,-20.0));
#8619=CARTESIAN_POINT('',(-2.64134635301739,13.9999998136857,-19.7672514942776));
#8620=CARTESIAN_POINT('',(-2.60315733211208,13.9523329943965,-19.7991737381124));
#8621=CARTESIAN_POINT('',(-2.56595527383177,13.913829882692,-19.8262347680958));
#8622=CARTESIAN_POINT('',(-2.52941031706495,13.8816279272095,-19.8498949106901));
#8623=CARTESIAN_POINT('',(-2.45824449917426,13.8283627442798,-19.8910042434554));
#8624=CARTESIAN_POINT('',(-2.38958006600846,13.7930105877383,-19.9221105922949));
#8625=CARTESIAN_POINT('',(-2.3556950748229,13.7789315313689,-19.9356314650632));
#8626=CARTESIAN_POINT('',(-2.26169103914534,13.7485147353473,-19.9683984969609));
#8627=CARTESIAN_POINT('',(-2.17050905553417,13.7409399872724,-19.9879942359927));
#8628=CARTESIAN_POINT('',(-2.11300217223192,13.7437458336751,-19.996044679306));
#8629=CARTESIAN_POINT('',(-2.05625172490903,13.7534232505277,-20.0));
#8630=CARTESIAN_POINT('',(-2.0,13.769765305074,-20.0));
#8631=COLOUR_RGB('',0.823529422283173,0.823529422283173,1.0);
#8632=CARTESIAN_POINT('',(-2.73274456925637,-14.0711245553311,-19.676776694231));
#8633=CARTESIAN_POINT('',(-2.73274457633873,-14.0711245566528,-19.6767766956524));
#8634=CARTESIAN_POINT('',(-2.82033051561044,-13.8892884552022,-19.6010573241919));
#8635=CARTESIAN_POINT('',(-2.95352639648575,-13.7116096081566,-19.5672420568358));
#8636=CARTESIAN_POINT('',(-3.12026276509354,-13.5621434762243,-19.5849408211962));
#8637=CARTESIAN_POINT('',(-3.29719521251365,-13.4554615466771,-19.6464466114934));
#8638=CARTESIAN_POINT('',(-2.64134499227346,-14.0,-19.7672526317229));
#8639=CARTESIAN_POINT('',(-2.64134510535078,-13.9999984110133,-19.7672535659022));
#8640=CARTESIAN_POINT('',(-2.71328215742186,-13.8041911113765,-19.7071214719657));
#8641=CARTESIAN_POINT('',(-2.82570554062436,-13.6080983963232,-19.6952109406016));
#8642=CARTESIAN_POINT('',(-2.96851584735359,-13.4380647348525,-19.7391089108399));
#8643=CARTESIAN_POINT('',(-3.12126736723232,-13.3115618695718,-19.8274003436274));
#8644=CARTESIAN_POINT('',(-2.64134499227346,-14.0,-19.7672526317229));
#8645=CARTESIAN_POINT('',(-2.66334605161305,-14.0137326727205,-19.7488619887342));
#8646=CARTESIAN_POINT('',(-2.68549468671771,-14.0293590394571,-19.7285346302368));
#8647=CARTESIAN_POINT('',(-2.70854857685491,-14.0475285089664,-19.7054534207783));
#8648=CARTESIAN_POINT('',(-2.73274456866843,-14.0711245512481,-19.6767766952967));
#8649=COLOUR_RGB('',0.823529422283173,0.823529422283173,1.0);
#8650=CARTESIAN_POINT('',(-2.0,-13.7697653031312,-20.0));
#8651=CARTESIAN_POINT('',(-2.89059293136619,-13.1869053422376,-20.0));
#8652=CARTESIAN_POINT('',(-2.7917612654896,-13.2085727370267,-20.0));
#8653=CARTESIAN_POINT('',(-2.70473776747827,-13.236380563995,-20.0));
#8654=CARTESIAN_POINT('',(-2.62780978309146,-13.267326522959,-20.0));
#8655=CARTESIAN_POINT('',(-2.46509094074175,-13.344951408645,-20.0));
#8656=CARTESIAN_POINT('',(-2.34193305989427,-13.4278579303905,-20.0));
#8657=CARTESIAN_POINT('',(-2.28114959172706,-13.4749896159922,-20.0));
#8658=CARTESIAN_POINT('',(-2.19382103404083,-13.5508792947117,-20.0));
#8659=CARTESIAN_POINT('',(-2.12223559551289,-13.6243201814882,-20.0));
#8660=CARTESIAN_POINT('',(-2.09645743649786,-13.6523724645775,-20.0));
#8661=CARTESIAN_POINT('',(-2.06420182366647,-13.6893638698801,-20.0));
#8662=CARTESIAN_POINT('',(-2.0342384353387,-13.7260858919431,-20.0));
#8663=CARTESIAN_POINT('',(-2.02690328878076,-13.7352682143087,-20.0));
#8664=CARTESIAN_POINT('',(-2.01708950473476,-13.7476170004129,-20.0));
#8665=CARTESIAN_POINT('',(-2.00752044407486,-13.7601669783227,-20.0));
#8666=CARTESIAN_POINT('',(-2.00499235894849,-13.7632270734782,-20.0));
#8667=CARTESIAN_POINT('',(-2.00248969645387,-13.7665001654972,-20.0));
#8668=CARTESIAN_POINT('',(-2.0,-13.7697653031312,-20.0));
#8669=CARTESIAN_POINT('',(-2.0,-13.7697653031312,-20.0));
#8670=CARTESIAN_POINT('',(-2.05625163435332,-13.7534232979566,-20.0));
#8671=CARTESIAN_POINT('',(-2.11300197587271,-13.7437459198283,-19.9960446920407));
#8672=CARTESIAN_POINT('',(-2.17050880997307,-13.7409400509952,-19.9879942834128));
#8673=CARTESIAN_POINT('',(-2.2943704484827,-13.7512293617979,-19.9613754647649));
#8674=CARTESIAN_POINT('',(-2.42343977104805,-13.8036684886301,-19.9104521606264));
#8675=CARTESIAN_POINT('',(-2.49178104165375,-13.8453983853525,-19.8759461632648));
#8676=CARTESIAN_POINT('',(-2.56453829017857,-13.9041297011904,-19.831455420158));
#8677=CARTESIAN_POINT('',(-2.64134625404247,-13.9999999483869,-19.7672515770109));
#8678=COLOUR_RGB('',0.823529422283173,0.823529422283173,1.0);
#8679=CARTESIAN_POINT('',(-3.65831003490682,13.5135771610814,-19.2928932188135));
#8680=AXIS2_PLACEMENT_3D('',#10217,#10218,#10219);
#8681=CARTESIAN_POINT('',(-3.29719513924008,13.4554615587794,-19.6464466094067));
#8682=CARTESIAN_POINT('',(-3.41529461391913,13.4883386924437,-19.5864061274747));
#8683=CARTESIAN_POINT('',(-3.525272718938,13.5168094612162,-19.504438080067));
#8684=CARTESIAN_POINT('',(-3.60879530930552,13.5269814740186,-19.4009663902182));
#8685=CARTESIAN_POINT('',(-3.65831002786412,13.5135771629879,-19.2928932188135));
#8686=COLOUR_RGB('',0.823529422283173,0.823529422283173,1.0);
#8687=CARTESIAN_POINT('',(-2.95980894265373,14.2394163392756,-19.1464466117389));
#8688=CARTESIAN_POINT('',(-2.95980894349863,14.239416337315,-19.1464466094067));
#8689=CARTESIAN_POINT('',(-3.00886145650393,14.0322441126938,-19.1636499747752));
#8690=CARTESIAN_POINT('',(-3.11261524512265,13.8386951993395,-19.1892005524091));
#8691=CARTESIAN_POINT('',(-3.26663545979182,13.6786469074364,-19.2214921819042));
#8692=CARTESIAN_POINT('',(-3.45503713314772,13.5686059137151,-19.2571944466548));
#8693=CARTESIAN_POINT('',(-3.65831002786411,13.5135771629879,-19.2928932188135));
#8694=CARTESIAN_POINT('',(-2.73274456842036,14.0711245017309,-19.6767767007692));
#8695=CARTESIAN_POINT('',(-2.80873329547989,14.1452293894613,-19.5867159759238));
#8696=CARTESIAN_POINT('',(-2.88053426728313,14.211912094659,-19.463764773483));
#8697=CARTESIAN_POINT('',(-2.93328320141367,14.2465972182242,-19.3085563665139));
#8698=CARTESIAN_POINT('',(-2.95980894349863,14.239416337315,-19.1464466094067));
#8699=COLOUR_RGB('',0.823529422283173,0.823529422283173,1.0);
#8700=CARTESIAN_POINT('',(-2.95980891715651,-14.2394166959297,-19.1464461957749));
#8701=CARTESIAN_POINT('',(-2.95980980437672,-14.239416171732,-19.1464465384914));
#8702=CARTESIAN_POINT('',(-3.00886238762164,-14.0322439423451,-19.1636499216286));
#8703=CARTESIAN_POINT('',(-3.11261629303326,-13.8386950165237,-19.1892005167461));
#8704=CARTESIAN_POINT('',(-3.26663666467245,-13.6786467042893,-19.2214921617851));
#8705=CARTESIAN_POINT('',(-3.45503850470885,-13.5686056916027,-19.2571944358841));
#8706=CARTESIAN_POINT('',(-3.65831158694922,-13.5135769073527,-19.2928932160585));
#8707=CARTESIAN_POINT('',(-2.95980894349863,-14.239416337315,-19.1464466094067));
#8708=CARTESIAN_POINT('',(-2.93328152891342,-14.2465976709929,-19.3085665878531));
#8709=CARTESIAN_POINT('',(-2.88053802740965,-14.2119128196594,-19.4637468827677));
#8710=CARTESIAN_POINT('',(-2.80873933595404,-14.1452349092729,-19.5867088489893));
#8711=CARTESIAN_POINT('',(-2.73274456925637,-14.0711245553311,-19.676776694231));
#8712=COLOUR_RGB('',0.823529422283173,0.823529422283173,1.0);
#8713=AXIS2_PLACEMENT_3D('',#10220,#10221,#10222);
#8714=COLOUR_RGB('',0.823529422283173,0.823529422283173,1.0);
#8715=AXIS2_PLACEMENT_3D('',#10223,#10224,#10225);
#8716=COLOUR_RGB('',0.823529422283173,0.823529422283173,1.0);
#8717=AXIS2_PLACEMENT_3D('',#10226,#10227,#10228);
#8718=COLOUR_RGB('',0.823529422283173,0.823529422283173,1.0);
#8719=COLOUR_RGB('',0.823529422283173,0.823529422283173,1.0);
#8720=CARTESIAN_POINT('',(3.29719521099205,-13.4554615411969,-19.6464466094068));
#8721=AXIS2_PLACEMENT_3D('',#10229,#10230,#10231);
#8722=CARTESIAN_POINT('',(3.12126776864715,-13.3115614741414,-19.8274003436274));
#8723=CARTESIAN_POINT('',(3.12126776864715,-13.3115614741414,-19.8274003436274));
#8724=CARTESIAN_POINT('',(3.16352050804264,-13.3394279943071,-19.790623942467));
#8725=CARTESIAN_POINT('',(3.20611114422741,-13.3710698015246,-19.7499786183523));
#8726=CARTESIAN_POINT('',(3.25049036672556,-13.4078560313659,-19.7038000603696));
#8727=CARTESIAN_POINT('',(3.29719519734857,-13.4554615445402,-19.6464466094068));
#8728=CARTESIAN_POINT('',(2.89059293136412,-13.1869053422381,-20.0000000000001));
#8729=CARTESIAN_POINT('',(2.96484642336085,-13.2191209810746,-19.95263250378));
#8730=CARTESIAN_POINT('',(3.04157826403036,-13.2589939891171,-19.8967717579471));
#8731=CARTESIAN_POINT('',(3.12126827548743,-13.3115646450531,-19.827397140742));
#8732=COLOUR_RGB('',0.823529422283173,0.823529422283173,1.0);
#8733=CARTESIAN_POINT('',(2.0,13.7697653050739,-20.0));
#8734=CARTESIAN_POINT('',(2.89060307477151,13.1869031187812,-20.0));
#8735=CARTESIAN_POINT('',(2.79179839475272,13.2085626056725,-20.0));
#8736=CARTESIAN_POINT('',(2.70470593573046,13.2363798525412,-20.0));
#8737=CARTESIAN_POINT('',(2.62774543759878,13.2673502725503,-20.0));
#8738=CARTESIAN_POINT('',(2.43503211824557,13.3593085495672,-20.0));
#8739=CARTESIAN_POINT('',(2.29822877528098,13.4583830214184,-20.0));
#8740=CARTESIAN_POINT('',(2.22619080574299,13.5196581180542,-20.0));
#8741=CARTESIAN_POINT('',(2.13975197435715,13.6034504699145,-20.0));
#8742=CARTESIAN_POINT('',(2.06827865638705,13.6846862562758,-20.0));
#8743=CARTESIAN_POINT('',(2.04914332336362,13.707878284853,-20.0));
#8744=CARTESIAN_POINT('',(2.02784360927621,13.7335335387217,-20.0));
#8745=CARTESIAN_POINT('',(2.00762605512113,13.7600189952055,-20.0));
#8746=CARTESIAN_POINT('',(2.00506336794556,13.7631348595059,-20.0));
#8747=CARTESIAN_POINT('',(2.00252497081495,13.7664539143245,-20.0));
#8748=CARTESIAN_POINT('',(2.0,13.7697653050739,-20.0));
#8749=CARTESIAN_POINT('',(2.64134323567176,14.0,-19.7672541000595));
#8750=CARTESIAN_POINT('',(2.64134635301742,13.9999998136857,-19.7672514942776));
#8751=CARTESIAN_POINT('',(2.60315733211238,13.9523329943969,-19.7991737381121));
#8752=CARTESIAN_POINT('',(2.56595527383202,13.9138298826924,-19.8262347680957));
#8753=CARTESIAN_POINT('',(2.52941031706462,13.8816279272093,-19.8498949106903));
#8754=CARTESIAN_POINT('',(2.45824449917412,13.8283627442797,-19.8910042434555));
#8755=CARTESIAN_POINT('',(2.38958006600886,13.7930105877384,-19.9221105922947));
#8756=CARTESIAN_POINT('',(2.3556950748235,13.7789315313691,-19.935631465063));
#8757=CARTESIAN_POINT('',(2.26169103914552,13.7485147353474,-19.9683984969609));
#8758=CARTESIAN_POINT('',(2.1705090555345,13.7409399872722,-19.9879942359926));
#8759=CARTESIAN_POINT('',(2.11300217223228,13.7437458336748,-19.9960446793059));
#8760=CARTESIAN_POINT('',(2.05625172490925,13.7534232505275,-20.0));
#8761=CARTESIAN_POINT('',(2.0,13.7697653050739,-20.0));
#8762=CARTESIAN_POINT('',(2.64134334549579,13.9999964284805,-19.7672561003794));
#8763=CARTESIAN_POINT('',(2.7132800798194,13.804188728518,-19.7071244205123));
#8764=CARTESIAN_POINT('',(2.82570306621678,13.6080954857187,-19.6952144994008));
#8765=CARTESIAN_POINT('',(2.96851293272167,13.4380612442438,-19.7391132237551));
#8766=CARTESIAN_POINT('',(3.12126401270127,13.3115578339299,-19.8274054409554));
#8767=COLOUR_RGB('',0.823529422283173,0.823529422283173,1.0);
#8768=CARTESIAN_POINT('',(2.73274456842036,14.0711245017309,-19.6767767007692));
#8769=CARTESIAN_POINT('',(2.73274458598836,14.0711245351543,-19.6767766408258));
#8770=CARTESIAN_POINT('',(2.82033051238111,13.8892884313727,-19.6010572698826));
#8771=CARTESIAN_POINT('',(2.95352634565167,13.7116096275691,-19.5672420111277));
#8772=CARTESIAN_POINT('',(3.12026270697149,13.5621434947085,-19.5849407798854));
#8773=CARTESIAN_POINT('',(3.29719514992762,13.4554615709615,-19.6464465794915));
#8774=CARTESIAN_POINT('',(2.73274429922554,14.0711251106513,-19.6767769282321));
#8775=CARTESIAN_POINT('',(2.70878958744832,14.0477651667719,-19.7051676080648));
#8776=CARTESIAN_POINT('',(2.68580081574486,14.0295449698328,-19.7282749291556));
#8777=CARTESIAN_POINT('',(2.66323384160391,14.0136605941753,-19.7489558699969));
#8778=CARTESIAN_POINT('',(2.64134323567176,14.0,-19.7672541000595));
#8779=COLOUR_RGB('',0.823529422283173,0.823529422283173,1.0);
#8780=CARTESIAN_POINT('',(2.0,-13.7697653031329,-20.0));
#8781=CARTESIAN_POINT('',(2.64134499227346,-14.0,-19.7672526317229));
#8782=CARTESIAN_POINT('',(2.0,-13.7697653031329,-20.0));
#8783=CARTESIAN_POINT('',(2.05625163435323,-13.7534232979585,-20.0));
#8784=CARTESIAN_POINT('',(2.11300197587259,-13.7437459198302,-19.9960446920407));
#8785=CARTESIAN_POINT('',(2.17050880997295,-13.7409400509963,-19.9879942834128));
#8786=CARTESIAN_POINT('',(2.2943704484831,-13.7512293617967,-19.9613754647649));
#8787=CARTESIAN_POINT('',(2.42343977104902,-13.8036684886319,-19.910452160626));
#8788=CARTESIAN_POINT('',(2.49178104165202,-13.8453983853512,-19.8759461632661));
#8789=CARTESIAN_POINT('',(2.56453829017828,-13.9041297011902,-19.8314554201582));
#8790=CARTESIAN_POINT('',(2.64134625404251,-13.9999999483869,-19.7672515770109));
#8791=CARTESIAN_POINT('',(2.89059293136637,-13.1869053422376,-20.0));
#8792=CARTESIAN_POINT('',(2.79176126549035,-13.2085727370265,-20.0));
#8793=CARTESIAN_POINT('',(2.7047377674804,-13.2363805639936,-20.0));
#8794=CARTESIAN_POINT('',(2.62780978309,-13.2673265229588,-20.0));
#8795=CARTESIAN_POINT('',(2.46509094074596,-13.3449514086444,-20.0));
#8796=CARTESIAN_POINT('',(2.34193305989818,-13.427857930386,-20.0));
#8797=CARTESIAN_POINT('',(2.28114959172411,-13.4749896159864,-20.0));
#8798=CARTESIAN_POINT('',(2.1938210340396,-13.5508792947187,-20.0));
#8799=CARTESIAN_POINT('',(2.12223559551253,-13.6243201814865,-20.0));
#8800=CARTESIAN_POINT('',(2.09645743649668,-13.6523724645718,-20.0));
#8801=CARTESIAN_POINT('',(2.06420182366636,-13.6893638698849,-20.0));
#8802=CARTESIAN_POINT('',(2.03423843533819,-13.7260858919448,-20.0));
#8803=CARTESIAN_POINT('',(2.02690328878051,-13.7352682143124,-20.0));
#8804=CARTESIAN_POINT('',(2.01708950473437,-13.7476170004149,-20.0));
#8805=CARTESIAN_POINT('',(2.00752044407466,-13.7601669783254,-20.0));
#8806=CARTESIAN_POINT('',(2.00499235894829,-13.7632270734801,-20.0));
#8807=CARTESIAN_POINT('',(2.00248969645377,-13.766500165499,-20.0));
#8808=CARTESIAN_POINT('',(2.0,-13.7697653031329,-20.0));
#8809=CARTESIAN_POINT('',(2.64134541062904,-13.9999999483869,-19.7672519654446));
#8810=CARTESIAN_POINT('',(2.71328257329822,-13.8041929651411,-19.7071196577024));
#8811=CARTESIAN_POINT('',(2.82570604559584,-13.6081006671424,-19.6952087627866));
#8812=CARTESIAN_POINT('',(2.96851641640739,-13.4380674517031,-19.7391062424218));
#8813=CARTESIAN_POINT('',(3.12126798974538,-13.3115649879248,-19.827397140742));
#8814=COLOUR_RGB('',0.823529422283173,0.823529422283173,1.0);
#8815=CARTESIAN_POINT('',(2.73274456925637,-14.0711245553311,-19.676776694231));
#8816=CARTESIAN_POINT('',(2.73274456866843,-14.0711245512481,-19.6767766952967));
#8817=CARTESIAN_POINT('',(2.82033050466363,-13.8892884514149,-19.601057321023));
#8818=CARTESIAN_POINT('',(2.95352638341382,-13.7116096049255,-19.5672420521521));
#8819=CARTESIAN_POINT('',(3.1202627509162,-13.5621434733531,-19.5849408170672));
#8820=CARTESIAN_POINT('',(3.29719519734858,-13.4554615445402,-19.6464466094068));
#8821=CARTESIAN_POINT('',(2.64134499227346,-14.0,-19.7672526317229));
#8822=CARTESIAN_POINT('',(2.66334605161296,-14.0137326727205,-19.7488619887343));
#8823=CARTESIAN_POINT('',(2.685494686718,-14.0293590394573,-19.7285346302366));
#8824=CARTESIAN_POINT('',(2.70854857685513,-14.0475285089666,-19.7054534207781));
#8825=CARTESIAN_POINT('',(2.73274456866843,-14.0711245512481,-19.6767766952967));
#8826=COLOUR_RGB('',0.823529422283173,0.823529422283173,1.0);
#8827=CARTESIAN_POINT('',(3.6583100278641,-13.5135771629879,-19.2928932188135));
#8828=CARTESIAN_POINT('',(3.60879218730503,-13.5269823191868,-19.4009732044444));
#8829=CARTESIAN_POINT('',(3.52527949588598,-13.5168086620103,-19.5044265413328));
#8830=CARTESIAN_POINT('',(3.41530357753657,-13.4883413847135,-19.5864013786263));
#8831=CARTESIAN_POINT('',(3.29719521099205,-13.455461541197,-19.6464466094067));
#8832=COLOUR_RGB('',0.823529422283173,0.823529422283173,1.0);
#8833=CARTESIAN_POINT('',(2.9598089171565,14.2394166959297,-19.1464461957749));
#8834=CARTESIAN_POINT('',(2.95980980437672,14.239416171732,-19.1464465384914));
#8835=CARTESIAN_POINT('',(3.00886238762164,14.0322439423451,-19.1636499216286));
#8836=CARTESIAN_POINT('',(3.11261629303327,13.8386950165237,-19.1892005167462));
#8837=CARTESIAN_POINT('',(3.26663666467246,13.6786467042893,-19.221492161785));
#8838=CARTESIAN_POINT('',(3.45503850470883,13.5686056916027,-19.2571944358842));
#8839=CARTESIAN_POINT('',(3.6583115869492,13.5135769073527,-19.2928932160585));
#8840=CARTESIAN_POINT('',(2.73274456842036,14.0711245017309,-19.6767767007692));
#8841=CARTESIAN_POINT('',(2.80873329547989,14.1452293894613,-19.5867159759238));
#8842=CARTESIAN_POINT('',(2.88053426728311,14.2119120946591,-19.463764773483));
#8843=CARTESIAN_POINT('',(2.93328320141365,14.2465972182242,-19.308556366514));
#8844=CARTESIAN_POINT('',(2.95980894349863,14.239416337315,-19.1464466094067));
#8845=COLOUR_RGB('',0.823529422283173,0.823529422283173,1.0);
#8846=CARTESIAN_POINT('',(2.95980894265373,-14.2394163392756,-19.1464466117389));
#8847=CARTESIAN_POINT('',(2.95980894349863,-14.239416337315,-19.1464466094067));
#8848=CARTESIAN_POINT('',(3.00886145650394,-14.0322441126938,-19.1636499747752));
#8849=CARTESIAN_POINT('',(3.11261524512265,-13.8386951993396,-19.1892005524091));
#8850=CARTESIAN_POINT('',(3.26663545979183,-13.6786469074364,-19.2214921819042));
#8851=CARTESIAN_POINT('',(3.45503713314772,-13.5686059137151,-19.2571944466548));
#8852=CARTESIAN_POINT('',(3.65831002786412,-13.5135771629879,-19.2928932188135));
#8853=CARTESIAN_POINT('',(2.95980894349863,-14.239416337315,-19.1464466094067));
#8854=CARTESIAN_POINT('',(2.93328152891341,-14.2465976709929,-19.3085665878532));
#8855=CARTESIAN_POINT('',(2.88053802740968,-14.2119128196594,-19.4637468827676));
#8856=CARTESIAN_POINT('',(2.80873933595405,-14.1452349092729,-19.5867088489893));
#8857=CARTESIAN_POINT('',(2.73274456925637,-14.0711245553311,-19.676776694231));
#8858=COLOUR_RGB('',0.823529422283173,0.823529422283173,1.0);
#8859=CARTESIAN_POINT('',(-1.92557208046754,-15.4046304537629,15.3566161348851));
#8860=CARTESIAN_POINT('',(-9.30684607592763E-12,-15.399998890696,15.450000831978));
#8861=CARTESIAN_POINT('',(-0.64198402347571,-15.4000023366761,15.4499982474927));
#8862=CARTESIAN_POINT('',(-1.28406245465642,-15.4015824061036,15.4185614195806));
#8863=CARTESIAN_POINT('',(-1.92557208046754,-15.4046304537629,15.3566161348851));
#8864=CARTESIAN_POINT('',(-3.62298233447479,-14.3497037949946,15.9));
#8865=CARTESIAN_POINT('',(-3.56595645927992,-14.4634426130101,15.8277610839488));
#8866=CARTESIAN_POINT('',(-3.49847782425425,-14.5751222728706,15.7585008571206));
#8867=CARTESIAN_POINT('',(-3.41989881768695,-14.6837695166932,15.6928592997147));
#8868=CARTESIAN_POINT('',(-3.27080707996119,-14.8555178615162,15.592144796756));
#8869=CARTESIAN_POINT('',(-3.08886150146741,-15.0093479155568,15.5073402314585));
#8870=CARTESIAN_POINT('',(-3.0121304173044,-15.066523666405,15.4767893304204));
#8871=CARTESIAN_POINT('',(-2.83842443074635,-15.1792621267583,15.4188283031362));
#8872=CARTESIAN_POINT('',(-2.64380986093751,-15.2700289256442,15.3775412745892));
#8873=CARTESIAN_POINT('',(-2.53557433305521,-15.3108023544539,15.3609824679609));
#8874=CARTESIAN_POINT('',(-2.34914778513895,-15.3645832665031,15.3432345688381));
#8875=CARTESIAN_POINT('',(-2.15639034397321,-15.3938339447718,15.3421167647415));
#8876=CARTESIAN_POINT('',(-2.07926172240042,-15.401433241646,15.3443499453323));
#8877=CARTESIAN_POINT('',(-2.00217650483087,-15.4049988657003,15.3492157536418));
#8878=CARTESIAN_POINT('',(-1.92557904507879,-15.4046347774741,15.3566122692537));
#8879=COLOUR_RGB('',0.823529422283173,0.823529422283173,1.0);
#8880=CARTESIAN_POINT('',(1.40099420953277E-07,15.0,16.2500000660016));
#8881=CARTESIAN_POINT('',(1.40099414736028E-07,15.0,16.2500000660016));
#8882=CARTESIAN_POINT('',(1.43046011829127E-07,14.9999999990454,16.0181762605907));
#8883=CARTESIAN_POINT('',(1.45998127162434E-07,15.0718364858535,15.7859183071088));
#8884=CARTESIAN_POINT('',(1.48499857875262E-07,15.214540909371,15.5890944063049));
#8885=CARTESIAN_POINT('',(1.50267816281163E-07,15.3999999459371,15.4500001112538));
#8886=CARTESIAN_POINT('',(-2.0,15.0,16.1566296854378));
#8887=CARTESIAN_POINT('',(-2.0,15.0,16.1566296854378));
#8888=CARTESIAN_POINT('',(-1.97839433805302,14.9999998062881,15.924367081711));
#8889=CARTESIAN_POINT('',(-1.95674724510526,15.0727370830317,15.6916590913936));
#8890=CARTESIAN_POINT('',(-1.93844617432336,15.2172070488821,15.4949211084879));
#8891=CARTESIAN_POINT('',(-1.9255826906446,15.4046238219811,15.3566376242995));
#8892=CARTESIAN_POINT('',(-2.0,15.0,16.1566296854378));
#8893=CARTESIAN_POINT('',(-1.60048434421825,15.0,16.1937943406829));
#8894=CARTESIAN_POINT('',(-1.20064450811762,15.0,16.2218491014952));
#8895=CARTESIAN_POINT('',(-0.800557787041211,15.0,16.2406171434086));
#8896=CARTESIAN_POINT('',(-0.400298867706205,15.0,16.2500024204069));
#8897=CARTESIAN_POINT('',(3.30180327523522E-12,15.0,16.2500008341292));
#8898=COLOUR_RGB('',0.823529422283173,0.823529422283173,1.0);
#8899=CARTESIAN_POINT('',(-2.88492982879498,14.4657243799812,16.7));
#8900=CARTESIAN_POINT('',(-2.88493011844071,14.4657242810931,16.7));
#8901=CARTESIAN_POINT('',(-2.93750120634964,14.3658331380238,16.4977050787683));
#8902=CARTESIAN_POINT('',(-3.04938505319445,14.2971371999616,16.2953782342441));
#8903=CARTESIAN_POINT('',(-3.21503072447953,14.2710979938504,16.1158292942042));
#8904=CARTESIAN_POINT('',(-3.41410136315343,14.290912380187,15.9811019741174));
#8905=CARTESIAN_POINT('',(-3.62298237666999,14.3497036845875,15.9000000786468));
#8906=CARTESIAN_POINT('',(-2.88492982879498,14.4657243799812,16.7));
#8907=CARTESIAN_POINT('',(-2.83523406732248,14.560152036299,16.5809157311692));
#8908=CARTESIAN_POINT('',(-2.77088486823467,14.6518623135259,16.4699266875515));
#8909=CARTESIAN_POINT('',(-2.69063970875747,14.7387750930884,16.3697233711113));
#8910=CARTESIAN_POINT('',(-2.51894126054497,14.8738211213244,16.2243102324727));
#8911=CARTESIAN_POINT('',(-2.3009818003199,14.961505285018,16.1507176025153));
#8912=CARTESIAN_POINT('',(-2.2015536645025,14.9875110260244,16.1354167629556));
#8913=CARTESIAN_POINT('',(-2.09995583146996,15.0000000282677,16.1380152466779));
#8914=CARTESIAN_POINT('',(-1.99999971719831,15.0,16.1566118575033));
#8915=COLOUR_RGB('',0.823529422283173,0.823529422283173,1.0);
#8916=CARTESIAN_POINT('',(-4.25546841142932E-06,-15.0,16.2500022563178));
#8917=CARTESIAN_POINT('',(-4.47991106291332E-06,-15.3999981600274,15.4500038142473));
#8918=CARTESIAN_POINT('',(-4.43735960596584E-06,-15.2145398610235,15.5890981277274));
#8919=CARTESIAN_POINT('',(-4.38079185526239E-06,-15.0718360784417,15.7859217286155));
#8920=CARTESIAN_POINT('',(-4.31697929226464E-06,-14.9999999614112,16.0181790657208));
#8921=CARTESIAN_POINT('',(-4.25546841142932E-06,-15.0,16.2500022563178));
#8922=CARTESIAN_POINT('',(-2.0,-15.0,16.1566161348851));
#8923=CARTESIAN_POINT('',(-4.25546249748779E-06,-15.0,16.2500008319542));
#8924=CARTESIAN_POINT('',(-0.112025834231593,-15.0,16.250000366844));
#8925=CARTESIAN_POINT('',(-0.224050537158863,-15.0,16.2492647865387));
#8926=CARTESIAN_POINT('',(-0.336075466789713,-15.0,16.2477940013541));
#8927=CARTESIAN_POINT('',(-0.736276470069208,-15.0,16.2399147422186));
#8928=CARTESIAN_POINT('',(-1.13639159227414,-15.0,16.2226716629069));
#8929=CARTESIAN_POINT('',(-1.42441086568383,-15.0,16.2054204247571));
#8930=CARTESIAN_POINT('',(-1.7122925009259,-15.0,16.1833796111737));
#8931=CARTESIAN_POINT('',(-2.0,-15.0,16.1566161348851));
#8932=CARTESIAN_POINT('',(-1.92557978798109,-15.4046318387297,15.3566172949817));
#8933=CARTESIAN_POINT('',(-1.93844365767485,-15.2172118381045,15.4949006372075));
#8934=CARTESIAN_POINT('',(-1.9567454350054,-15.0727388742707,15.6916401821651));
#8935=CARTESIAN_POINT('',(-1.97839343594068,-14.9999999842273,15.9243508550991));
#8936=CARTESIAN_POINT('',(-2.0,-15.0,16.1566161348851));
#8937=COLOUR_RGB('',0.823529422283173,0.823529422283173,1.0);
#8938=CARTESIAN_POINT('',(-2.8849298321734,-14.4657243735618,16.7));
#8939=CARTESIAN_POINT('',(-2.8849298321734,-14.4657243735618,16.7));
#8940=CARTESIAN_POINT('',(-2.83523406166941,-14.5601520487026,16.5809157352687));
#8941=CARTESIAN_POINT('',(-2.7708845778728,-14.6518628566893,16.4699259982015));
#8942=CARTESIAN_POINT('',(-2.69064010604971,-14.738774780606,16.3697237075816));
#8943=CARTESIAN_POINT('',(-2.51894148741391,-14.8738210397767,16.2243102961902));
#8944=CARTESIAN_POINT('',(-2.30098173608954,-14.9615053108575,16.1507175808281));
#8945=CARTESIAN_POINT('',(-2.20155393981444,-14.9875109899742,16.135416746485));
#8946=CARTESIAN_POINT('',(-2.09995597617092,-15.0000000280421,16.1380152307584));
#8947=CARTESIAN_POINT('',(-1.99999971945559,-15.0,16.1566118696362));
#8948=CARTESIAN_POINT('',(-3.62298239800363,-14.349703678907,15.9000000794682));
#8949=CARTESIAN_POINT('',(-3.41410137750271,-14.2909123771943,15.9811019731885));
#8950=CARTESIAN_POINT('',(-3.21503073511612,-14.2710979926833,16.1158292911744));
#8951=CARTESIAN_POINT('',(-3.04938506080472,-14.2971371994219,16.2953782317462));
#8952=CARTESIAN_POINT('',(-2.93750121457545,-14.36583313703,16.4977050775207));
#8953=CARTESIAN_POINT('',(-2.88493013059324,-14.46572427846,16.7));
#8954=COLOUR_RGB('',0.823529422283173,0.823529422283173,1.0);
#8955=CARTESIAN_POINT('',(-3.68052200892473,13.5075444749155,19.0));
#8956=CARTESIAN_POINT('',(-3.65831154451981,13.5135767524084,19.2928932188135));
#8957=CARTESIAN_POINT('',(-3.67309431744872,13.5095748519599,19.1960942596656));
#8958=CARTESIAN_POINT('',(-3.68052200892473,13.5075444749155,19.0980491415096));
#8959=CARTESIAN_POINT('',(-3.68052200892473,13.5075444749155,19.0));
#8960=CARTESIAN_POINT('',(-3.6805217268521,13.5075445517744,17.5));
#8961=CARTESIAN_POINT('',(-3.68052200892473,13.5075444749155,18.25));
#8962=VECTOR('',#10232,1.0);
#8963=AXIS2_PLACEMENT_3D('',#10233,#10234,#10235);
#8964=COLOUR_RGB('',0.823529422283173,0.823529422283173,1.0);
#8965=CARTESIAN_POINT('',(-2.97170811147933,14.2361849827683,17.499999873234));
#8966=CARTESIAN_POINT('',(-2.97170812044752,14.2361848593286,17.499999873234));
#8967=CARTESIAN_POINT('',(-3.02207878070062,14.0289512560783,17.4999998776001));
#8968=CARTESIAN_POINT('',(-3.12765989397435,13.8351159102636,17.4999998819667));
#8969=CARTESIAN_POINT('',(-3.2839063450948,13.6744992883251,17.4999998859174));
#8970=CARTESIAN_POINT('',(-3.47475622554393,13.5636125460021,17.4999998890461));
#8971=CARTESIAN_POINT('',(-3.68052194655548,13.5075457029432,17.4999998911565));
#8972=CARTESIAN_POINT('',(-2.97170821906682,14.2361845401333,19.0));
#8973=AXIS2_PLACEMENT_3D('',#10236,#10237,#10238);
#8974=CARTESIAN_POINT('',(-2.97170821906682,14.2361845401333,0.0));
#8975=VECTOR('',#10239,1.0);
#8976=COLOUR_RGB('',0.823529422283173,0.823529422283173,1.0);
#8977=CARTESIAN_POINT('',(-2.9598089171565,14.2394166959297,19.146446195775));
#8978=CARTESIAN_POINT('',(-2.96772842173032,14.2372727073123,19.0980468201476));
#8979=CARTESIAN_POINT('',(-2.97170821906682,14.2361845401333,19.0490245707548));
#8980=CARTESIAN_POINT('',(-2.97170821906682,14.2361845401333,19.0));
#8981=COLOUR_RGB('',0.823529422283173,0.823529422283173,1.0);
#8982=CARTESIAN_POINT('',(-2.97170815556105,-14.236184801408,17.4999999350755));
#8983=CARTESIAN_POINT('',(-3.6805219595902,-13.5075451810532,17.500000017358));
#8984=CARTESIAN_POINT('',(-3.47475619749415,-13.5636120333274,17.4999999891264));
#8985=CARTESIAN_POINT('',(-3.28390628750863,-13.6744988288406,17.4999999645873));
#8986=CARTESIAN_POINT('',(-3.12765983323114,-13.8351155445913,17.4999999464494));
#8987=CARTESIAN_POINT('',(-3.02207875283889,-14.028951005602,17.4999999365775));
#8988=CARTESIAN_POINT('',(-2.97170815754108,-14.2361847235661,17.4999999350755));
#8989=CARTESIAN_POINT('',(-2.97170821906682,-14.2361845401333,19.0));
#8990=CARTESIAN_POINT('',(-2.97170821906682,-14.2361845401333,0.0));
#8991=VECTOR('',#10240,1.0);
#8992=AXIS2_PLACEMENT_3D('',#10241,#10242,#10243);
#8993=COLOUR_RGB('',0.823529422283173,0.823529422283173,1.0);
#8994=CARTESIAN_POINT('',(-2.95980891545804,-14.2394167017507,19.1464461973903));
#8995=CARTESIAN_POINT('',(-2.96772842824567,-14.2372727097483,19.0980467741744));
#8996=CARTESIAN_POINT('',(-2.97170821906682,-14.2361845401333,19.0490245262976));
#8997=CARTESIAN_POINT('',(-2.97170821906682,-14.2361845401333,19.0));
#8998=COLOUR_RGB('',0.823529422283173,0.823529422283173,1.0);
#8999=CARTESIAN_POINT('',(1.9255791586377,15.4046332774493,15.3566133750209));
#9000=CARTESIAN_POINT('',(1.92555677252394,15.4046216369818,15.3566241204359));
#9001=CARTESIAN_POINT('',(1.2840929532559,15.4015733703473,15.4185648737043));
#9002=CARTESIAN_POINT('',(0.642111217982294,15.3999992243569,15.4500005817324));
#9003=CARTESIAN_POINT('',(2.80009338362135E-15,15.3999999119979,15.4500000660016));
#9004=CARTESIAN_POINT('',(3.62298243534206,14.3497037695279,15.9));
#9005=CARTESIAN_POINT('',(3.62298243534206,14.3497037695279,15.9));
#9006=CARTESIAN_POINT('',(3.56299428855172,14.4693507070264,15.8240086769653));
#9007=CARTESIAN_POINT('',(3.49143981722246,14.5867176827517,15.751314391039));
#9008=CARTESIAN_POINT('',(3.40756818515541,14.7006763794404,15.6826587956004));
#9009=CARTESIAN_POINT('',(3.24296650496482,14.8852091190817,15.5749857677789));
#9010=CARTESIAN_POINT('',(3.03984712154801,15.0476905875194,15.4865924004023));
#9011=CARTESIAN_POINT('',(2.94998154340386,15.1097863837363,15.4540930187972));
#9012=CARTESIAN_POINT('',(2.71228837313378,15.2491421403213,15.3847509580841));
#9013=CARTESIAN_POINT('',(2.44101502487523,15.3469085529366,15.3461958727064));
#9014=CARTESIAN_POINT('',(2.2708197224562,15.386584381822,15.3361839325038));
#9015=CARTESIAN_POINT('',(2.09700364962105,15.4054483004104,15.3400598846585));
#9016=CARTESIAN_POINT('',(1.9255791586377,15.4046332774493,15.3566133750209));
#9017=AXIS2_PLACEMENT_3D('',#10244,#10245,#10246);
#9018=COLOUR_RGB('',0.823529422283173,0.823529422283173,1.0);
#9019=CARTESIAN_POINT('',(2.8849298112432,14.4657244133316,16.7));
#9020=CARTESIAN_POINT('',(2.88492986852112,14.465724304497,16.7));
#9021=CARTESIAN_POINT('',(2.93750094961636,14.3658331898774,16.4977050876385));
#9022=CARTESIAN_POINT('',(3.0493847631145,14.2971372794071,16.2953782520028));
#9023=CARTESIAN_POINT('',(3.21503037606649,14.271098094715,16.1158293157459));
#9024=CARTESIAN_POINT('',(3.41410113740074,14.2909125198229,15.9811018694104));
#9025=CARTESIAN_POINT('',(3.62298208494968,14.3497038579942,15.9));
#9026=CARTESIAN_POINT('',(2.0,15.0,16.1566133750209));
#9027=CARTESIAN_POINT('',(1.99999999782733,15.0000000010387,16.1566133750209));
#9028=CARTESIAN_POINT('',(1.97839323248524,15.0000000011214,15.9243476264635));
#9029=CARTESIAN_POINT('',(1.9567450337712,15.0727391750588,15.6916364833597));
#9030=CARTESIAN_POINT('',(1.93844310602549,15.2172126835381,15.4948966731456));
#9031=CARTESIAN_POINT('',(1.92557915670245,15.4046332765985,15.3566133750208));
#9032=CARTESIAN_POINT('',(2.8849298112432,14.4657244133316,16.7));
#9033=CARTESIAN_POINT('',(2.85321743572832,14.525981564718,16.6240086769653));
#9034=CARTESIAN_POINT('',(2.81553827459839,14.5851317044582,16.5513143910389));
#9035=CARTESIAN_POINT('',(2.77151031100491,14.6426069116991,16.4826587956003));
#9036=CARTESIAN_POINT('',(2.68532658508756,14.7357530497914,16.374985767779));
#9037=CARTESIAN_POINT('',(2.57932100791256,14.8179156049827,16.2865924004023));
#9038=CARTESIAN_POINT('',(2.53247056182188,14.8493455743809,16.2540930187972));
#9039=CARTESIAN_POINT('',(2.40866771147219,14.9199664564605,16.1847509580841));
#9040=CARTESIAN_POINT('',(2.26762769701928,14.9697585171851,16.1461958727064));
#9041=CARTESIAN_POINT('',(2.17921545502757,14.9901049761339,16.1361839325038));
#9042=CARTESIAN_POINT('',(2.08897201297524,15.0,16.1400598846585));
#9043=CARTESIAN_POINT('',(2.0,15.0,16.1566133750209));
#9044=COLOUR_RGB('',0.823529422283173,0.823529422283173,1.0);
#9045=CARTESIAN_POINT('',(2.00000099933627,15.0,16.1566241204358));
#9046=CARTESIAN_POINT('',(1.60048244166051,15.0,16.1937885723969));
#9047=CARTESIAN_POINT('',(1.20063372299983,15.0,16.2218443088185));
#9048=CARTESIAN_POINT('',(0.800537449006642,15.0,16.2406138223842));
#9049=CARTESIAN_POINT('',(0.400277932515287,15.0,16.25000037544));
#9050=CARTESIAN_POINT('',(1.40099420509188E-07,15.0,16.2500000660016));
#9051=COLOUR_RGB('',0.823529422283173,0.823529422283173,1.0);
#9052=CARTESIAN_POINT('',(2.88492981600501,-14.4657244042836,16.7));
#9053=CARTESIAN_POINT('',(3.62298208494968,-14.3497038579942,15.9));
#9054=CARTESIAN_POINT('',(3.41410113740073,-14.2909125198228,15.9811018694103));
#9055=CARTESIAN_POINT('',(3.21503037606652,-14.2710980947151,16.1158293157461));
#9056=CARTESIAN_POINT('',(3.04938476311448,-14.2971372794071,16.2953782520026));
#9057=CARTESIAN_POINT('',(2.93750094961637,-14.3658331898774,16.4977050876386));
#9058=CARTESIAN_POINT('',(2.88492986852112,-14.465724304497,16.7));
#9059=CARTESIAN_POINT('',(2.0,-15.0,16.1566133750163));
#9060=CARTESIAN_POINT('',(2.88492981600501,-14.4657244042836,16.7));
#9061=CARTESIAN_POINT('',(2.8532174461016,-14.5259815465025,16.6240087091575));
#9062=CARTESIAN_POINT('',(2.81553818160205,-14.5851318881119,16.551314170472));
#9063=CARTESIAN_POINT('',(2.77151051825812,-14.6426066877027,16.4826590545305));
#9064=CARTESIAN_POINT('',(2.68532664847022,-14.735753020254,16.3749857940077));
#9065=CARTESIAN_POINT('',(2.57932085028249,-14.8179157271582,16.2865922689615));
#9066=CARTESIAN_POINT('',(2.53247074340693,-14.8493454707994,16.2540931205032));
#9067=CARTESIAN_POINT('',(2.40866779470696,-14.9199664314668,16.1847509750454));
#9068=CARTESIAN_POINT('',(2.26762765099679,-14.9697585334327,16.1461958601257));
#9069=CARTESIAN_POINT('',(2.17921549650664,-14.9901049707872,16.1361839290438));
#9070=CARTESIAN_POINT('',(2.08897203701295,-15.0,16.1400598800635));
#9071=CARTESIAN_POINT('',(2.0,-15.0,16.1566133750163));
#9072=CARTESIAN_POINT('',(1.92557915670321,-15.4046332766054,15.3566133750163));
#9073=CARTESIAN_POINT('',(1.93844310595488,-15.2172126835791,15.4948966731725));
#9074=CARTESIAN_POINT('',(1.95674503367239,-15.0727391751197,15.6916364833899));
#9075=CARTESIAN_POINT('',(1.9783932324131,-15.0000000011679,15.9243476264761));
#9076=CARTESIAN_POINT('',(1.99999999782772,-15.0000000010421,16.1566133750163));
#9077=COLOUR_RGB('',0.823529422283173,0.823529422283173,1.0);
#9078=CARTESIAN_POINT('',(-4.25546841142932E-06,-15.0,16.2500022563178));
#9079=CARTESIAN_POINT('',(0.155740645324872,-15.0,16.2500011466191));
#9080=CARTESIAN_POINT('',(0.311493577446423,-15.0,16.2485791325614));
#9081=CARTESIAN_POINT('',(0.467247265911621,-15.0,16.2457359674641));
#9082=CARTESIAN_POINT('',(0.867424819686306,-15.0,16.2347838684617));
#9083=CARTESIAN_POINT('',(1.26748266173104,-15.0,16.214488229911));
#9084=CARTESIAN_POINT('',(1.51176469331718,-15.0,16.1986226659172));
#9085=CARTESIAN_POINT('',(1.75594495285406,-15.0,16.1793179504925));
#9086=CARTESIAN_POINT('',(2.00000015342751,-15.0,16.1566150268896));
#9087=COLOUR_RGB('',0.823529422283173,0.823529422283173,1.0);
#9088=CARTESIAN_POINT('',(3.68052200703775,13.5075444754297,17.5));
#9089=AXIS2_PLACEMENT_3D('',#10247,#10248,#10249);
#9090=CARTESIAN_POINT('',(3.68052200892473,13.5075444749155,19.0));
#9091=CARTESIAN_POINT('',(3.68052200892473,13.5075444749155,18.25));
#9092=VECTOR('',#10250,1.0);
#9093=CARTESIAN_POINT('',(3.68052293822867,13.5075442216997,19.0000000000037));
#9094=CARTESIAN_POINT('',(3.68052257100703,13.5075443217599,19.0980403464398));
#9095=CARTESIAN_POINT('',(3.67309420115941,13.5095748852136,19.1960870681677));
#9096=CARTESIAN_POINT('',(3.65831003490682,13.5135771610814,19.2928932188135));
#9097=COLOUR_RGB('',0.823529422283173,0.823529422283173,1.0);
#9098=CARTESIAN_POINT('',(2.97170821906682,14.2361845401333,19.0));
#9099=CARTESIAN_POINT('',(2.97170873733612,14.2361844511473,18.9999999681553));
#9100=CARTESIAN_POINT('',(3.02207928988708,14.0289505685316,18.9999999418771));
#9101=CARTESIAN_POINT('',(3.12766040242693,13.8351149375418,18.9999999102667));
#9102=CARTESIAN_POINT('',(3.28390696484113,13.674498077463,18.9999998758042));
#9103=CARTESIAN_POINT('',(3.47475614701947,13.5636116492071,18.9999998420329));
#9104=CARTESIAN_POINT('',(3.68052203372824,13.5075445659444,18.9999998118165));
#9105=CARTESIAN_POINT('',(2.97170821835781,14.2361845430503,17.5000000086812));
#9106=AXIS2_PLACEMENT_3D('',#10251,#10252,#10253);
#9107=CARTESIAN_POINT('',(2.97170821906682,14.2361845401333,0.0));
#9108=VECTOR('',#10254,1.0);
#9109=COLOUR_RGB('',0.823529422283173,0.823529422283173,1.0);
#9110=CARTESIAN_POINT('',(2.97170816378776,14.2361847675618,19.0000000000004));
#9111=CARTESIAN_POINT('',(2.97170818426403,14.2361846833185,19.049020160611));
#9112=CARTESIAN_POINT('',(2.96772906356443,14.2372722455118,19.0980434994182));
#9113=CARTESIAN_POINT('',(2.95980894265373,14.2394163392756,19.1464466117389));
#9114=COLOUR_RGB('',0.823529422283173,0.823529422283173,1.0);
#9115=CARTESIAN_POINT('',(2.97170821906682,-14.2361845401333,19.0));
#9116=CARTESIAN_POINT('',(3.68052203372874,-13.5075445659461,19.0000000000038));
#9117=CARTESIAN_POINT('',(3.47475614721555,-13.5636116483321,19.0000000151675));
#9118=CARTESIAN_POINT('',(3.28390696225897,-13.6744980780836,19.0000000303327));
#9119=CARTESIAN_POINT('',(3.12766040018165,-13.8351149380747,19.0000000440535));
#9120=CARTESIAN_POINT('',(3.02207928790932,-14.0289505690239,19.0000000549198));
#9121=CARTESIAN_POINT('',(2.97170873554112,-14.2361844516374,19.0000000622489));
#9122=CARTESIAN_POINT('',(2.9717082183857,-14.2361845429356,17.5000000086891));
#9123=CARTESIAN_POINT('',(2.97170821906682,-14.2361845401333,0.0));
#9124=VECTOR('',#10255,1.0);
#9125=AXIS2_PLACEMENT_3D('',#10256,#10257,#10258);
#9126=COLOUR_RGB('',0.823529422283173,0.823529422283173,1.0);
#9127=CARTESIAN_POINT('',(2.97170816357684,-14.2361847684295,19.0000000940679));
#9128=CARTESIAN_POINT('',(2.97170817905431,-14.2361846852286,19.0490202343219));
#9129=CARTESIAN_POINT('',(2.96772905462786,-14.2372722486861,19.098043552777));
#9130=CARTESIAN_POINT('',(2.95980894270137,-14.2394163391158,19.1464466116878));
#9131=COLOUR_RGB('',0.823529422283173,0.823529422283173,1.0);
#9132=CARTESIAN_POINT('',(3.68052200703776,13.5075444754297,17.5));
#9133=CARTESIAN_POINT('',(3.68052203302828,13.5075444683478,17.1290265875629));
#9134=CARTESIAN_POINT('',(3.68157487430302,13.5964870070174,16.7585317640953));
#9135=CARTESIAN_POINT('',(3.68468793400522,13.7733287464955,16.4104842396265));
#9136=CARTESIAN_POINT('',(3.67347937896686,14.0369891212291,16.1181290660536));
#9137=CARTESIAN_POINT('',(3.62298210043421,14.349703762103,15.9000000668873));
#9138=COLOUR_RGB('',0.823529422283173,0.823529422283173,1.0);
#9139=CARTESIAN_POINT('',(2.97170821835781,14.2361845430503,17.5000000086812));
#9140=CARTESIAN_POINT('',(2.97170822860311,14.2361845008992,17.3145132180773));
#9141=CARTESIAN_POINT('',(2.96582096956916,14.2600989996521,17.1292662713527));
#9142=CARTESIAN_POINT('',(2.95456065955447,14.3075754369397,16.9552417584275));
#9143=CARTESIAN_POINT('',(2.93044431195166,14.3792416149489,16.8090644902739));
#9144=CARTESIAN_POINT('',(2.88492986852112,14.465724304497,16.7));
#9145=COLOUR_RGB('',0.823529422283173,0.823529422283173,1.0);
#9146=CARTESIAN_POINT('',(2.9717082183857,-14.2361845429356,17.5000000086891));
#9147=CARTESIAN_POINT('',(2.97170822823033,-14.2361845024329,17.3145139314386));
#9148=CARTESIAN_POINT('',(2.9658207034412,-14.2600994320817,17.1292665312959));
#9149=CARTESIAN_POINT('',(2.95456138486121,-14.3075737682371,16.9552447298411));
#9150=CARTESIAN_POINT('',(2.93044414479989,-14.3792419325565,16.8090640897346));
#9151=CARTESIAN_POINT('',(2.88492986852112,-14.465724304497,16.7));
#9152=COLOUR_RGB('',0.823529422283173,0.823529422283173,1.0);
#9153=CARTESIAN_POINT('',(-3.62298209505303,14.3497037954271,15.9000000436426));
#9154=CARTESIAN_POINT('',(-3.67347821158582,14.0369963670388,16.118124002614));
#9155=CARTESIAN_POINT('',(-3.68468485029418,13.7733954935612,16.4104419230492));
#9156=CARTESIAN_POINT('',(-3.68157698508528,13.5965147606654,16.7584086604979));
#9157=CARTESIAN_POINT('',(-3.68052093616489,13.50754476722,17.128979278508));
#9158=CARTESIAN_POINT('',(-3.68052172685208,13.5075445517744,17.5));
#9159=COLOUR_RGB('',0.823529422283173,0.823529422283173,1.0);
#9160=CARTESIAN_POINT('',(-2.88492986852112,14.465724304497,16.7));
#9161=CARTESIAN_POINT('',(-2.93044326162262,14.3792436106952,16.8090619734112));
#9162=CARTESIAN_POINT('',(-2.95455354125554,14.3075940587024,16.9552173764795));
#9163=CARTESIAN_POINT('',(-2.96582047379941,14.2601046214574,17.12920715596));
#9164=CARTESIAN_POINT('',(-2.97170780549294,14.2361862416522,17.3144892771904));
#9165=CARTESIAN_POINT('',(-2.97170811147933,14.2361849827683,17.499999873234));
#9166=COLOUR_RGB('',0.823529422283173,0.823529422283173,1.0);
#9167=CARTESIAN_POINT('',(-2.88493023254984,-14.4657236127998,16.6999992996172));
#9168=CARTESIAN_POINT('',(-2.93042929372844,-14.3792699873383,16.8090292372179));
#9169=CARTESIAN_POINT('',(-2.95457696440986,-14.307547645676,16.955262514808));
#9170=CARTESIAN_POINT('',(-2.96581494351127,-14.2601071400789,17.129284594654));
#9171=CARTESIAN_POINT('',(-2.97170820767102,-14.2361845870179,17.314501726352));
#9172=CARTESIAN_POINT('',(-2.97170815556105,-14.236184801408,17.4999999350755));
#9173=COLOUR_RGB('',0.823529422283173,0.823529422283173,1.0);
#9174=CARTESIAN_POINT('',(-1.92554630829803,15.4046154672474,-15.3566296854379));
#9175=CARTESIAN_POINT('',(-1.92554630829803,15.4046154672474,-15.3566296854379));
#9176=CARTESIAN_POINT('',(-1.28408596744945,15.4015659823609,-15.4185707261753));
#9177=CARTESIAN_POINT('',(-0.642140462237816,15.3999954319161,-15.4500034260632));
#9178=CARTESIAN_POINT('',(9.35285182634971E-12,15.3999988878191,-15.4500008341357));
#9179=CARTESIAN_POINT('',(-3.62298231357361,14.3497038002717,-15.9));
#9180=CARTESIAN_POINT('',(-3.62298231357361,14.3497038002717,-15.9));
#9181=CARTESIAN_POINT('',(-3.5659564826171,14.4634426059048,-15.8277610847402));
#9182=CARTESIAN_POINT('',(-3.49847804522487,14.5751218626854,-15.7585011151229));
#9183=CARTESIAN_POINT('',(-3.41989844651945,14.6837699442643,-15.692859048984));
#9184=CARTESIAN_POINT('',(-3.2708069670637,14.8555179221566,-15.5921447679208));
#9185=CARTESIAN_POINT('',(-3.08886177868688,15.009347681175,-15.5073403606702));
#9186=CARTESIAN_POINT('',(-3.01213010059715,15.0665238719537,-15.4767892247439));
#9187=CARTESIAN_POINT('',(-2.83842434019745,15.179262153126,-15.4188282944827));
#9188=CARTESIAN_POINT('',(-2.64381005557927,15.2700288348646,-15.3775413158821));
#9189=CARTESIAN_POINT('',(-2.5355741208856,15.3108024156612,-15.3609824477623));
#9190=CARTESIAN_POINT('',(-2.34914843544292,15.3645830639033,-15.3432346405536));
#9191=CARTESIAN_POINT('',(-2.15639191557307,15.3938337062833,-15.3421167738555));
#9192=CARTESIAN_POINT('',(-2.07926414376333,15.4014330096927,-15.3443498699761));
#9193=CARTESIAN_POINT('',(-2.00217979296198,15.4049987273673,-15.3492155356703));
#9194=CARTESIAN_POINT('',(-1.92558317942853,15.4046348139529,-15.3566118575033));
#9195=AXIS2_PLACEMENT_3D('',#10259,#10260,#10261);
#9196=COLOUR_RGB('',0.823529422283173,0.823529422283173,1.0);
#9197=CARTESIAN_POINT('',(-2.0,15.0,-16.1566296854378));
#9198=CARTESIAN_POINT('',(-2.00000363831423,15.0000001773641,-16.1566118575033));
#9199=CARTESIAN_POINT('',(-1.97839802667867,15.0000001482873,-15.9243518096372));
#9200=CARTESIAN_POINT('',(-1.95675125743325,15.072735772816,-15.6916463885439));
#9201=CARTESIAN_POINT('',(-1.93845068577686,15.2172022882343,-15.4949096596166));
#9202=CARTESIAN_POINT('',(-1.92558772919211,15.4046152169114,-15.3566254932621));
#9203=CARTESIAN_POINT('',(1.40099558620932E-07,15.0,-16.2500000660017));
#9204=CARTESIAN_POINT('',(3.1532705035743E-12,15.0000000000002,-16.2500000660017));
#9205=CARTESIAN_POINT('',(-4.4958636026046E-08,15.000000165111,-16.0181762490756));
#9206=CARTESIAN_POINT('',(-9.00044785966506E-08,15.0718364844753,-15.7859190519144));
#9207=CARTESIAN_POINT('',(-1.2817811166379E-07,15.2145409934033,-15.5890950940155));
#9208=CARTESIAN_POINT('',(-1.55155179371036E-07,15.4000000843041,-15.4500008341292));
#9209=CARTESIAN_POINT('',(-2.0,15.0,-16.1566296854378));
#9210=CARTESIAN_POINT('',(-1.60048434421826,15.0,-16.1937943406829));
#9211=CARTESIAN_POINT('',(-1.20064450811765,15.0,-16.2218491014952));
#9212=CARTESIAN_POINT('',(-0.800557787041239,15.0,-16.2406171434086));
#9213=CARTESIAN_POINT('',(-0.400298867706223,15.0,-16.2500024204069));
#9214=CARTESIAN_POINT('',(3.30224736444507E-12,15.0,-16.2500008341292));
#9215=COLOUR_RGB('',0.823529422283173,0.823529422283173,1.0);
#9216=CARTESIAN_POINT('',(-2.88492982879498,14.4657243799812,-16.7));
#9217=CARTESIAN_POINT('',(-2.88492986852112,14.465724304497,-16.7));
#9218=CARTESIAN_POINT('',(-2.93750094961636,14.3658331898774,-16.4977050876386));
#9219=CARTESIAN_POINT('',(-3.0493847631145,14.2971372794071,-16.2953782520028));
#9220=CARTESIAN_POINT('',(-3.21503037606649,14.2710980947151,-16.1158293157459));
#9221=CARTESIAN_POINT('',(-3.41410113740074,14.2909125198229,-15.9811018694104));
#9222=CARTESIAN_POINT('',(-3.62298208494968,14.3497038579942,-15.9));
#9223=CARTESIAN_POINT('',(-2.88492982879498,14.4657243799812,-16.7));
#9224=CARTESIAN_POINT('',(-2.83523406732246,14.5601520362991,-16.5809157311691));
#9225=CARTESIAN_POINT('',(-2.7708848682348,14.6518623135256,-16.4699266875518));
#9226=CARTESIAN_POINT('',(-2.69063970875711,14.7387750930887,-16.369723371111));
#9227=CARTESIAN_POINT('',(-2.51894126054492,14.8738211213244,-16.2243102324728));
#9228=CARTESIAN_POINT('',(-2.30098180031992,14.961505285018,-16.1507176025153));
#9229=CARTESIAN_POINT('',(-2.20155366450256,14.9875110260244,-16.1354167629556));
#9230=CARTESIAN_POINT('',(-2.09995583146998,15.0000000282677,-16.1380152466779));
#9231=CARTESIAN_POINT('',(-1.99999971719831,15.0,-16.1566118575033));
#9232=COLOUR_RGB('',0.823529422283173,0.823529422283173,1.0);
#9233=CARTESIAN_POINT('',(2.62652891169779E-06,-15.0,-16.2500013527582));
#9234=CARTESIAN_POINT('',(2.62652891347415E-06,-15.0,-16.2500013527582));
#9235=CARTESIAN_POINT('',(2.6678452157057E-06,-14.999999977637,-16.0181779162239));
#9236=CARTESIAN_POINT('',(2.70923889300175E-06,-15.0718362424142,-15.7859203325761));
#9237=CARTESIAN_POINT('',(2.74431744013543E-06,-15.2145402996799,-15.5890965873245));
#9238=CARTESIAN_POINT('',(2.76910726427411E-06,-15.399998895698,-15.450002285257));
#9239=CARTESIAN_POINT('',(-2.0,-15.0,-16.1566296854369));
#9240=CARTESIAN_POINT('',(-2.0,-15.0,-16.1566296854369));
#9241=CARTESIAN_POINT('',(-1.97839433805322,-14.9999998062881,-15.9243670817098));
#9242=CARTESIAN_POINT('',(-1.95674724510566,-15.0727370830318,-15.691659091392));
#9243=CARTESIAN_POINT('',(-1.93844617432394,-15.2172070488826,-15.4949211084861));
#9244=CARTESIAN_POINT('',(-1.92558269064531,-15.4046238219819,-15.3566376242977));
#9245=CARTESIAN_POINT('',(-2.0,-15.0,-16.1566296854369));
#9246=CARTESIAN_POINT('',(-1.60048434421573,-15.0,-16.1937943406823));
#9247=CARTESIAN_POINT('',(-1.2006445081129,-15.0,-16.2218491014948));
#9248=CARTESIAN_POINT('',(-0.800557787035828,-15.0,-16.2406171434083));
#9249=CARTESIAN_POINT('',(-0.400298867702768,-15.0,-16.2500024204067));
#9250=CARTESIAN_POINT('',(3.30224736444507E-12,-15.0,-16.2500008341291));
#9251=COLOUR_RGB('',0.823529422283173,0.823529422283173,1.0);
#9252=CARTESIAN_POINT('',(-2.88492986902374,-14.4657243035419,-16.7));
#9253=CARTESIAN_POINT('',(-2.88492986977981,-14.4657243030832,-16.7));
#9254=CARTESIAN_POINT('',(-2.93750095091395,-14.3658331886711,-16.4977050876415));
#9255=CARTESIAN_POINT('',(-3.04938476455659,-14.2971372784042,-16.2953782520087));
#9256=CARTESIAN_POINT('',(-3.21503037775527,-14.2710980938871,-16.1158293157532));
#9257=CARTESIAN_POINT('',(-3.41410113940942,-14.2909125191199,-15.9811018694156));
#9258=CARTESIAN_POINT('',(-3.62298208731273,-14.3497038573593,-15.9));
#9259=CARTESIAN_POINT('',(-1.99999957023227,-14.9999999999999,-16.1566110676029));
#9260=CARTESIAN_POINT('',(-2.04449452322533,-15.0000000191224,-16.1483327494774));
#9261=CARTESIAN_POINT('',(-2.08931194610925,-14.9975252873312,-16.1432252768154));
#9262=CARTESIAN_POINT('',(-2.1341340592125,-14.9925039241386,-16.1414303164105));
#9263=CARTESIAN_POINT('',(-2.26999769499107,-14.9694007398372,-16.1462305344786));
#9264=CARTESIAN_POINT('',(-2.39886816000887,-14.9238274897129,-16.1815963918586));
#9265=CARTESIAN_POINT('',(-2.47938532787443,-14.8840685229417,-16.2184487245044));
#9266=CARTESIAN_POINT('',(-2.63192714436914,-14.7871946729954,-16.3169083762791));
#9267=CARTESIAN_POINT('',(-2.7509990233888,-14.6687018150337,-16.4516280042914));
#9268=CARTESIAN_POINT('',(-2.80399191686714,-14.6030179016862,-16.5293770857725));
#9269=CARTESIAN_POINT('',(-2.84841649904098,-14.5351039160524,-16.6125044457803));
#9270=CARTESIAN_POINT('',(-2.88492986902374,-14.4657243035419,-16.7));
#9271=COLOUR_RGB('',0.823529422283173,0.823529422283173,1.0);
#9272=CARTESIAN_POINT('',(-3.68052200703775,13.5075444754297,-17.5));
#9273=AXIS2_PLACEMENT_3D('',#10262,#10263,#10264);
#9274=CARTESIAN_POINT('',(-3.68052200892473,13.5075444749155,-19.0));
#9275=CARTESIAN_POINT('',(-3.68052200892473,13.5075444749155,-18.25));
#9276=VECTOR('',#10265,1.0);
#9277=CARTESIAN_POINT('',(-3.68052293822866,13.5075442216997,-19.0000000000037));
#9278=CARTESIAN_POINT('',(-3.68052257100703,13.5075443217599,-19.0980403464398));
#9279=CARTESIAN_POINT('',(-3.67309420115942,13.5095748852136,-19.1960870681677));
#9280=CARTESIAN_POINT('',(-3.65831003490683,13.5135771610814,-19.2928932188135));
#9281=COLOUR_RGB('',0.823529422283173,0.823529422283173,1.0);
#9282=CARTESIAN_POINT('',(-2.97170821906682,14.2361845401333,-19.0));
#9283=CARTESIAN_POINT('',(-2.97170873733612,14.2361844511473,-18.9999999681553));
#9284=CARTESIAN_POINT('',(-3.02207928988708,14.0289505685316,-18.9999999418771));
#9285=CARTESIAN_POINT('',(-3.12766040242694,13.8351149375418,-18.9999999102667));
#9286=CARTESIAN_POINT('',(-3.28390696484112,13.674498077463,-18.9999998758043));
#9287=CARTESIAN_POINT('',(-3.47475614701947,13.5636116492071,-18.9999998420329));
#9288=CARTESIAN_POINT('',(-3.68052203372824,13.5075445659444,-18.9999998118165));
#9289=CARTESIAN_POINT('',(-2.97170821835781,14.2361845430503,-17.5000000086812));
#9290=AXIS2_PLACEMENT_3D('',#10266,#10267,#10268);
#9291=CARTESIAN_POINT('',(-2.97170821906682,14.2361845401333,0.0));
#9292=VECTOR('',#10269,1.0);
#9293=COLOUR_RGB('',0.823529422283173,0.823529422283173,1.0);
#9294=CARTESIAN_POINT('',(-2.97170816378776,14.2361847675618,-19.0000000000004));
#9295=CARTESIAN_POINT('',(-2.97170818426403,14.2361846833185,-19.049020160611));
#9296=CARTESIAN_POINT('',(-2.96772906356442,14.2372722455118,-19.0980434994182));
#9297=CARTESIAN_POINT('',(-2.95980894265373,14.2394163392756,-19.1464466117389));
#9298=COLOUR_RGB('',0.823529422283173,0.823529422283173,1.0);
#9299=CARTESIAN_POINT('',(-2.97170811147933,-14.2361849827683,-17.499999873234));
#9300=CARTESIAN_POINT('',(-2.97170812044752,-14.2361848593287,-17.499999873234));
#9301=CARTESIAN_POINT('',(-3.02207878070062,-14.0289512560783,-17.4999998776001));
#9302=CARTESIAN_POINT('',(-3.12765989397435,-13.8351159102636,-17.4999998819667));
#9303=CARTESIAN_POINT('',(-3.28390634509479,-13.6744992883252,-17.4999998859174));
#9304=CARTESIAN_POINT('',(-3.47475622554392,-13.5636125460021,-17.4999998890461));
#9305=CARTESIAN_POINT('',(-3.68052194655548,-13.5075457029432,-17.4999998911565));
#9306=CARTESIAN_POINT('',(-2.97170821906682,-14.2361845401333,-19.0));
#9307=AXIS2_PLACEMENT_3D('',#10270,#10271,#10272);
#9308=CARTESIAN_POINT('',(-2.97170821906682,-14.2361845401333,0.0));
#9309=VECTOR('',#10273,1.0);
#9310=COLOUR_RGB('',0.823529422283173,0.823529422283173,1.0);
#9311=CARTESIAN_POINT('',(-2.95980891715651,-14.2394166959297,-19.1464461957749));
#9312=CARTESIAN_POINT('',(-2.96772842173032,-14.2372727073123,-19.0980468201476));
#9313=CARTESIAN_POINT('',(-2.97170821906682,-14.2361845401333,-19.0490245707548));
#9314=CARTESIAN_POINT('',(-2.97170821906682,-14.2361845401333,-19.0));
#9315=COLOUR_RGB('',0.823529422283173,0.823529422283173,1.0);
#9316=CARTESIAN_POINT('',(1.92554310522764,-15.4046132103883,-15.3566316629759));
#9317=CARTESIAN_POINT('',(1.92554310522764,-15.4046132103883,-15.3566316629759));
#9318=CARTESIAN_POINT('',(1.2840820950613,-15.4015631787604,-15.4185730837923));
#9319=CARTESIAN_POINT('',(0.642147141955313,-15.3999935415984,-15.4500048438012));
#9320=CARTESIAN_POINT('',(2.44249065417534E-15,-15.3999981963225,-15.4500013527581));
#9321=CARTESIAN_POINT('',(1.92558385459342,-15.4046357909541,-15.3566110676027));
#9322=CARTESIAN_POINT('',(2.01131343988948,-15.4050432245436,-15.3483327494772));
#9323=CARTESIAN_POINT('',(2.09764835149629,-15.4005277931615,-15.3432252768152));
#9324=CARTESIAN_POINT('',(2.18397087001821,-15.3909448383805,-15.3414303164104));
#9325=CARTESIAN_POINT('',(2.44556862943771,-15.3462196978942,-15.3462305344789));
#9326=CARTESIAN_POINT('',(2.69343904789298,-15.2567325965151,-15.381596391858));
#9327=CARTESIAN_POINT('',(2.84814155653004,-15.1783763947333,-15.4184487245047));
#9328=CARTESIAN_POINT('',(3.14084281203625,-14.9870602818317,-15.5169083762791));
#9329=CARTESIAN_POINT('',(3.36847920093991,-14.7524109756437,-15.6516280042916));
#9330=CARTESIAN_POINT('',(3.46950804747665,-14.6222055998606,-15.7293770857724));
#9331=CARTESIAN_POINT('',(3.5539131836475,-14.4874637970408,-15.8125044457802));
#9332=CARTESIAN_POINT('',(3.62298208653692,-14.3497038575935,-15.9));
#9333=COLOUR_RGB('',0.823529422283173,0.823529422283173,1.0);
#9334=CARTESIAN_POINT('',(2.0,15.0,-16.1566125887111));
#9335=CARTESIAN_POINT('',(1.99999992724337,15.0000000000617,-16.1566125954792));
#9336=CARTESIAN_POINT('',(1.9783939884875,15.0000025979833,-15.9243495997521));
#9337=CARTESIAN_POINT('',(1.95674670233572,15.072742768032,-15.6916421211379));
#9338=CARTESIAN_POINT('',(1.93844555446349,15.2172153714743,-15.4949054980233));
#9339=CARTESIAN_POINT('',(1.9255821236522,15.4046340690482,-15.3566241204209));
#9340=CARTESIAN_POINT('',(2.8849298810351,14.465724280719,-16.6999999538715));
#9341=CARTESIAN_POINT('',(2.88493058910373,14.4657241372644,-16.7000000991705));
#9342=CARTESIAN_POINT('',(2.93750163465144,14.365833034494,-16.4977053488546));
#9343=CARTESIAN_POINT('',(3.04938538074919,14.2971370777027,-16.2953786752692));
#9344=CARTESIAN_POINT('',(3.21503090610785,14.2710977719511,-16.1158298526703));
#9345=CARTESIAN_POINT('',(3.41410159808334,14.2909120099431,-15.9811024247471));
#9346=CARTESIAN_POINT('',(3.62298252950188,14.3497031308857,-15.9000004777458));
#9347=CARTESIAN_POINT('',(2.88492981697737,14.465724402436,-16.7000000991705));
#9348=CARTESIAN_POINT('',(2.8418953806332,14.5474947706593,-16.5968780007967));
#9349=CARTESIAN_POINT('',(2.78787378707206,14.6272251303315,-16.4998291885172));
#9350=CARTESIAN_POINT('',(2.72189489413243,14.7036173172423,-16.4105546837522));
#9351=CARTESIAN_POINT('',(2.58255698445208,14.8273474398707,-16.2733425638374));
#9352=CARTESIAN_POINT('',(2.40509912221108,14.9204744142057,-16.1847771518132));
#9353=CARTESIAN_POINT('',(2.32206293678198,14.9531881257086,-16.1576507043921));
#9354=CARTESIAN_POINT('',(2.20591627821065,14.9838275549334,-16.1393762479372));
#9355=CARTESIAN_POINT('',(2.08712124120186,14.9968410799359,-16.1445243467203));
#9356=CARTESIAN_POINT('',(2.05800085500144,14.9989537924852,-16.1471875821002));
#9357=CARTESIAN_POINT('',(2.02893036487582,15.0,-16.1512303580985));
#9358=CARTESIAN_POINT('',(2.0,15.0,-16.1566125887111));
#9359=COLOUR_RGB('',0.823529422283173,0.823529422283173,1.0);
#9360=CARTESIAN_POINT('',(2.00000099933487,15.0,-16.1566241204208));
#9361=CARTESIAN_POINT('',(1.60048244159888,15.0,-16.1937885723896));
#9362=CARTESIAN_POINT('',(1.20063372288948,15.0,-16.2218443088181));
#9363=CARTESIAN_POINT('',(0.80053744888701,15.0,-16.2406138223867));
#9364=CARTESIAN_POINT('',(0.400277932446385,15.0,-16.2500003754403));
#9365=CARTESIAN_POINT('',(1.40099558620932E-07,15.0,-16.2500000660017));
#9366=COLOUR_RGB('',0.823529422283173,0.823529422283173,1.0);
#9367=CARTESIAN_POINT('',(2.88492986902374,-14.465724303542,-16.7));
#9368=CARTESIAN_POINT('',(2.88492986852112,-14.465724304497,-16.7));
#9369=CARTESIAN_POINT('',(2.93750094961636,-14.3658331898774,-16.4977050876386));
#9370=CARTESIAN_POINT('',(3.0493847631145,-14.2971372794071,-16.2953782520028));
#9371=CARTESIAN_POINT('',(3.21503037606649,-14.2710980947151,-16.1158293157459));
#9372=CARTESIAN_POINT('',(3.41410113740074,-14.2909125198229,-15.9811018694104));
#9373=CARTESIAN_POINT('',(3.62298208494968,-14.3497038579942,-15.9));
#9374=CARTESIAN_POINT('',(2.0,-15.0,-16.1566316629761));
#9375=CARTESIAN_POINT('',(2.00000466328614,-15.0000004738389,-16.1566110676027));
#9376=CARTESIAN_POINT('',(1.97839922349441,-15.0000004279347,-15.9243518998537));
#9377=CARTESIAN_POINT('',(1.95675268461285,-15.0727355278868,-15.6916473618435));
#9378=CARTESIAN_POINT('',(1.93845234977655,-15.2172010234862,-15.4949111195421));
#9379=CARTESIAN_POINT('',(1.92558958625319,-15.4046128449667,-15.3566268442139));
#9380=CARTESIAN_POINT('',(1.99999957023224,-14.9999999999999,-16.1566110676027));
#9381=CARTESIAN_POINT('',(2.04449452322533,-15.0000000191224,-16.1483327494772));
#9382=CARTESIAN_POINT('',(2.08931194610927,-14.9975252873312,-16.1432252768152));
#9383=CARTESIAN_POINT('',(2.13413405921256,-14.9925039241385,-16.1414303164104));
#9384=CARTESIAN_POINT('',(2.26999769499094,-14.9694007398372,-16.1462305344789));
#9385=CARTESIAN_POINT('',(2.39886816000852,-14.923827489713,-16.181596391858));
#9386=CARTESIAN_POINT('',(2.4793853278747,-14.8840685229416,-16.2184487245047));
#9387=CARTESIAN_POINT('',(2.63192714436932,-14.7871946729952,-16.3169083762791));
#9388=CARTESIAN_POINT('',(2.75099902338887,-14.6687018150337,-16.4516280042916));
#9389=CARTESIAN_POINT('',(2.80399191686707,-14.6030179016862,-16.5293770857724));
#9390=CARTESIAN_POINT('',(2.84841649904096,-14.5351039160525,-16.6125044457802));
#9391=CARTESIAN_POINT('',(2.88492986902374,-14.465724303542,-16.7));
#9392=COLOUR_RGB('',0.823529422283173,0.823529422283173,1.0);
#9393=CARTESIAN_POINT('',(2.0,-15.0,-16.1566316629761));
#9394=CARTESIAN_POINT('',(1.60048470826852,-15.0,-16.1937965154659));
#9395=CARTESIAN_POINT('',(1.20064748575059,-15.0,-16.2218510422731));
#9396=CARTESIAN_POINT('',(0.800564094599862,-15.0,-16.2406186291601));
#9397=CARTESIAN_POINT('',(0.400306347248813,-15.0,-16.250003447384));
#9398=CARTESIAN_POINT('',(2.62652891169779E-06,-15.0,-16.2500013527582));
#9399=COLOUR_RGB('',0.823529422283173,0.823529422283173,1.0);
#9400=CARTESIAN_POINT('',(3.68052200892473,13.5075444749155,-19.0));
#9401=CARTESIAN_POINT('',(3.65831154451983,13.5135767524084,-19.2928932188135));
#9402=CARTESIAN_POINT('',(3.67309431744873,13.5095748519599,-19.1960942596656));
#9403=CARTESIAN_POINT('',(3.68052200892473,13.5075444749155,-19.0980491415096));
#9404=CARTESIAN_POINT('',(3.68052200892473,13.5075444749155,-19.0));
#9405=CARTESIAN_POINT('',(3.6805216397008,13.5075445755213,-17.5));
#9406=CARTESIAN_POINT('',(3.68052200892473,13.5075444749155,-18.25));
#9407=VECTOR('',#10274,1.0);
#9408=AXIS2_PLACEMENT_3D('',#10275,#10276,#10277);
#9409=COLOUR_RGB('',0.823529422283173,0.823529422283173,1.0);
#9410=CARTESIAN_POINT('',(2.97170807779324,14.236185121359,-17.4999999007187));
#9411=CARTESIAN_POINT('',(2.9717080836127,14.2361849488138,-17.4999999007187));
#9412=CARTESIAN_POINT('',(3.0220787865137,14.0289514242552,-17.4999999238826));
#9413=CARTESIAN_POINT('',(3.12765991850782,13.8351161569306,-17.4999999470487));
#9414=CARTESIAN_POINT('',(3.28390636197641,13.6744995978119,-17.4999999680085));
#9415=CARTESIAN_POINT('',(3.47475621599048,13.5636128891876,-17.4999999846076));
#9416=CARTESIAN_POINT('',(3.68052190297764,13.5075460486587,-17.4999999958034));
#9417=CARTESIAN_POINT('',(2.97170821906682,14.2361845401333,-19.0));
#9418=AXIS2_PLACEMENT_3D('',#10278,#10279,#10280);
#9419=CARTESIAN_POINT('',(2.97170821906682,14.2361845401333,0.0));
#9420=VECTOR('',#10281,1.0);
#9421=COLOUR_RGB('',0.823529422283173,0.823529422283173,1.0);
#9422=CARTESIAN_POINT('',(2.9598089171565,14.2394166959297,-19.1464461957749));
#9423=CARTESIAN_POINT('',(2.96772842173032,14.2372727073123,-19.0980468201476));
#9424=CARTESIAN_POINT('',(2.97170821906682,14.2361845401333,-19.0490245707548));
#9425=CARTESIAN_POINT('',(2.97170821906682,14.2361845401333,-19.0));
#9426=COLOUR_RGB('',0.823529422283173,0.823529422283173,1.0);
#9427=CARTESIAN_POINT('',(2.97170821906682,-14.2361845401333,-19.0));
#9428=CARTESIAN_POINT('',(2.97170873733612,-14.2361844511473,-18.9999999681553));
#9429=CARTESIAN_POINT('',(3.02207928988708,-14.0289505685316,-18.9999999418771));
#9430=CARTESIAN_POINT('',(3.12766040242694,-13.8351149375418,-18.9999999102667));
#9431=CARTESIAN_POINT('',(3.28390696484112,-13.674498077463,-18.9999998758042));
#9432=CARTESIAN_POINT('',(3.47475614701947,-13.5636116492071,-18.9999998420329));
#9433=CARTESIAN_POINT('',(3.68052203372825,-13.5075445659444,-18.9999998118165));
#9434=CARTESIAN_POINT('',(2.97170821835781,-14.2361845430503,-17.5000000086812));
#9435=AXIS2_PLACEMENT_3D('',#10282,#10283,#10284);
#9436=CARTESIAN_POINT('',(2.97170821906682,-14.2361845401333,0.0));
#9437=VECTOR('',#10285,1.0);
#9438=COLOUR_RGB('',0.823529422283173,0.823529422283173,1.0);
#9439=CARTESIAN_POINT('',(2.97170816378776,-14.2361847675618,-19.0000000000004));
#9440=CARTESIAN_POINT('',(2.97170818426403,-14.2361846833185,-19.049020160611));
#9441=CARTESIAN_POINT('',(2.96772906356442,-14.2372722455118,-19.0980434994182));
#9442=CARTESIAN_POINT('',(2.95980894265373,-14.2394163392756,-19.1464466117389));
#9443=COLOUR_RGB('',0.823529422283173,0.823529422283173,1.0);
#9444=CARTESIAN_POINT('',(-3.68052200703775,13.5075444754297,-17.5));
#9445=CARTESIAN_POINT('',(-3.68052203302827,13.5075444683478,-17.129026587563));
#9446=CARTESIAN_POINT('',(-3.68157487430302,13.596487007017,-16.7585317640957));
#9447=CARTESIAN_POINT('',(-3.68468793400514,13.7733287464965,-16.4104842396251));
#9448=CARTESIAN_POINT('',(-3.67347937690209,14.0369891505757,-16.1181290363385));
#9449=CARTESIAN_POINT('',(-3.62298209505304,14.3497037954271,-15.9000000436426));
#9450=COLOUR_RGB('',0.823529422283173,0.823529422283173,1.0);
#9451=CARTESIAN_POINT('',(-2.97170821835781,14.2361845430503,-17.5000000086812));
#9452=CARTESIAN_POINT('',(-2.97170822860311,14.2361845008992,-17.3145132180773));
#9453=CARTESIAN_POINT('',(-2.96582096956921,14.260098999652,-17.1292662713529));
#9454=CARTESIAN_POINT('',(-2.95456065955437,14.30757543694,-16.9552417584268));
#9455=CARTESIAN_POINT('',(-2.93044431195163,14.379241614949,-16.8090644902738));
#9456=CARTESIAN_POINT('',(-2.88492986852112,14.465724304497,-16.7));
#9457=COLOUR_RGB('',0.823529422283173,0.823529422283173,1.0);
#9458=CARTESIAN_POINT('',(-2.88492986852111,-14.465724304497,-16.7));
#9459=CARTESIAN_POINT('',(-2.93044326162254,-14.3792436106954,-16.8090619734111));
#9460=CARTESIAN_POINT('',(-2.95455354125565,-14.307594058702,-16.9552173764799));
#9461=CARTESIAN_POINT('',(-2.96582047379939,-14.2601046214575,-17.1292071559602));
#9462=CARTESIAN_POINT('',(-2.97170780549293,-14.2361862416522,-17.3144892771905));
#9463=CARTESIAN_POINT('',(-2.97170811147933,-14.2361849827683,-17.499999873234));
#9464=COLOUR_RGB('',0.823529422283173,0.823529422283173,1.0);
#9465=CARTESIAN_POINT('',(3.62298214352,14.3497038432065,-15.9));
#9466=CARTESIAN_POINT('',(3.67347676083965,14.0370088955235,-16.1181151416701));
#9467=CARTESIAN_POINT('',(3.68468795316388,13.7733291884412,-16.4104640801546));
#9468=CARTESIAN_POINT('',(3.68157588181059,13.5965031106664,-16.7585392204357));
#9469=CARTESIAN_POINT('',(3.68052162822543,13.5075445786481,-17.128971497398));
#9470=CARTESIAN_POINT('',(3.68052163970081,13.5075445755213,-17.5));
#9471=COLOUR_RGB('',0.823529422283173,0.823529422283173,1.0);
#9472=CARTESIAN_POINT('',(2.8849298810351,14.465724280719,-16.6999999538715));
#9473=CARTESIAN_POINT('',(2.9304415536294,14.3792468504411,-16.80905709606));
#9474=CARTESIAN_POINT('',(2.95456093509915,14.3075767319352,-16.9552325398875));
#9475=CARTESIAN_POINT('',(2.9658200507018,14.2601017976771,-17.1292694217104));
#9476=CARTESIAN_POINT('',(2.97170806775337,14.2361851626649,-17.3144857160389));
#9477=CARTESIAN_POINT('',(2.97170807779324,14.236185121359,-17.4999999007187));
#9478=COLOUR_RGB('',0.823529422283173,0.823529422283173,1.0);
#9479=CARTESIAN_POINT('',(2.97170821835781,-14.2361845430503,-17.5000000086812));
#9480=CARTESIAN_POINT('',(2.97170822860311,-14.2361845008992,-17.3145132180771));
#9481=CARTESIAN_POINT('',(2.96582096956919,-14.260098999652,-17.1292662713525));
#9482=CARTESIAN_POINT('',(2.95456065955435,-14.3075754369401,-16.9552417584269));
#9483=CARTESIAN_POINT('',(2.93044431195166,-14.3792416149489,-16.8090644902739));
#9484=CARTESIAN_POINT('',(2.88492986852112,-14.465724304497,-16.7));
#9485=COLOUR_RGB('',0.823529422283173,0.823529422283173,1.0);
#9486=COLOUR_RGB('',0.823529422283173,0.823529422283173,1.0);
#9487=AXIS2_PLACEMENT_3D('',#10286,#10287,#10288);
#9488=COLOUR_RGB('',0.823529422283173,0.823529422283173,1.0);
#9489=COLOUR_RGB('',0.823529422283173,0.823529422283173,1.0);
#9490=AXIS2_PLACEMENT_3D('',#10289,#10290,#10291);
#9491=COLOUR_RGB('',0.823529422283173,0.823529422283173,1.0);
#9492=COLOUR_RGB('',0.823529422283173,0.823529422283173,1.0);
#9493=COLOUR_RGB('',0.823529422283173,0.823529422283173,1.0);
#9494=AXIS2_PLACEMENT_3D('',#10292,#10293,#10294);
#9495=COLOUR_RGB('',0.823529422283173,0.823529422283173,1.0);
#9496=COLOUR_RGB('',0.823529422283173,0.823529422283173,1.0);
#9497=AXIS2_PLACEMENT_3D('',#10295,#10296,#10297);
#9498=COLOUR_RGB('',0.823529422283173,0.823529422283173,1.0);
#9499=COLOUR_RGB('',0.823529422283173,0.823529422283173,1.0);
#9500=COLOUR_RGB('',0.823529422283173,0.823529422283173,1.0);
#9501=COLOUR_RGB('',0.823529422283173,0.823529422283173,1.0);
#9502=CARTESIAN_POINT('',(2.0,14.0,20.0));
#9503=AXIS2_PLACEMENT_3D('',#10298,#10299,#10300);
#9504=CARTESIAN_POINT('',(2.0,13.8848826525369,20.0));
#9505=VECTOR('',#10301,1.0);
#9506=COLOUR_RGB('',0.823529422283173,0.823529422283173,1.0);
#9507=CARTESIAN_POINT('',(2.0,14.0,-20.0));
#9508=CARTESIAN_POINT('',(2.0,13.8848826525369,-20.0));
#9509=VECTOR('',#10302,1.0);
#9510=AXIS2_PLACEMENT_3D('',#10303,#10304,#10305);
#9511=COLOUR_RGB('',0.823529422283173,0.823529422283173,1.0);
#9512=CARTESIAN_POINT('',(2.0,15.0,19.0));
#9513=CARTESIAN_POINT('',(2.0,15.0,17.5783066875104));
#9514=VECTOR('',#10306,0.999999999999999);
#9515=AXIS2_PLACEMENT_3D('',#10307,#10308,#10309);
#9516=COLOUR_RGB('',0.823529422283173,0.823529422283173,1.0);
#9517=CARTESIAN_POINT('',(2.0,15.0,-19.0));
#9518=AXIS2_PLACEMENT_3D('',#10310,#10311,#10312);
#9519=CARTESIAN_POINT('',(2.0,15.0,-17.5783062943555));
#9520=VECTOR('',#10313,1.0);
#9521=COLOUR_RGB('',0.823529422283173,0.823529422283173,1.0);
#9522=AXIS2_PLACEMENT_3D('',#10314,#10315,#10316);
#9523=COLOUR_RGB('',0.823529422283173,0.823529422283173,1.0);
#9524=AXIS2_PLACEMENT_3D('',#10317,#10318,#10319);
#9525=COLOUR_RGB('',0.823529422283173,0.823529422283173,1.0);
#9526=CARTESIAN_POINT('',(-2.0,15.0,19.0));
#9527=CARTESIAN_POINT('',(-2.0,15.0,17.5783148427189));
#9528=VECTOR('',#10320,1.0);
#9529=CARTESIAN_POINT('',(0.0,15.0,19.0));
#9530=VECTOR('',#10321,1.0);
#9531=COLOUR_RGB('',0.823529422283173,0.823529422283173,1.0);
#9532=CARTESIAN_POINT('',(-2.0,15.0,-19.0));
#9533=CARTESIAN_POINT('',(0.0,15.0,-19.0));
#9534=VECTOR('',#10322,1.0);
#9535=CARTESIAN_POINT('',(-2.0,15.0,-17.5783148427189));
#9536=VECTOR('',#10323,1.0);
#9537=COLOUR_RGB('',0.823529422283173,0.823529422283173,1.0);
#9538=CARTESIAN_POINT('',(-2.0,14.0,20.0));
#9539=AXIS2_PLACEMENT_3D('',#10324,#10325,#10326);
#9540=CARTESIAN_POINT('',(0.0,14.0,20.0));
#9541=VECTOR('',#10327,1.0);
#9542=COLOUR_RGB('',0.823529422283173,0.823529422283173,1.0);
#9543=CARTESIAN_POINT('',(-2.0,14.0,-20.0));
#9544=CARTESIAN_POINT('',(0.0,14.0,-20.0));
#9545=VECTOR('',#10328,1.0);
#9546=AXIS2_PLACEMENT_3D('',#10329,#10330,#10331);
#9547=COLOUR_RGB('',0.823529422283173,0.823529422283173,1.0);
#9548=AXIS2_PLACEMENT_3D('',#10332,#10333,#10334);
#9549=COLOUR_RGB('',0.823529422283173,0.823529422283173,1.0);
#9550=AXIS2_PLACEMENT_3D('',#10335,#10336,#10337);
#9551=COLOUR_RGB('',0.823529422283173,0.823529422283173,1.0);
#9552=AXIS2_PLACEMENT_3D('',#10338,#10339,#10340);
#9553=COLOUR_RGB('',0.823529422283173,0.823529422283173,1.0);
#9554=AXIS2_PLACEMENT_3D('',#10341,#10342,#10343);
#9555=COLOUR_RGB('',0.823529422283173,0.823529422283173,1.0);
#9556=CARTESIAN_POINT('',(-2.0,13.8848826525372,20.0));
#9557=VECTOR('',#10344,1.0);
#9558=COLOUR_RGB('',0.823529422283173,0.823529422283173,1.0);
#9559=CARTESIAN_POINT('',(-2.0,13.884882652537,-20.0));
#9560=VECTOR('',#10345,1.0);
#9561=COLOUR_RGB('',0.823529422283173,0.823529422283173,1.0);
#9562=COLOUR_RGB('',0.823529422283173,0.823529422283173,1.0);
#9563=COLOUR_RGB('',0.823529422283173,0.823529422283173,1.0);
#9564=CARTESIAN_POINT('',(2.0,-14.0,20.0));
#9565=CARTESIAN_POINT('',(2.0,-13.8848826624044,20.0));
#9566=VECTOR('',#10346,1.0);
#9567=AXIS2_PLACEMENT_3D('',#10347,#10348,#10349);
#9568=COLOUR_RGB('',0.823529422283173,0.823529422283173,1.0);
#9569=CARTESIAN_POINT('',(2.0,-14.0,-20.0));
#9570=AXIS2_PLACEMENT_3D('',#10350,#10351,#10352);
#9571=CARTESIAN_POINT('',(2.0,-13.8848826515664,-20.0));
#9572=VECTOR('',#10353,0.999999999999999);
#9573=COLOUR_RGB('',0.823529422283173,0.823529422283173,1.0);
#9574=CARTESIAN_POINT('',(2.0,-15.0,19.0));
#9575=AXIS2_PLACEMENT_3D('',#10354,#10355,#10356);
#9576=CARTESIAN_POINT('',(2.0,-15.0,17.5783066875081));
#9577=VECTOR('',#10357,1.0);
#9578=COLOUR_RGB('',0.823529422283173,0.823529422283173,1.0);
#9579=CARTESIAN_POINT('',(2.0,-15.0,-19.0));
#9580=CARTESIAN_POINT('',(2.0,-15.0,-17.5783158314881));
#9581=VECTOR('',#10358,1.0);
#9582=AXIS2_PLACEMENT_3D('',#10359,#10360,#10361);
#9583=COLOUR_RGB('',0.823529422283173,0.823529422283173,1.0);
#9584=AXIS2_PLACEMENT_3D('',#10362,#10363,#10364);
#9585=COLOUR_RGB('',0.823529422283173,0.823529422283173,1.0);
#9586=AXIS2_PLACEMENT_3D('',#10365,#10366,#10367);
#9587=COLOUR_RGB('',0.823529422283173,0.823529422283173,1.0);
#9588=CARTESIAN_POINT('',(-2.0,-15.0,19.0));
#9589=CARTESIAN_POINT('',(-2.0,-15.0,17.5783080674426));
#9590=VECTOR('',#10368,1.0);
#9591=CARTESIAN_POINT('',(0.0,-15.0,19.0));
#9592=VECTOR('',#10369,1.0);
#9593=COLOUR_RGB('',0.823529422283173,0.823529422283173,1.0);
#9594=CARTESIAN_POINT('',(-2.0,-15.0,-19.0));
#9595=CARTESIAN_POINT('',(-2.0,-15.0,-17.5783148427185));
#9596=VECTOR('',#10370,1.0);
#9597=CARTESIAN_POINT('',(0.0,-15.0,-19.0));
#9598=VECTOR('',#10371,1.0);
#9599=COLOUR_RGB('',0.823529422283173,0.823529422283173,1.0);
#9600=CARTESIAN_POINT('',(-2.0,-14.0,20.0));
#9601=CARTESIAN_POINT('',(0.0,-14.0,20.0));
#9602=VECTOR('',#10372,1.0);
#9603=AXIS2_PLACEMENT_3D('',#10373,#10374,#10375);
#9604=COLOUR_RGB('',0.823529422283173,0.823529422283173,1.0);
#9605=CARTESIAN_POINT('',(-2.0,-14.0,-20.0));
#9606=AXIS2_PLACEMENT_3D('',#10376,#10377,#10378);
#9607=CARTESIAN_POINT('',(0.0,-14.0,-20.0));
#9608=VECTOR('',#10379,1.0);
#9609=COLOUR_RGB('',0.823529422283173,0.823529422283173,1.0);
#9610=AXIS2_PLACEMENT_3D('',#10380,#10381,#10382);
#9611=COLOUR_RGB('',0.823529422283173,0.823529422283173,1.0);
#9612=AXIS2_PLACEMENT_3D('',#10383,#10384,#10385);
#9613=COLOUR_RGB('',0.823529422283173,0.823529422283173,1.0);
#9614=AXIS2_PLACEMENT_3D('',#10386,#10387,#10388);
#9615=COLOUR_RGB('',0.823529422283173,0.823529422283173,1.0);
#9616=AXIS2_PLACEMENT_3D('',#10389,#10390,#10391);
#9617=COLOUR_RGB('',0.823529422283173,0.823529422283173,1.0);
#9618=CARTESIAN_POINT('',(-2.0,-13.8848826624044,20.0));
#9619=VECTOR('',#10392,1.0);
#9620=COLOUR_RGB('',0.823529422283173,0.823529422283173,1.0);
#9621=CARTESIAN_POINT('',(-2.0,-13.8848826515656,-20.0));
#9622=VECTOR('',#10393,1.0);
#9623=COLOUR_RGB('',0.823529422283173,0.823529422283173,1.0);
#9624=COLOUR_RGB('',0.823529422283173,0.823529422283173,1.0);
#9625=COLOUR_RGB('',0.823529422283173,0.823529422283173,1.0);
#9626=CARTESIAN_POINT('',(-16.1720490416652,5.82522448987772,-14.8696169451017));
#9627=DIRECTION('',(0.338888739682298,0.940826456960338,-0.0));
#9628=DIRECTION('',(-0.940826456960338,0.338888739682298,0.0));
#9629=CARTESIAN_POINT('',(0.0,0.0,-15.4824524995969));
#9630=DIRECTION('',(0.0,0.0,1.0));
#9631=DIRECTION('',(1.0,0.0,0.0));
#9632=CARTESIAN_POINT('',(0.0,0.0,-15.4824524995969));
#9633=DIRECTION('',(0.0,0.0,1.0));
#9634=DIRECTION('',(1.0,0.0,0.0));
#9635=CARTESIAN_POINT('',(4.59090275900576E-16,-17.1891945873998,-14.8696169451017));
#9636=DIRECTION('',(1.0,-3.60822483003176E-16,-0.0));
#9637=DIRECTION('',(-3.60822483003176E-16,-1.0,0.0));
#9638=CARTESIAN_POINT('',(0.0,0.0,-15.4987148669753));
#9639=DIRECTION('',(0.0,0.0,-1.0));
#9640=DIRECTION('',(1.0,0.0,0.0));
#9641=CARTESIAN_POINT('',(0.0,0.0,-15.4987148669753));
#9642=DIRECTION('',(0.0,0.0,-1.0));
#9643=DIRECTION('',(1.0,0.0,0.0));
#9644=CARTESIAN_POINT('',(16.6493928235473,-4.27388923238625,-14.8696169451017));
#9645=DIRECTION('',(-0.248638131976185,-0.968596448128627,0.0));
#9646=DIRECTION('',(0.968596448128628,-0.248638131976185,0.0));
#9647=CARTESIAN_POINT('',(0.0,0.0,-15.4824524995969));
#9648=DIRECTION('',(0.0,0.0,-1.0));
#9649=DIRECTION('',(-1.0,0.0,0.0));
#9650=CARTESIAN_POINT('',(0.0,0.0,-15.4824524995969));
#9651=DIRECTION('',(0.0,0.0,-1.0));
#9652=DIRECTION('',(-1.0,0.0,0.0));
#9653=CARTESIAN_POINT('',(3.79876220689693E-15,17.1891945873998,-14.8696169451017));
#9654=DIRECTION('',(-1.0,-1.66533453693773E-16,0.0));
#9655=DIRECTION('',(-1.66533453693774E-16,1.0,0.0));
#9656=CARTESIAN_POINT('',(0.0,0.0,-15.4987148669753));
#9657=DIRECTION('',(0.0,0.0,1.0));
#9658=DIRECTION('',(-1.0,0.0,0.0));
#9659=CARTESIAN_POINT('',(0.0,0.0,-15.4987148669753));
#9660=DIRECTION('',(0.0,0.0,1.0));
#9661=DIRECTION('',(-1.0,0.0,0.0));
#9662=DIRECTION('',(-0.766044443118979,-9.38133875270274E-17,0.642787609686538));
#9663=CARTESIAN_POINT('',(0.0,0.0,-15.4824524995969));
#9664=DIRECTION('',(0.0,0.0,-1.0));
#9665=DIRECTION('',(-1.0,0.0,0.0));
#9666=DIRECTION('',(-1.40720081290541E-16,-0.766044443118979,-0.642787609686538));
#9667=CARTESIAN_POINT('',(0.0,0.0,-15.0899210354892));
#9668=DIRECTION('',(0.0,0.0,-1.0));
#9669=DIRECTION('',(-1.0,0.0,0.0));
#9670=DIRECTION('',(0.786372402342051,-9.63028445466007E-17,0.617752737618209));
#9671=DIRECTION('',(-1.44454266819901E-16,0.786372402342051,0.617752737618209));
#9672=CARTESIAN_POINT('',(0.0,0.0,-15.25));
#9673=DIRECTION('',(0.0,0.0,-1.0));
#9674=DIRECTION('',(-1.0,0.0,0.0));
#9675=DIRECTION('',(0.766044443118979,9.38133875270274E-17,0.642787609686538));
#9676=CARTESIAN_POINT('',(0.0,0.0,-15.4824524995969));
#9677=DIRECTION('',(0.0,0.0,1.0));
#9678=DIRECTION('',(1.0,0.0,0.0));
#9679=DIRECTION('',(4.69066937635137E-17,0.766044443118979,-0.642787609686538));
#9680=CARTESIAN_POINT('',(0.0,0.0,-15.0899210354892));
#9681=DIRECTION('',(0.0,0.0,1.0));
#9682=DIRECTION('',(1.0,0.0,0.0));
#9683=CARTESIAN_POINT('',(0.0,0.0,-15.0899210354892));
#9684=DIRECTION('',(0.0,0.0,1.0));
#9685=DIRECTION('',(1.0,0.0,0.0));
#9686=DIRECTION('',(-0.786372402342051,9.63028445466007E-17,0.617752737618209));
#9687=DIRECTION('',(4.81514222733004E-17,-0.786372402342051,0.617752737618209));
#9688=CARTESIAN_POINT('',(0.0,0.0,-15.25));
#9689=DIRECTION('',(0.0,0.0,1.0));
#9690=DIRECTION('',(1.0,0.0,0.0));
#9691=CARTESIAN_POINT('',(-16.1720490416652,5.82522448987771,14.8696169451017));
#9692=DIRECTION('',(0.338888739682298,0.940826456960339,-0.0));
#9693=DIRECTION('',(-0.940826456960338,0.338888739682298,0.0));
#9694=CARTESIAN_POINT('',(0.0,0.0,15.4987148669753));
#9695=DIRECTION('',(0.0,0.0,-1.0));
#9696=DIRECTION('',(1.0,0.0,0.0));
#9697=CARTESIAN_POINT('',(0.0,0.0,15.4987148669753));
#9698=DIRECTION('',(0.0,0.0,-1.0));
#9699=DIRECTION('',(1.0,0.0,0.0));
#9700=CARTESIAN_POINT('',(1.47239621338279E-14,-17.1891945873998,14.8696169451017));
#9701=DIRECTION('',(1.0,8.04911692853238E-16,0.0));
#9702=DIRECTION('',(8.04911692853239E-16,-1.0,0.0));
#9703=CARTESIAN_POINT('',(0.0,0.0,15.4824524995969));
#9704=DIRECTION('',(0.0,0.0,1.0));
#9705=DIRECTION('',(1.0,0.0,0.0));
#9706=CARTESIAN_POINT('',(0.0,0.0,15.4824524995969));
#9707=DIRECTION('',(0.0,0.0,1.0));
#9708=DIRECTION('',(1.0,0.0,0.0));
#9709=CARTESIAN_POINT('',(16.6493928235473,-4.27388923238625,14.8696169451017));
#9710=DIRECTION('',(-0.248638131976185,-0.968596448128628,0.0));
#9711=DIRECTION('',(0.968596448128628,-0.248638131976185,0.0));
#9712=CARTESIAN_POINT('',(0.0,0.0,15.4987148669753));
#9713=DIRECTION('',(0.0,0.0,1.0));
#9714=DIRECTION('',(-1.0,0.0,0.0));
#9715=CARTESIAN_POINT('',(0.0,0.0,15.4987148669753));
#9716=DIRECTION('',(0.0,0.0,1.0));
#9717=DIRECTION('',(-1.0,0.0,0.0));
#9718=CARTESIAN_POINT('',(8.88178419700125E-16,17.1891945873998,14.8696169451017));
#9719=DIRECTION('',(-1.0,0.0,0.0));
#9720=DIRECTION('',(0.0,1.0,0.0));
#9721=CARTESIAN_POINT('',(0.0,0.0,15.4824524995969));
#9722=DIRECTION('',(0.0,0.0,-1.0));
#9723=DIRECTION('',(-1.0,0.0,0.0));
#9724=CARTESIAN_POINT('',(0.0,0.0,15.4824524995969));
#9725=DIRECTION('',(0.0,0.0,-1.0));
#9726=DIRECTION('',(-1.0,0.0,0.0));
#9727=DIRECTION('',(-0.766044443118979,9.38133875270274E-17,-0.642787609686538));
#9728=DIRECTION('',(4.69066937635137E-17,0.766044443118979,0.642787609686538));
#9729=CARTESIAN_POINT('',(0.0,0.0,15.0899210354892));
#9730=DIRECTION('',(0.0,0.0,-1.0));
#9731=DIRECTION('',(-1.0,0.0,0.0));
#9732=CARTESIAN_POINT('',(0.0,0.0,15.0899210354892));
#9733=DIRECTION('',(0.0,0.0,-1.0));
#9734=DIRECTION('',(-1.0,0.0,0.0));
#9735=DIRECTION('',(0.786372402342051,9.63028445466007E-17,-0.617752737618209));
#9736=CARTESIAN_POINT('',(0.0,0.0,15.4987148669753));
#9737=DIRECTION('',(0.0,0.0,1.0));
#9738=DIRECTION('',(-1.0,0.0,0.0));
#9739=DIRECTION('',(4.81514222733004E-17,-0.786372402342051,-0.617752737618209));
#9740=CARTESIAN_POINT('',(0.0,0.0,15.25));
#9741=DIRECTION('',(0.0,0.0,-1.0));
#9742=DIRECTION('',(-1.0,0.0,0.0));
#9743=DIRECTION('',(0.766044443118979,-9.38133875270274E-17,-0.642787609686538));
#9744=DIRECTION('',(-1.40720081290541E-16,-0.766044443118979,0.642787609686538));
#9745=CARTESIAN_POINT('',(0.0,0.0,15.0899210354892));
#9746=DIRECTION('',(0.0,0.0,1.0));
#9747=DIRECTION('',(1.0,0.0,0.0));
#9748=DIRECTION('',(-0.786372402342051,-9.63028445466007E-17,-0.617752737618209));
#9749=CARTESIAN_POINT('',(0.0,0.0,15.4987148669753));
#9750=DIRECTION('',(0.0,0.0,-1.0));
#9751=DIRECTION('',(1.0,0.0,0.0));
#9752=DIRECTION('',(-1.44454266819901E-16,0.786372402342051,-0.617752737618209));
#9753=CARTESIAN_POINT('',(0.0,0.0,15.25));
#9754=DIRECTION('',(0.0,0.0,1.0));
#9755=DIRECTION('',(1.0,0.0,0.0));
#9756=CARTESIAN_POINT('',(14.8847603097242,5.86889346657951,-17.5));
#9757=DIRECTION('',(0.36680584166122,-0.930297519357761,0.0));
#9758=DIRECTION('',(0.930297519357761,0.36680584166122,-0.0));
#9759=CARTESIAN_POINT('',(0.0,0.0,-15.9));
#9760=DIRECTION('',(0.0,0.0,1.0));
#9761=DIRECTION('',(-1.0,0.0,0.0));
#9762=CARTESIAN_POINT('',(0.0,0.0,-15.9));
#9763=DIRECTION('',(0.0,0.0,1.0));
#9764=DIRECTION('',(-1.0,0.0,0.0));
#9765=CARTESIAN_POINT('',(0.0,0.0,-17.5));
#9766=DIRECTION('',(0.0,0.0,-1.0));
#9767=DIRECTION('',(-1.0,0.0,0.0));
#9768=CARTESIAN_POINT('',(0.0,0.0,-17.5));
#9769=DIRECTION('',(0.0,0.0,-1.0));
#9770=DIRECTION('',(-1.0,0.0,0.0));
#9771=CARTESIAN_POINT('',(-15.4987400860619,3.97354448127825,-17.5));
#9772=DIRECTION('',(-0.248346530079891,-0.968671255378871,0.0));
#9773=DIRECTION('',(-0.968671255378871,0.248346530079891,-0.0));
#9774=CARTESIAN_POINT('',(0.0,0.0,-17.5));
#9775=DIRECTION('',(0.0,0.0,1.0));
#9776=DIRECTION('',(1.0,0.0,0.0));
#9777=CARTESIAN_POINT('',(0.0,0.0,-17.5));
#9778=DIRECTION('',(0.0,0.0,1.0));
#9779=DIRECTION('',(1.0,0.0,0.0));
#9780=CARTESIAN_POINT('',(0.0,0.0,-15.9));
#9781=DIRECTION('',(0.0,0.0,-1.0));
#9782=DIRECTION('',(1.0,0.0,0.0));
#9783=CARTESIAN_POINT('',(0.0,0.0,-15.9));
#9784=DIRECTION('',(0.0,0.0,-1.0));
#9785=DIRECTION('',(1.0,0.0,0.0));
#9786=DIRECTION('',(0.0,0.0,-1.0));
#9787=DIRECTION('',(0.0,0.0,-1.0));
#9788=CARTESIAN_POINT('',(0.0,0.0,-19.2928932188135));
#9789=DIRECTION('',(0.0,0.0,-1.0));
#9790=DIRECTION('',(-1.0,0.0,0.0));
#9791=CARTESIAN_POINT('',(0.0,0.0,-19.2928932188135));
#9792=DIRECTION('',(0.0,0.0,-1.0));
#9793=DIRECTION('',(-1.0,0.0,0.0));
#9794=DIRECTION('',(0.800000000000001,-9.79717439317883E-17,0.599999999999999));
#9795=CARTESIAN_POINT('',(0.0,0.0,-15.9));
#9796=DIRECTION('',(0.0,0.0,1.0));
#9797=DIRECTION('',(-1.0,0.0,0.0));
#9798=DIRECTION('',(-1.46957615897682E-16,0.800000000000001,0.599999999999999));
#9799=CARTESIAN_POINT('',(0.0,0.0,-15.09));
#9800=DIRECTION('',(0.0,0.0,1.0));
#9801=DIRECTION('',(-1.0,0.0,0.0));
#9802=CARTESIAN_POINT('',(0.0,0.0,-15.09));
#9803=DIRECTION('',(0.0,0.0,1.0));
#9804=DIRECTION('',(-1.0,0.0,0.0));
#9805=DIRECTION('',(0.0,0.0,1.0));
#9806=CARTESIAN_POINT('',(0.0,0.0,-19.2928932188135));
#9807=DIRECTION('',(0.0,0.0,1.0));
#9808=DIRECTION('',(1.0,0.0,0.0));
#9809=CARTESIAN_POINT('',(0.0,0.0,-19.2928932188135));
#9810=DIRECTION('',(0.0,0.0,1.0));
#9811=DIRECTION('',(1.0,0.0,0.0));
#9812=DIRECTION('',(0.0,0.0,1.0));
#9813=DIRECTION('',(-0.800000000000001,9.79717439317883E-17,0.599999999999999));
#9814=DIRECTION('',(-1.28649811974131E-16,-0.800000000000001,0.599999999999999));
#9815=CARTESIAN_POINT('',(0.0,0.0,-15.09));
#9816=DIRECTION('',(0.0,0.0,-1.0));
#9817=DIRECTION('',(1.0,0.0,0.0));
#9818=CARTESIAN_POINT('',(-14.8847603097242,5.86889346657952,17.5));
#9819=DIRECTION('',(-0.36680584166122,-0.930297519357761,0.0));
#9820=DIRECTION('',(-0.930297519357761,0.36680584166122,-0.0));
#9821=CARTESIAN_POINT('',(0.0,0.0,15.9));
#9822=DIRECTION('',(0.0,0.0,-1.0));
#9823=DIRECTION('',(1.0,0.0,0.0));
#9824=CARTESIAN_POINT('',(0.0,0.0,15.9));
#9825=DIRECTION('',(0.0,0.0,-1.0));
#9826=DIRECTION('',(1.0,0.0,0.0));
#9827=CARTESIAN_POINT('',(0.0,0.0,17.5));
#9828=DIRECTION('',(0.0,0.0,1.0));
#9829=DIRECTION('',(1.0,0.0,0.0));
#9830=CARTESIAN_POINT('',(0.0,0.0,17.5));
#9831=DIRECTION('',(0.0,0.0,1.0));
#9832=DIRECTION('',(1.0,0.0,0.0));
#9833=CARTESIAN_POINT('',(15.4987400860619,3.97354448127825,17.5));
#9834=DIRECTION('',(0.248346530079891,-0.968671255378871,0.0));
#9835=DIRECTION('',(0.968671255378871,0.248346530079891,-0.0));
#9836=CARTESIAN_POINT('',(0.0,0.0,17.5));
#9837=DIRECTION('',(0.0,0.0,-1.0));
#9838=DIRECTION('',(-1.0,0.0,0.0));
#9839=CARTESIAN_POINT('',(0.0,0.0,17.5));
#9840=DIRECTION('',(0.0,0.0,-1.0));
#9841=DIRECTION('',(-1.0,0.0,0.0));
#9842=CARTESIAN_POINT('',(0.0,0.0,15.9));
#9843=DIRECTION('',(0.0,0.0,1.0));
#9844=DIRECTION('',(-1.0,0.0,0.0));
#9845=CARTESIAN_POINT('',(0.0,0.0,15.9));
#9846=DIRECTION('',(0.0,0.0,1.0));
#9847=DIRECTION('',(-1.0,0.0,0.0));
#9848=DIRECTION('',(0.0,0.0,-1.0));
#9849=CARTESIAN_POINT('',(0.0,0.0,19.2928932188135));
#9850=DIRECTION('',(0.0,0.0,-1.0));
#9851=DIRECTION('',(-1.0,0.0,0.0));
#9852=CARTESIAN_POINT('',(0.0,0.0,19.2928932188135));
#9853=DIRECTION('',(0.0,0.0,-1.0));
#9854=DIRECTION('',(-1.0,0.0,0.0));
#9855=DIRECTION('',(0.0,0.0,-1.0));
#9856=DIRECTION('',(0.800000000000001,9.79717439317883E-17,-0.599999999999999));
#9857=DIRECTION('',(-1.28649811974131E-16,-0.800000000000001,-0.599999999999999));
#9858=CARTESIAN_POINT('',(0.0,0.0,15.09));
#9859=DIRECTION('',(0.0,0.0,1.0));
#9860=DIRECTION('',(-1.0,0.0,0.0));
#9861=DIRECTION('',(0.0,0.0,1.0));
#9862=DIRECTION('',(0.0,0.0,1.0));
#9863=CARTESIAN_POINT('',(0.0,0.0,19.2928932188135));
#9864=DIRECTION('',(0.0,0.0,1.0));
#9865=DIRECTION('',(1.0,0.0,0.0));
#9866=CARTESIAN_POINT('',(0.0,0.0,19.2928932188135));
#9867=DIRECTION('',(0.0,0.0,1.0));
#9868=DIRECTION('',(1.0,0.0,0.0));
#9869=DIRECTION('',(-0.800000000000001,-9.79717439317883E-17,-0.599999999999999));
#9870=CARTESIAN_POINT('',(0.0,0.0,15.9));
#9871=DIRECTION('',(0.0,0.0,-1.0));
#9872=DIRECTION('',(1.0,0.0,0.0));
#9873=DIRECTION('',(-1.46957615897682E-16,0.800000000000001,-0.599999999999999));
#9874=CARTESIAN_POINT('',(0.0,0.0,15.09));
#9875=DIRECTION('',(0.0,0.0,-1.0));
#9876=DIRECTION('',(1.0,0.0,0.0));
#9877=CARTESIAN_POINT('',(0.0,0.0,15.09));
#9878=DIRECTION('',(0.0,0.0,-1.0));
#9879=DIRECTION('',(1.0,0.0,0.0));
#9880=CARTESIAN_POINT('',(13.0759149069311,-3.35714899083979,-19.2928932188135));
#9881=DIRECTION('',(-0.24867770302517,-0.968586289402305,0.0));
#9882=DIRECTION('',(0.968586289402305,-0.24867770302517,0.0));
#9883=CARTESIAN_POINT('',(-3.14018491736769E-16,-1.88411095042061E-15,-19.6464466094067));
#9884=DIRECTION('',(1.01424973528416E-30,5.32907051820075E-15,-1.0));
#9885=DIRECTION('',(-1.0,1.90323947078598E-16,0.0));
#9886=CARTESIAN_POINT('',(-3.14018491736769E-16,-1.88411095042061E-15,-19.6464466094067));
#9887=DIRECTION('',(1.01424973528416E-30,5.32907051820075E-15,-1.0));
#9888=DIRECTION('',(-1.0,1.90323947078598E-16,0.0));
#9889=CARTESIAN_POINT('',(0.0,0.0,-19.2928932188135));
#9890=DIRECTION('',(0.0,0.0,-1.0));
#9891=DIRECTION('',(-1.0,0.0,0.0));
#9892=DIRECTION('',(0.707106781186545,-3.98939686006609E-15,0.70710678118655));
#9893=CARTESIAN_POINT('',(0.0,0.0,-20.0));
#9894=DIRECTION('',(0.0,0.0,-1.0));
#9895=DIRECTION('',(-1.0,0.0,0.0));
#9896=CARTESIAN_POINT('',(15.2073516633452,3.90210909475274,-14.85));
#9897=DIRECTION('',(-0.248541980557499,0.968621125053834,0.0));
#9898=DIRECTION('',(0.968621125053834,0.2485419805575,0.0));
#9899=CARTESIAN_POINT('',(0.0,0.0,-14.85));
#9900=DIRECTION('',(0.0,0.0,-1.0));
#9901=DIRECTION('',(-1.0,0.0,0.0));
#9902=CARTESIAN_POINT('',(0.0,0.0,-14.85));
#9903=DIRECTION('',(0.0,0.0,-1.0));
#9904=DIRECTION('',(-1.0,0.0,0.0));
#9905=CARTESIAN_POINT('',(0.0,0.0,-15.09));
#9906=DIRECTION('',(0.0,0.0,1.0));
#9907=DIRECTION('',(-1.0,0.0,0.0));
#9908=DIRECTION('',(0.0,0.0,-1.0));
#9909=CARTESIAN_POINT('',(0.0,0.0,-14.5));
#9910=DIRECTION('',(0.0,0.0,-1.0));
#9911=DIRECTION('',(-1.0,0.0,0.0));
#9912=DIRECTION('',(0.0,0.0,1.0));
#9913=CARTESIAN_POINT('',(15.8849601672073,4.07774943887385,-14.8601077025535));
#9914=DIRECTION('',(-0.248643258467918,0.968595132146789,0.0));
#9915=DIRECTION('',(0.968595132146789,0.248643258467918,0.0));
#9916=CARTESIAN_POINT('',(0.0,0.0,-15.0899210354892));
#9917=DIRECTION('',(0.0,0.0,-1.0));
#9918=DIRECTION('',(-1.0,0.0,0.0));
#9919=CARTESIAN_POINT('',(0.0,0.0,-14.8601077025535));
#9920=DIRECTION('',(0.0,0.0,-1.0));
#9921=DIRECTION('',(-1.0,0.0,0.0));
#9922=CARTESIAN_POINT('',(0.0,0.0,-14.8601077025535));
#9923=DIRECTION('',(0.0,0.0,-1.0));
#9924=DIRECTION('',(-1.0,0.0,0.0));
#9925=DIRECTION('',(-0.0,-0.0,1.0));
#9926=DIRECTION('',(0.0,0.0,1.0));
#9927=CARTESIAN_POINT('',(0.0,0.0,-14.5));
#9928=DIRECTION('',(0.0,0.0,-1.0));
#9929=DIRECTION('',(-1.0,0.0,0.0));
#9930=CARTESIAN_POINT('',(-13.0759149069311,-3.3571489908398,-19.2928932188135));
#9931=DIRECTION('',(-0.24867770302517,0.968586289402305,0.0));
#9932=DIRECTION('',(-0.968586289402305,-0.24867770302517,0.0));
#9933=CARTESIAN_POINT('',(3.14018491736769E-16,-1.88411095042061E-15,-19.6464466094067));
#9934=DIRECTION('',(1.01424973528416E-30,-5.32907051820075E-15,1.0));
#9935=DIRECTION('',(1.0,1.90323947078598E-16,0.0));
#9936=DIRECTION('',(-0.707106781186545,-3.816205648819E-15,0.70710678118655));
#9937=CARTESIAN_POINT('',(0.0,0.0,-20.0));
#9938=DIRECTION('',(0.0,0.0,1.0));
#9939=DIRECTION('',(1.0,0.0,0.0));
#9940=CARTESIAN_POINT('',(3.14018491736769E-16,-1.88411095042061E-15,-19.6464466094067));
#9941=DIRECTION('',(1.01424973528416E-30,-5.32907051820075E-15,1.0));
#9942=DIRECTION('',(1.0,1.90323947078598E-16,0.0));
#9943=CARTESIAN_POINT('',(-15.2073516633452,3.90210909475275,-14.85));
#9944=DIRECTION('',(-0.2485419805575,-0.968621125053834,0.0));
#9945=DIRECTION('',(-0.968621125053834,0.2485419805575,0.0));
#9946=CARTESIAN_POINT('',(0.0,0.0,-14.85));
#9947=DIRECTION('',(0.0,0.0,1.0));
#9948=DIRECTION('',(1.0,0.0,0.0));
#9949=CARTESIAN_POINT('',(0.0,0.0,-15.09));
#9950=DIRECTION('',(0.0,0.0,-1.0));
#9951=DIRECTION('',(1.0,0.0,0.0));
#9952=DIRECTION('',(0.0,0.0,1.0));
#9953=CARTESIAN_POINT('',(0.0,0.0,-14.85));
#9954=DIRECTION('',(0.0,0.0,1.0));
#9955=DIRECTION('',(1.0,0.0,0.0));
#9956=CARTESIAN_POINT('',(0.0,0.0,-14.5));
#9957=DIRECTION('',(0.0,0.0,1.0));
#9958=DIRECTION('',(1.0,0.0,0.0));
#9959=CARTESIAN_POINT('',(-15.8849601672073,4.07774943887385,-14.8601077025535));
#9960=DIRECTION('',(-0.248643258467919,-0.968595132146789,0.0));
#9961=DIRECTION('',(-0.968595132146789,0.248643258467918,0.0));
#9962=CARTESIAN_POINT('',(0.0,0.0,-14.8601077025535));
#9963=DIRECTION('',(0.0,0.0,1.0));
#9964=DIRECTION('',(1.0,0.0,0.0));
#9965=DIRECTION('',(0.0,-0.0,-1.0));
#9966=CARTESIAN_POINT('',(0.0,0.0,-14.5));
#9967=DIRECTION('',(0.0,0.0,1.0));
#9968=DIRECTION('',(1.0,0.0,0.0));
#9969=CARTESIAN_POINT('',(0.0,0.0,-14.8601077025535));
#9970=DIRECTION('',(0.0,0.0,1.0));
#9971=DIRECTION('',(1.0,0.0,0.0));
#9972=CARTESIAN_POINT('',(13.0759149069311,-3.3571489908398,19.2928932188135));
#9973=DIRECTION('',(0.24867770302517,0.968586289402305,0.0));
#9974=DIRECTION('',(0.968586289402305,-0.24867770302517,0.0));
#9975=CARTESIAN_POINT('',(-3.14018491736769E-16,-1.88411095042061E-15,19.6464466094067));
#9976=DIRECTION('',(-1.01424973528416E-30,-5.32907051820075E-15,-1.0));
#9977=DIRECTION('',(-1.0,1.90323947078598E-16,0.0));
#9978=DIRECTION('',(0.707106781186545,-3.816205648819E-15,-0.70710678118655));
#9979=CARTESIAN_POINT('',(0.0,0.0,20.0));
#9980=DIRECTION('',(0.0,0.0,-1.0));
#9981=DIRECTION('',(-1.0,0.0,0.0));
#9982=CARTESIAN_POINT('',(-3.14018491736769E-16,-1.88411095042061E-15,19.6464466094067));
#9983=DIRECTION('',(-1.01424973528416E-30,-5.32907051820075E-15,-1.0));
#9984=DIRECTION('',(-1.0,1.90323947078598E-16,0.0));
#9985=CARTESIAN_POINT('',(15.2073516633452,3.90210909475275,14.85));
#9986=DIRECTION('',(0.2485419805575,-0.968621125053834,-0.0));
#9987=DIRECTION('',(0.968621125053834,0.2485419805575,0.0));
#9988=CARTESIAN_POINT('',(0.0,0.0,14.85));
#9989=DIRECTION('',(0.0,0.0,-1.0));
#9990=DIRECTION('',(-1.0,0.0,0.0));
#9991=CARTESIAN_POINT('',(0.0,0.0,15.09));
#9992=DIRECTION('',(0.0,0.0,1.0));
#9993=DIRECTION('',(-1.0,0.0,0.0));
#9994=DIRECTION('',(0.0,0.0,-1.0));
#9995=CARTESIAN_POINT('',(0.0,0.0,14.85));
#9996=DIRECTION('',(0.0,0.0,-1.0));
#9997=DIRECTION('',(-1.0,0.0,0.0));
#9998=DIRECTION('',(0.0,0.0,1.0));
#9999=CARTESIAN_POINT('',(0.0,0.0,14.5));
#10000=DIRECTION('',(0.0,0.0,-1.0));
#10001=DIRECTION('',(-1.0,0.0,0.0));
#10002=CARTESIAN_POINT('',(15.8849601672073,4.07774943887385,14.8601077025535));
#10003=DIRECTION('',(0.248643258467919,-0.968595132146789,-0.0));
#10004=DIRECTION('',(0.968595132146789,0.248643258467918,0.0));
#10005=CARTESIAN_POINT('',(0.0,0.0,14.8601077025535));
#10006=DIRECTION('',(0.0,0.0,-1.0));
#10007=DIRECTION('',(-1.0,0.0,0.0));
#10008=DIRECTION('',(-0.0,-0.0,1.0));
#10009=CARTESIAN_POINT('',(0.0,0.0,14.5));
#10010=DIRECTION('',(0.0,0.0,-1.0));
#10011=DIRECTION('',(-1.0,0.0,0.0));
#10012=DIRECTION('',(0.0,0.0,1.0));
#10013=CARTESIAN_POINT('',(0.0,0.0,14.8601077025535));
#10014=DIRECTION('',(0.0,0.0,-1.0));
#10015=DIRECTION('',(-1.0,0.0,0.0));
#10016=DIRECTION('',(-0.0,-0.0,1.0));
#10017=CARTESIAN_POINT('',(0.0,0.0,-20.0));
#10018=DIRECTION('',(0.0,0.0,-1.0));
#10019=DIRECTION('',(-1.0,0.0,0.0));
#10020=CARTESIAN_POINT('',(1.19904086659517E-14,7.19424519957104E-14,-20.0));
#10021=DIRECTION('',(0.0,0.0,1.0));
#10022=DIRECTION('',(1.0,0.0,0.0));
#10023=CARTESIAN_POINT('',(0.0,0.0,-20.0));
#10024=DIRECTION('',(0.0,0.0,-1.0));
#10025=DIRECTION('',(-1.0,0.0,0.0));
#10026=DIRECTION('',(0.0,0.0,1.0));
#10027=CARTESIAN_POINT('',(0.0,0.0,20.0));
#10028=DIRECTION('',(0.0,0.0,-1.0));
#10029=DIRECTION('',(-1.0,0.0,0.0));
#10030=CARTESIAN_POINT('',(1.19904086659517E-14,7.19424519957104E-14,20.0));
#10031=DIRECTION('',(0.0,0.0,1.0));
#10032=DIRECTION('',(1.0,0.0,0.0));
#10033=DIRECTION('',(0.0,0.0,-1.0));
#10034=DIRECTION('',(0.0,0.0,1.0));
#10035=CARTESIAN_POINT('',(0.0,0.0,-15.25));
#10036=DIRECTION('',(0.0,0.0,-1.0));
#10037=DIRECTION('',(-1.0,0.0,0.0));
#10038=CARTESIAN_POINT('',(-13.0759149069311,-3.35714899083979,19.2928932188135));
#10039=DIRECTION('',(0.24867770302517,-0.968586289402305,-0.0));
#10040=DIRECTION('',(-0.968586289402305,-0.24867770302517,0.0));
#10041=CARTESIAN_POINT('',(3.14018491736769E-16,-1.88411095042061E-15,19.6464466094067));
#10042=DIRECTION('',(-1.01424973528416E-30,5.32907051820075E-15,1.0));
#10043=DIRECTION('',(1.0,1.90323947078598E-16,0.0));
#10044=CARTESIAN_POINT('',(3.14018491736769E-16,-1.88411095042061E-15,19.6464466094067));
#10045=DIRECTION('',(-1.01424973528416E-30,5.32907051820075E-15,1.0));
#10046=DIRECTION('',(1.0,1.90323947078598E-16,0.0));
#10047=CARTESIAN_POINT('',(0.0,0.0,19.2928932188135));
#10048=DIRECTION('',(0.0,0.0,1.0));
#10049=DIRECTION('',(1.0,0.0,0.0));
#10050=DIRECTION('',(-0.707106781186545,-3.98939686006609E-15,-0.70710678118655));
#10051=CARTESIAN_POINT('',(0.0,0.0,20.0));
#10052=DIRECTION('',(0.0,0.0,1.0));
#10053=DIRECTION('',(1.0,0.0,0.0));
#10054=CARTESIAN_POINT('',(-15.2073516633452,3.90210909475274,14.85));
#10055=DIRECTION('',(0.248541980557499,0.968621125053834,-0.0));
#10056=DIRECTION('',(-0.968621125053834,0.2485419805575,0.0));
#10057=CARTESIAN_POINT('',(0.0,0.0,14.85));
#10058=DIRECTION('',(0.0,0.0,1.0));
#10059=DIRECTION('',(1.0,0.0,0.0));
#10060=CARTESIAN_POINT('',(0.0,0.0,14.85));
#10061=DIRECTION('',(0.0,0.0,1.0));
#10062=DIRECTION('',(1.0,0.0,0.0));
#10063=CARTESIAN_POINT('',(0.0,0.0,15.09));
#10064=DIRECTION('',(0.0,0.0,-1.0));
#10065=DIRECTION('',(1.0,0.0,0.0));
#10066=DIRECTION('',(0.0,0.0,1.0));
#10067=CARTESIAN_POINT('',(0.0,0.0,14.5));
#10068=DIRECTION('',(0.0,0.0,1.0));
#10069=DIRECTION('',(1.0,0.0,0.0));
#10070=CARTESIAN_POINT('',(-15.8849601672073,4.07774943887385,14.8601077025535));
#10071=DIRECTION('',(0.248643258467918,0.968595132146789,-0.0));
#10072=DIRECTION('',(-0.968595132146789,0.248643258467918,0.0));
#10073=CARTESIAN_POINT('',(0.0,0.0,15.0899210354892));
#10074=DIRECTION('',(0.0,0.0,1.0));
#10075=DIRECTION('',(1.0,0.0,0.0));
#10076=CARTESIAN_POINT('',(0.0,0.0,14.8601077025535));
#10077=DIRECTION('',(0.0,0.0,1.0));
#10078=DIRECTION('',(1.0,0.0,0.0));
#10079=CARTESIAN_POINT('',(0.0,0.0,14.8601077025535));
#10080=DIRECTION('',(0.0,0.0,1.0));
#10081=DIRECTION('',(1.0,0.0,0.0));
#10082=DIRECTION('',(0.0,-0.0,-1.0));
#10083=CARTESIAN_POINT('',(0.0,0.0,14.5));
#10084=DIRECTION('',(0.0,0.0,1.0));
#10085=DIRECTION('',(1.0,0.0,0.0));
#10086=DIRECTION('',(0.0,-0.0,-1.0));
#10087=CARTESIAN_POINT('',(0.0,0.0,20.0));
#10088=DIRECTION('',(0.0,0.0,1.0));
#10089=DIRECTION('',(1.0,0.0,0.0));
#10090=CARTESIAN_POINT('',(-1.19904086659517E-14,7.19424519957104E-14,20.0));
#10091=DIRECTION('',(0.0,0.0,1.0));
#10092=DIRECTION('',(1.0,0.0,0.0));
#10093=CARTESIAN_POINT('',(0.0,0.0,20.0));
#10094=DIRECTION('',(0.0,0.0,1.0));
#10095=DIRECTION('',(1.0,0.0,0.0));
#10096=CARTESIAN_POINT('',(0.0,0.0,-20.0));
#10097=DIRECTION('',(0.0,0.0,1.0));
#10098=DIRECTION('',(1.0,0.0,0.0));
#10099=CARTESIAN_POINT('',(-1.19904086659517E-14,7.19424519957104E-14,-20.0));
#10100=DIRECTION('',(0.0,0.0,1.0));
#10101=DIRECTION('',(1.0,0.0,0.0));
#10102=DIRECTION('',(0.0,0.0,1.0));
#10103=CARTESIAN_POINT('',(0.0,0.0,15.25));
#10104=DIRECTION('',(0.0,0.0,1.0));
#10105=DIRECTION('',(1.0,0.0,0.0));
#10106=DIRECTION('',(0.0,0.0,1.0));
#10107=CARTESIAN_POINT('',(0.0,0.0,-15.25));
#10108=DIRECTION('',(0.0,0.0,1.0));
#10109=DIRECTION('',(1.0,0.0,0.0));
#10110=CARTESIAN_POINT('',(0.0,0.0,14.5));
#10111=DIRECTION('',(0.0,0.0,1.0));
#10112=DIRECTION('',(1.0,0.0,0.0));
#10113=CARTESIAN_POINT('',(0.0,0.0,14.5));
#10114=DIRECTION('',(0.0,0.0,-1.0));
#10115=DIRECTION('',(-1.0,0.0,0.0));
#10116=CARTESIAN_POINT('',(0.0,0.0,14.5));
#10117=DIRECTION('',(0.0,0.0,-1.0));
#10118=DIRECTION('',(-1.0,0.0,0.0));
#10119=CARTESIAN_POINT('',(0.0,0.0,14.5));
#10120=DIRECTION('',(0.0,0.0,1.0));
#10121=DIRECTION('',(1.0,0.0,0.0));
#10122=CARTESIAN_POINT('',(0.0,0.0,-20.0));
#10123=DIRECTION('',(0.0,0.0,1.0));
#10124=DIRECTION('',(1.0,0.0,0.0));
#10125=CARTESIAN_POINT('',(-1.19904086659517E-14,7.19424519957104E-14,-20.0));
#10126=DIRECTION('',(0.0,0.0,1.0));
#10127=DIRECTION('',(1.0,0.0,0.0));
#10128=CARTESIAN_POINT('',(0.0,0.0,-20.0));
#10129=DIRECTION('',(0.0,0.0,1.0));
#10130=DIRECTION('',(1.0,0.0,0.0));
#10131=DIRECTION('',(0.0,0.0,1.0));
#10132=CARTESIAN_POINT('',(0.0,0.0,20.0));
#10133=DIRECTION('',(0.0,0.0,1.0));
#10134=DIRECTION('',(1.0,0.0,0.0));
#10135=CARTESIAN_POINT('',(-1.19904086659517E-14,7.19424519957104E-14,20.0));
#10136=DIRECTION('',(0.0,0.0,1.0));
#10137=DIRECTION('',(1.0,0.0,0.0));
#10138=DIRECTION('',(0.0,0.0,1.0));
#10139=CARTESIAN_POINT('',(0.0,0.0,14.8601077025535));
#10140=DIRECTION('',(0.0,0.0,1.0));
#10141=DIRECTION('',(1.0,0.0,0.0));
#10142=CARTESIAN_POINT('',(0.0,0.0,15.0899210354892));
#10143=DIRECTION('',(0.0,0.0,1.0));
#10144=DIRECTION('',(1.0,0.0,0.0));
#10145=CARTESIAN_POINT('',(0.0,0.0,14.85));
#10146=DIRECTION('',(0.0,0.0,1.0));
#10147=DIRECTION('',(1.0,0.0,0.0));
#10148=DIRECTION('',(0.0,0.0,1.0));
#10149=CARTESIAN_POINT('',(3.14018491736769E-16,-1.88411095042061E-15,19.6464466094067));
#10150=DIRECTION('',(-1.01424973528416E-30,5.32907051820075E-15,1.0));
#10151=DIRECTION('',(1.0,1.90323947078598E-16,0.0));
#10152=CARTESIAN_POINT('',(0.0,0.0,15.25));
#10153=DIRECTION('',(0.0,0.0,-1.0));
#10154=DIRECTION('',(-1.0,0.0,0.0));
#10155=CARTESIAN_POINT('',(0.0,0.0,20.0));
#10156=DIRECTION('',(0.0,0.0,-1.0));
#10157=DIRECTION('',(-1.0,0.0,0.0));
#10158=CARTESIAN_POINT('',(1.19904086659517E-14,7.19424519957104E-14,20.0));
#10159=DIRECTION('',(0.0,0.0,1.0));
#10160=DIRECTION('',(1.0,0.0,0.0));
#10161=CARTESIAN_POINT('',(0.0,0.0,20.0));
#10162=DIRECTION('',(0.0,0.0,-1.0));
#10163=DIRECTION('',(-1.0,0.0,0.0));
#10164=CARTESIAN_POINT('',(0.0,0.0,-20.0));
#10165=DIRECTION('',(0.0,0.0,-1.0));
#10166=DIRECTION('',(-1.0,0.0,0.0));
#10167=CARTESIAN_POINT('',(1.19904086659517E-14,7.19424519957104E-14,-20.0));
#10168=DIRECTION('',(0.0,0.0,1.0));
#10169=DIRECTION('',(1.0,0.0,0.0));
#10170=CARTESIAN_POINT('',(0.0,0.0,14.8601077025535));
#10171=DIRECTION('',(0.0,0.0,-1.0));
#10172=DIRECTION('',(-1.0,0.0,0.0));
#10173=CARTESIAN_POINT('',(0.0,0.0,15.0899210354892));
#10174=DIRECTION('',(0.0,0.0,-1.0));
#10175=DIRECTION('',(-1.0,0.0,0.0));
#10176=CARTESIAN_POINT('',(0.0,0.0,14.85));
#10177=DIRECTION('',(0.0,0.0,-1.0));
#10178=DIRECTION('',(-1.0,0.0,0.0));
#10179=CARTESIAN_POINT('',(0.0,0.0,15.09));
#10180=DIRECTION('',(0.0,0.0,1.0));
#10181=DIRECTION('',(-1.0,0.0,0.0));
#10182=CARTESIAN_POINT('',(-3.14018491736769E-16,-1.88411095042061E-15,19.6464466094067));
#10183=DIRECTION('',(-1.01424973528416E-30,-5.32907051820075E-15,-1.0));
#10184=DIRECTION('',(-1.0,1.90323947078598E-16,0.0));
#10185=CARTESIAN_POINT('',(0.0,0.0,19.2928932188135));
#10186=DIRECTION('',(0.0,0.0,-1.0));
#10187=DIRECTION('',(-1.0,0.0,0.0));
#10188=CARTESIAN_POINT('',(0.0,0.0,-14.5));
#10189=DIRECTION('',(0.0,0.0,-1.0));
#10190=DIRECTION('',(-1.0,0.0,0.0));
#10191=CARTESIAN_POINT('',(0.0,0.0,-14.5));
#10192=DIRECTION('',(0.0,0.0,1.0));
#10193=DIRECTION('',(1.0,0.0,0.0));
#10194=CARTESIAN_POINT('',(0.0,0.0,-14.5));
#10195=DIRECTION('',(0.0,0.0,1.0));
#10196=DIRECTION('',(1.0,0.0,0.0));
#10197=CARTESIAN_POINT('',(0.0,0.0,-14.5));
#10198=DIRECTION('',(0.0,0.0,-1.0));
#10199=DIRECTION('',(-1.0,0.0,0.0));
#10200=CARTESIAN_POINT('',(0.0,0.0,-14.8601077025535));
#10201=DIRECTION('',(0.0,0.0,1.0));
#10202=DIRECTION('',(1.0,0.0,0.0));
#10203=DIRECTION('',(0.0,0.0,1.0));
#10204=CARTESIAN_POINT('',(0.0,0.0,-15.0899210354892));
#10205=DIRECTION('',(0.0,0.0,1.0));
#10206=DIRECTION('',(1.0,0.0,0.0));
#10207=DIRECTION('',(0.0,0.0,1.0));
#10208=CARTESIAN_POINT('',(0.0,0.0,-14.85));
#10209=DIRECTION('',(0.0,0.0,1.0));
#10210=DIRECTION('',(1.0,0.0,0.0));
#10211=CARTESIAN_POINT('',(0.0,0.0,-15.09));
#10212=DIRECTION('',(0.0,0.0,-1.0));
#10213=DIRECTION('',(1.0,0.0,0.0));
#10214=CARTESIAN_POINT('',(3.14018491736769E-16,-1.88411095042061E-15,-19.6464466094067));
#10215=DIRECTION('',(1.01424973528416E-30,-5.32907051820075E-15,1.0));
#10216=DIRECTION('',(1.0,1.90323947078598E-16,0.0));
#10217=CARTESIAN_POINT('',(0.0,0.0,-19.2928932188135));
#10218=DIRECTION('',(0.0,0.0,1.0));
#10219=DIRECTION('',(1.0,0.0,0.0));
#10220=CARTESIAN_POINT('',(0.0,0.0,-14.8601077025535));
#10221=DIRECTION('',(0.0,0.0,-1.0));
#10222=DIRECTION('',(-1.0,0.0,0.0));
#10223=CARTESIAN_POINT('',(0.0,0.0,-15.0899210354892));
#10224=DIRECTION('',(0.0,0.0,-1.0));
#10225=DIRECTION('',(-1.0,0.0,0.0));
#10226=CARTESIAN_POINT('',(0.0,0.0,-14.85));
#10227=DIRECTION('',(0.0,0.0,-1.0));
#10228=DIRECTION('',(-1.0,0.0,0.0));
#10229=CARTESIAN_POINT('',(-3.14018491736769E-16,-1.88411095042061E-15,-19.6464466094067));
#10230=DIRECTION('',(1.01424973528416E-30,5.32907051820075E-15,-1.0));
#10231=DIRECTION('',(-1.0,1.90323947078598E-16,0.0));
#10232=DIRECTION('',(0.0,0.0,1.0));
#10233=CARTESIAN_POINT('',(0.0,0.0,17.5));
#10234=DIRECTION('',(0.0,0.0,1.0));
#10235=DIRECTION('',(1.0,0.0,0.0));
#10236=CARTESIAN_POINT('',(-3.94341643813364,14.4723690802666,19.0));
#10237=DIRECTION('',(0.0,0.0,-1.0));
#10238=DIRECTION('',(0.971708219066822,-0.236184540133312,0.0));
#10239=DIRECTION('',(0.0,0.0,-1.0));
#10240=DIRECTION('',(0.0,0.0,-1.0));
#10241=CARTESIAN_POINT('',(-3.94341643813364,-14.4723690802666,19.0));
#10242=DIRECTION('',(0.0,0.0,-1.0));
#10243=DIRECTION('',(0.262894429208909,0.964824605351108,0.0));
#10244=CARTESIAN_POINT('',(0.0,0.0,15.9));
#10245=DIRECTION('',(0.0,0.0,1.0));
#10246=DIRECTION('',(-1.0,0.0,0.0));
#10247=CARTESIAN_POINT('',(0.0,0.0,17.5));
#10248=DIRECTION('',(0.0,0.0,-1.0));
#10249=DIRECTION('',(-1.0,0.0,0.0));
#10250=DIRECTION('',(0.0,0.0,-1.0));
#10251=CARTESIAN_POINT('',(3.94341643813364,14.4723690802666,17.5));
#10252=DIRECTION('',(0.0,0.0,1.0));
#10253=DIRECTION('',(-0.971708219066822,-0.236184540133314,0.0));
#10254=DIRECTION('',(0.0,0.0,-1.0));
#10255=DIRECTION('',(0.0,0.0,-1.0));
#10256=CARTESIAN_POINT('',(3.94341643813364,-14.4723690802666,17.5));
#10257=DIRECTION('',(0.0,0.0,1.0));
#10258=DIRECTION('',(-0.262894429208909,0.964824605351108,0.0));
#10259=CARTESIAN_POINT('',(0.0,0.0,-15.9));
#10260=DIRECTION('',(0.0,0.0,-1.0));
#10261=DIRECTION('',(1.0,0.0,0.0));
#10262=CARTESIAN_POINT('',(0.0,0.0,-17.5));
#10263=DIRECTION('',(0.0,0.0,1.0));
#10264=DIRECTION('',(1.0,0.0,0.0));
#10265=DIRECTION('',(0.0,0.0,1.0));
#10266=CARTESIAN_POINT('',(-3.94341643813365,14.4723690802666,-17.5));
#10267=DIRECTION('',(0.0,0.0,-1.0));
#10268=DIRECTION('',(0.971708219066823,-0.236184540133312,0.0));
#10269=DIRECTION('',(0.0,0.0,-1.0));
#10270=CARTESIAN_POINT('',(-3.94341643813364,-14.4723690802666,-19.0));
#10271=DIRECTION('',(0.0,-0.0,1.0));
#10272=DIRECTION('',(0.971708219066822,0.236184540133312,0.0));
#10273=DIRECTION('',(0.0,0.0,-1.0));
#10274=DIRECTION('',(0.0,0.0,-1.0));
#10275=CARTESIAN_POINT('',(0.0,0.0,-17.5));
#10276=DIRECTION('',(0.0,0.0,-1.0));
#10277=DIRECTION('',(-1.0,0.0,0.0));
#10278=CARTESIAN_POINT('',(3.94341643813364,14.4723690802666,-19.0));
#10279=DIRECTION('',(0.0,0.0,1.0));
#10280=DIRECTION('',(-0.971708219066822,-0.236184540133314,0.0));
#10281=DIRECTION('',(0.0,0.0,-1.0));
#10282=CARTESIAN_POINT('',(3.94341643813365,-14.4723690802666,-17.5));
#10283=DIRECTION('',(0.0,0.0,-1.0));
#10284=DIRECTION('',(-0.971708219066823,0.23618454013331,0.0));
#10285=DIRECTION('',(0.0,0.0,-1.0));
#10286=CARTESIAN_POINT('',(0.0,0.0,15.4824524995969));
#10287=DIRECTION('',(0.0,0.0,1.0));
#10288=DIRECTION('',(1.0,0.0,0.0));
#10289=CARTESIAN_POINT('',(0.0,0.0,15.4824524995969));
#10290=DIRECTION('',(0.0,0.0,-1.0));
#10291=DIRECTION('',(-1.0,0.0,0.0));
#10292=CARTESIAN_POINT('',(0.0,0.0,-15.4987148669753));
#10293=DIRECTION('',(0.0,0.0,-1.0));
#10294=DIRECTION('',(1.0,0.0,0.0));
#10295=CARTESIAN_POINT('',(0.0,0.0,-15.4987148669753));
#10296=DIRECTION('',(0.0,0.0,1.0));
#10297=DIRECTION('',(-1.0,0.0,0.0));
#10298=CARTESIAN_POINT('',(2.0,14.0,19.0));
#10299=DIRECTION('',(0.0,-1.0,0.0));
#10300=DIRECTION('',(1.0,0.0,0.0));
#10301=DIRECTION('',(0.0,-1.0,0.0));
#10302=DIRECTION('',(0.0,-1.0,0.0));
#10303=CARTESIAN_POINT('',(2.0,14.0,-19.0));
#10304=DIRECTION('',(0.0,-1.0,0.0));
#10305=DIRECTION('',(0.0,0.0,-1.0));
#10306=DIRECTION('',(0.0,0.0,-1.0));
#10307=CARTESIAN_POINT('',(2.0,14.0,19.0));
#10308=DIRECTION('',(0.0,0.0,-1.0));
#10309=DIRECTION('',(1.0,0.0,0.0));
#10310=CARTESIAN_POINT('',(2.0,14.0,-19.0));
#10311=DIRECTION('',(0.0,0.0,-1.0));
#10312=DIRECTION('',(1.0,0.0,0.0));
#10313=DIRECTION('',(0.0,0.0,-1.0));
#10314=CARTESIAN_POINT('',(2.0,14.0,19.0));
#10315=DIRECTION('',(1.0,1.38777878078145E-16,-0.0));
#10316=DIRECTION('',(-1.38777878078145E-16,1.0,0.0));
#10317=CARTESIAN_POINT('',(2.0,14.0,-19.0));
#10318=DIRECTION('',(-1.0,-8.32667268468867E-16,-0.0));
#10319=DIRECTION('',(-8.32667268468867E-16,1.0,0.0));
#10320=DIRECTION('',(0.0,0.0,-1.0));
#10321=DIRECTION('',(1.0,0.0,0.0));
#10322=DIRECTION('',(1.0,0.0,0.0));
#10323=DIRECTION('',(0.0,0.0,-1.0));
#10324=CARTESIAN_POINT('',(-2.0,14.0,19.0));
#10325=DIRECTION('',(1.0,0.0,0.0));
#10326=DIRECTION('',(0.0,1.0,0.0));
#10327=DIRECTION('',(1.0,0.0,0.0));
#10328=DIRECTION('',(1.0,0.0,0.0));
#10329=CARTESIAN_POINT('',(-2.0,14.0,-19.0));
#10330=DIRECTION('',(1.0,0.0,0.0));
#10331=DIRECTION('',(0.0,0.0,-1.0));
#10332=CARTESIAN_POINT('',(-2.0,14.0,19.0));
#10333=DIRECTION('',(0.0,0.0,-1.0));
#10334=DIRECTION('',(0.0,1.0,0.0));
#10335=CARTESIAN_POINT('',(-2.0,14.0,-19.0));
#10336=DIRECTION('',(0.0,0.0,-1.0));
#10337=DIRECTION('',(0.0,1.0,0.0));
#10338=CARTESIAN_POINT('',(-2.0,14.0,19.0));
#10339=DIRECTION('',(5.55111512312579E-17,1.0,-0.0));
#10340=DIRECTION('',(-1.0,5.55111512312579E-17,0.0));
#10341=CARTESIAN_POINT('',(-2.0,14.0,-19.0));
#10342=DIRECTION('',(1.66533453693774E-16,-1.0,0.0));
#10343=DIRECTION('',(-1.0,-1.66533453693774E-16,-0.0));
#10344=DIRECTION('',(0.0,1.0,0.0));
#10345=DIRECTION('',(0.0,1.0,0.0));
#10346=DIRECTION('',(0.0,-1.0,0.0));
#10347=CARTESIAN_POINT('',(2.0,-14.0,19.0));
#10348=DIRECTION('',(0.0,-1.0,0.0));
#10349=DIRECTION('',(0.0,0.0,1.0));
#10350=CARTESIAN_POINT('',(2.0,-14.0,-19.0));
#10351=DIRECTION('',(0.0,-1.0,0.0));
#10352=DIRECTION('',(1.0,0.0,0.0));
#10353=DIRECTION('',(0.0,-1.0,0.0));
#10354=CARTESIAN_POINT('',(2.0,-14.0,19.0));
#10355=DIRECTION('',(0.0,0.0,-1.0));
#10356=DIRECTION('',(0.0,-1.0,0.0));
#10357=DIRECTION('',(0.0,0.0,-1.0));
#10358=DIRECTION('',(0.0,0.0,-1.0));
#10359=CARTESIAN_POINT('',(2.0,-14.0,-19.0));
#10360=DIRECTION('',(0.0,0.0,-1.0));
#10361=DIRECTION('',(0.0,-1.0,0.0));
#10362=CARTESIAN_POINT('',(2.0,-14.0,19.0));
#10363=DIRECTION('',(-1.0,-4.71844785465692E-16,0.0));
#10364=DIRECTION('',(4.71844785465692E-16,-1.0,0.0));
#10365=CARTESIAN_POINT('',(2.0,-14.0,-19.0));
#10366=DIRECTION('',(1.0,2.22044604925031E-16,0.0));
#10367=DIRECTION('',(2.22044604925031E-16,-1.0,-0.0));
#10368=DIRECTION('',(0.0,0.0,-1.0));
#10369=DIRECTION('',(1.0,0.0,0.0));
#10370=DIRECTION('',(0.0,0.0,-1.0));
#10371=DIRECTION('',(1.0,0.0,0.0));
#10372=DIRECTION('',(1.0,0.0,0.0));
#10373=CARTESIAN_POINT('',(-2.0,-14.0,19.0));
#10374=DIRECTION('',(1.0,0.0,-0.0));
#10375=DIRECTION('',(0.0,0.0,1.0));
#10376=CARTESIAN_POINT('',(-2.0,-14.0,-19.0));
#10377=DIRECTION('',(1.0,0.0,0.0));
#10378=DIRECTION('',(0.0,-1.0,0.0));
#10379=DIRECTION('',(1.0,0.0,0.0));
#10380=CARTESIAN_POINT('',(-2.0,-14.0,19.0));
#10381=DIRECTION('',(0.0,0.0,-1.0));
#10382=DIRECTION('',(-1.0,0.0,0.0));
#10383=CARTESIAN_POINT('',(-2.0,-14.0,-19.0));
#10384=DIRECTION('',(0.0,0.0,-1.0));
#10385=DIRECTION('',(-1.0,0.0,0.0));
#10386=CARTESIAN_POINT('',(-2.0,-14.0,19.0));
#10387=DIRECTION('',(2.77555756156289E-17,1.0,-0.0));
#10388=DIRECTION('',(-1.0,2.77555756156289E-17,0.0));
#10389=CARTESIAN_POINT('',(-2.0,-14.0,-19.0));
#10390=DIRECTION('',(2.77555756156289E-17,-1.0,0.0));
#10391=DIRECTION('',(-1.0,-2.77555756156289E-17,0.0));
#10392=DIRECTION('',(0.0,1.0,0.0));
#10393=DIRECTION('',(0.0,1.0,0.0));
ENDSEC;
END-ISO-10303-21;
